title,link,published,published_dt
XRPL’s $1.34 billion stablecoin base doesn’t tell us how much XRP users need - CryptoSlate,https://news.google.com/rss/articles/CBMinwFBVV95cUxOU3R2ZXRoS3pwdnE5UlBHbWMzVWNUYktBanFmRGFiSC1ad29GcTZRdndRNW52TFRGbzFqME84Z2p5R0tLeUtUeE9HRS1aR1duV2JWMWh0VTBYdXhZWFhGZzRicVlFNExYT3R6bDZtYWJLNmxvUHlpdl96b0NLUXgxLU9Wd2VyMG5Xbk9SZ1FJbEY1UVRXYW9sTjFuN2tJQ2c?oc=5,"Fri, 09 Oct 2026 01:00:56 GMT",2026-10-09 01:00:56+00:00
Solana Price Forecast After Samsung Stablecoin Partnership With SOL - Bitget,https://news.google.com/rss/articles/CBMiY0FVX3lxTFBhZS1DYjRNeDBmVFlWbUhMdGswRFlFLTZVNTY5QWlQazlzNjdXUzYtdmlVTWQ0U2x0SC1qS1VSUGc0d3dtTFBmWlgwY000bUlQOUJKczNla0dPaVdjR0FNeTZrONIBY0FVX3lxTFBhZS1DYjRNeDBmVFlWbUhMdGswRFlFLTZVNTY5QWlQazlzNjdXUzYtdmlVTWQ0U2x0SC1qS1VSUGc0d3dtTFBmWlgwY000bUlQOUJKczNla0dPaVdjR0FNeTZrOA?oc=5,"Fri, 09 Oct 2026 00:21:30 GMT",2026-10-09 00:21:30+00:00
Anyflo emerges from stealth to simplify stablecoin payments for enterprises - Finextra Research,https://news.google.com/rss/articles/CBMiugFBVV95cUxPYUNSM01wRS1fX3MyNWRGZzU3SjBGM0R1aWtTSEItMjZLQWxodXdXR0xCMlJ0ZkphVm9NY0ZZR1dzTjNGMlNOaW41aWhlVnJpUDZyemYtSjk3OUVVbnZZNm9yRXVQazhkSWZ3bTNrODFmWnB0X0Z2cG1FZXdHRzUxRjdoUmQyUnZISGQzOGFROURldG5WMnR1aFN3N3huOUl3TV9MSGxjM28yOHd4S0Q0SkFKaWUyX2lHUmc?oc=5,"Thu, 08 Oct 2026 23:34:12 GMT",2026-10-08 23:34:12+00:00
JPMorgan Chase (JPM) Puts JLTXX On Ethereum As Stablecoin Reserve Rules Near - Simply Wall Street,https://news.google.com/rss/articles/CBMixgFBVV95cUxOSXo5UTlXVW5HYVhQNVdpT3pWQW44VUZDcUpyT3NJQU9DMmV1MWVzdkM0Q2VXTW5nNTlMQjVlT0t3NjJYcF9nLXZndkxYTXFUUGtnTldya2pzTldQeE9qbmpTOVktcnpLSFlKOWhkcmJydmFWR3pVWWRGNW9BVTlLZ1h1NFZMdDZ0bHFsZGF4ZGdveWw1cFJkc01YcUxkZU5QMjgxZ1RoczFBY3VWX2RYeDhGVzhmMi1GSzZLbXFlNGpFbWV5WnfSAcsBQVVfeXFMUFV6YVA1RVZWSzBmZ3NDTlNHc2NqYWplUmNWU1NYQzVWWGJMRkdXMmNNcF9TMW93dmF4dFpsRDdzQlR0Q1NIeDg0R0J5eFpxcEp1RkNRRlJHOGpvWFlkdXhoaGtkb2ttVnYyckNZbkNaSWVqbDZIaDViYXdjcy1YMUY4VlZGSzNDdWhKZGxyLXZtVC1lOW90RVhYdkxGV0lERm5DcXRsU1ExSDFoajFnOUU4aUU0LTd3cnV5X2d4TmNUeFZ0ancxSlVwdVE?oc=5,"Thu, 08 Oct 2026 22:38:35 GMT",2026-10-08 22:38:35+00:00
Visa (V) Stock May Be 13% Undervalued On Stablecoin Settlement Push - Yahoo Finance,https://news.google.com/rss/articles/CBMijAFBVV95cUxQeXRrQkNMb0UyZGhZa3U0bUlTTGZuRmJkdmpNb25iTTE1d1ItMy02WHd0ZkpXY3VzaS1ZMXAwYU9RT1BXdkJ5VjNEb2pxU3FWNjdKTmtSVzZHenliVTV4V014LTJ3SmNRUjNfTXZUZURPY0w2anNTUVFjelFnUVllNVdZbnhiMXpOcXJ6Sg?oc=5,"Thu, 08 Oct 2026 22:12:47 GMT",2026-10-08 22:12:47+00:00
82 Million Samsung Galaxy Devices Could Soon Get Native Solana Stablecoin Transfers - CryptoPotato,https://news.google.com/rss/articles/CBMirgFBVV95cUxPRmF3bFlvNjJoZG9ReENpeDdSUnZ0a1RiWTVobEZUdWpBRlV4aE5Oc3UtcHBnRlo5YjdxU3BPVlZTZkRkNHpHODZOeURDM0RZYUwxY3F2RTBnZjRzcFpxN3dmbHBCOWFyR0lHTGdERHgtcGpWYm5YSm1NcUg4TGo1eFRQdUc0VzBxYXVLY3JJbF9ERWVteUMwN1BickYybXVkb3JZUWMyb1dDNDV2cGc?oc=5,"Thu, 08 Oct 2026 22:03:00 GMT",2026-10-08 22:03:00+00:00
Samsung Wallet will soon get stablecoin support in the US - Neowin,https://news.google.com/rss/articles/CBMijwFBVV95cUxPY29aMldzUS1KS2ZJaV9Kb1YwM09ZQXFmUXpINHVRR3FISHgwMFh1Q25JTEo1ZDdjOFFjREpHS0ludXctSzNlamlFQ2dFNldXRWdCak5iblc1OERmMldzRTdpelhvX0diblZ1c2ktY0dkNjRVajRxWWstNnc5OG5tZ0pvTXM1ZkRjQnc4RXBKYw?oc=5,"Thu, 08 Oct 2026 21:28:00 GMT",2026-10-08 21:28:00+00:00
SAP and Samsung Shift Stablecoin Competition From Issuance to Distribution - PYMNTS.com,https://news.google.com/rss/articles/CBMitAFBVV95cUxNTDlRd3Jxb1VWQ1BqSXNJWmcyTVE0UEp2MkRFRGdtY1NRNEc0bF9DZmZiMTJBcWp5cW1hU2pkRkdxM0JCUzRwN21sZ2xLMVJrQkFCZV9ZemxFUkVqMkhhcTdnOWRLRGN3bW9nRkhwMFdtQTFCRmlZTmkxb1drdjNnUkNndXJHUGRoVDdfMjlraDVrTy1tdkNZc0REclRLdWNMbTFUSTdtRUktYjNwcnJfQUhZRzU?oc=5,"Thu, 08 Oct 2026 21:11:35 GMT",2026-10-08 21:11:35+00:00
Samsung gives its payment app a stablecoin-friendly tweak - American Banker,https://news.google.com/rss/articles/CBMirwFBVV95cUxPNUFXZmk5TWljakRTbXAzekh3elhuNkJqeUlKZVdyZVhPOTFucjRxQUR3Q3FYcEV0T2VtaTdmWm5ySjFPaDRMYkVyUGRveUxNYmVJb2N0dVdhMUFCMm1XZ2Z6WFVaMXR2QkhxVS1MbWUycUtIdzdvU2s1M0ppNnowRWFRWVY0SjEzZC04bEIwMDk0QTRKandCaE14SkVJblBtZ1QyRU1TblE4MU9sWVc0?oc=5,"Thu, 08 Oct 2026 20:48:00 GMT",2026-10-08 20:48:00+00:00
"Stablecoins Bring New Opportunities, New Scrutiny As NCUA Proposes Reporting Rules - CU Today",https://news.google.com/rss/articles/CBMiugFBVV95cUxORjA5M25yTkJyN19DU3hFNjh6OUdLTi1MUmZYbXBzSWN1ak9qWlphS3Z5dnprWk5Ob29XSUxUdElhdHhVVV9uaE5mWkE1Z2IzZy1HcW43N3RVTFBhQXNONjNRbUVLc0NYOTJFay0wTFBRcUV5NWhuSVVXcVh5WjJEM1oyam02V1hYd0ZBNnlTMFAxajZaemtabGp3NWlmUFF1bFg2UmpTcTlVSnV0UWJad2xqMkFpbnI0cFE?oc=5,"Thu, 08 Oct 2026 20:30:45 GMT",2026-10-08 20:30:45+00:00
"Solana Brags 14 Million Stablecoin Holders, So Why Is SOL Falling? - Bitcoin Foundation",https://news.google.com/rss/articles/CBMirgFBVV95cUxNaHJOaW9JQmpxODFLakJTY2hhN1Qwd1M0aG1QZ3JwMEFDQzlScDJ4SmpIekk0SXN3SkVpUXdIVG5JTTlxclAxenNCVXlPMzlqenpiQ0lOcm54aDhmRENiS1F2QUt4cWFhckxtc1dJOUNta1BpUldyT0hoWHQ1VFhWYVlvN19KNzRGTTBNTkRSVzYzZ25Sb2EzTU5WLXlFTl9zdzF1WE9WUWdVSFlYSFE?oc=5,"Thu, 08 Oct 2026 20:09:59 GMT",2026-10-08 20:09:59+00:00
EU Stablecoin Regulation Tightens as Crypto Firms Face Deadline - CryptoRank,https://news.google.com/rss/articles/CBMiowFBVV95cUxNYk9NSlMxX2w2SS02LVhvZWhuUE1HODdoaWEyem5ZRXNfeHEzYWM0V0lZWlFBTUNKM3A4NkUzcWp2cjZOY1kxQThpa1lFYTNCWFUwX2dVbmNRT1pQTTVhQUJjMVV6SnpOWU5UdDJReklMR25ISXFPNm5oeUF2Rkt4cXFMS2JKNzZOb19OWEp2Z2FxT0FPclEyZTNydm5uUUI4cV9n?oc=5,"Thu, 08 Oct 2026 19:39:46 GMT",2026-10-08 19:39:46+00:00
Why APAC is winning the stablecoin race | CoinDesk Videos - CoinDesk,https://news.google.com/rss/articles/CBMiekFVX3lxTFBjZ2cxQWVLenFBZmtXc0NrRVJKcTJLeFVPUWNmY0VoT0lQZVNxUXhhM2Rub0hQZ291UVRoWEVzNnloZjlFalpJbUNZZHQ3QnM4QlRON181dENLSEtUcDlieEo1RWhRNFVMTjdXZ3Y3Y0dpSjdWSHBoTk5n?oc=5,"Thu, 08 Oct 2026 19:00:00 GMT",2026-10-08 19:00:00+00:00
Coinbase and Samsung Team to Bring Stablecoins to Digital Wallets - PYMNTS.com,https://news.google.com/rss/articles/CBMirgFBVV95cUxPSUZpektjZTBGUW0xSERqdzFvc254V3BYU2JZT1Fod0x1NnZXbWlMeUNtdGs4cEY1cXFGRWpxNVczWDFQZmh5cmY1R0VFWi1rTGdodGhoakV1R1pLNDluTHVtSi1fQlZlV3NYaXdoYTFsblRVNE9JOVEwZ3FrWXFmbXBOQnc4elRrM2xQeUFzZGNjUmwxNWpPVW9VRzZ3bnN4bVpYNmZJYlJuZGR4VWc?oc=5,"Thu, 08 Oct 2026 18:31:36 GMT",2026-10-08 18:31:36+00:00
Samsung Adds Stablecoin Transfers for Cross-Border Remittances - PaymentsJournal,https://news.google.com/rss/articles/CBMimwFBVV95cUxQbFJJRXc2Mk16dm5EVmhDTUE1dVZuLWhKZFJmT21wZXdyVFZrVERzTzV4MThYYnZiSGcyT1lHRHRFUnJKSTFpZHdkQWZuRDJyYXF1dU5XRUItZXM3STdPS0RQdFBEdVNoUHJWMkQyRVozZXEyUEFjUDZvVU1ORkxQekxhX2xWVzh2aGZ0RGNGN200dDNZdVhwTTR1QdIBoAFBVV95cUxNa19jTWsxanBsNmF0dnhfa09SUWhIX2VFSlY1Wlo3UWdjRFJlVTVDblg0a0w0YmNLWWhOUEcxTHBfM1dYU01RT3o4bW1uMVJqQ2toeEE1dFBRVGFsXy0wTHhqRUpPOFdUR0V3UXJ4NkNFRUE0RnhFWVp1cDBUOWZ6ejlsb01pakZRVmtVaHB4VFQ1aW1vWVdNY3YyY21vbE1t?oc=5,"Thu, 08 Oct 2026 18:30:00 GMT",2026-10-08 18:30:00+00:00
NCUA Proposes 26 New Stablecoin Reporting Accounts for Credit Unions - CUTimes,https://news.google.com/rss/articles/CBMipwFBVV95cUxQSXc3V21ZbHctNUl0c3hqWHJCTjAtOUs3Q2N6Z0RJaDQwam5PYmVRVFIwMUlENVBMc2N6VE5kXzd1VXlzQTB4VThrT2JJTlBhVlBjY0JLZlRZVlZFcWxPc0N0T1JkRVJFaENiU3libjB0NXEzVmprcUtQTWppSXFHUHFoZTE0U2dLY2hXMGFkQS1CS2QwWUJHZFplS0xUM1hBOHJCdUFORQ?oc=5,"Thu, 08 Oct 2026 18:25:34 GMT",2026-10-08 18:25:34+00:00
Implementing the GENIUS Act: The Federal Reserve Proposes a Comprehensive Rulemaking Governing Payment Stablecoin Issuance - Arnold & Porter,https://news.google.com/rss/articles/CBMi4AFBVV95cUxQOVo2RWktMVp0S3JKb2ZTcDcxMmVxUFJmSjVrMVBOaTZNQjZVVUVrWW5PcnFWWFJEQ0JpRzBtY0JmQUdkUG9QZkJBdkNXd3AyeFN1bzB6MFNXQ1phcTNuQU5hcTlSNm94c2JtWERLWnJQcHFFeEw2N0RlMXhpSW1rN0w3WlJjM2pucDNCR1dDQTRqWkUzVjg1aWxIOTFKbGtsdWZvU2x4MS1qZzRtSTVyTXVyQ3RGUjZWWjZhSUc0OHlLZzdXcVhjLUlRejdpcWt0UXRCZXZHZHN4LWh2Q0p3NQ?oc=5,"Thu, 08 Oct 2026 17:57:07 GMT",2026-10-08 17:57:07+00:00
Nium to power RedotPay stablecoin off-ramps - The Paypers,https://news.google.com/rss/articles/CBMiqAFBVV95cUxQVjZMVjcwZTIxVG5Jdy1sa3ZlMjRMWjJJT09PcUtWT1hqQjVyb0N5M2o0Z1c0bDFPZW5qOTl4OVlhaFF5dXl0UGRvVGRadFMwd2ZaVENJR09qc0prYmx6NERVeUlYWnhseDZRcVQ5RHNYblBHVlZqMXdCRDBXc3VseXRvVFpYWTRjcjhIR1FFS2d6Sm14MjBqS3FmTU9RWjdTcW1PLUFEYXc?oc=5,"Thu, 08 Oct 2026 17:40:32 GMT",2026-10-08 17:40:32+00:00
Samsung wallet embraces stablecoins with USDC transfers - Yahoo Finance,https://news.google.com/rss/articles/CBMipAFBVV95cUxOSEFsbjBvMzM5T0dMR0JFRVFMWFBrN0lNY2hZYzV4aEJUejVJdnFqakhCMVlEbkNhVXZlVGxBbjI0OXF5S2NJWGliRXZuaEJmSnhzMGhDRDBoQmtZTTh0N3IxYUg5NEF2My1zaHFQNkhUa1c1VW4xdnpuRUFDb25kMFRubURDMVg3S3BtSVc2YzFvVGtDVk5HV2huUXlSQnR0ZUN0SA?oc=5,"Thu, 08 Oct 2026 17:00:00 GMT",2026-10-08 17:00:00+00:00
Your Startup Earns Rewards on Its Stablecoins. That Money Could Stop in January - Inc.com,https://news.google.com/rss/articles/CBMiqgFBVV95cUxNcFZkRXhiWFNZNG1oZUNGUERjVlNVdkwyMk90b2FfVV85OEpXVC1DcF9QenhlRDJiYlVqLTRqSlZrMF9SV1RzSnFUd2VsTk5kamYxdFZzOEc0QjZuUmxrREc4N2dfMWFtUkI1UXFTSDNENW1wa3AwaC01M3k0bHdtUm03QW5QU2NpV0FCYUtPY0RJbThETUpwMlFMbGo3eTZnUkJVREJJOC1udw?oc=5,"Thu, 08 Oct 2026 16:31:14 GMT",2026-10-08 16:31:14+00:00
Coinbase And Samsung Bring USDC Directly Into Samsung Wallet - TradingView,https://news.google.com/rss/articles/CBMiugFBVV95cUxQMTRGTktLX0xDQVZmZ2JXdmZ6TmMxRjJScFNtQ2pOOGtHSjFyam9jMk85czVCZnBqeVRmOVpsWWdTeEdNTnBYNnVBYXJFLTFuYi0zMmZLMm11dC14R19KODZsTW5JWUNTSnB5T3NDeUlZQVVjNFhOenYtRU96bkpDSTVsM1VUVWdPZkprZ2hJWG1adG8wSDIxQnZwSk15ejlwSXFzd2d3TXpiQkVza3dJakZaay1TNWN0YlE?oc=5,"Thu, 08 Oct 2026 16:00:00 GMT",2026-10-08 16:00:00+00:00
ESMA gives EU crypto platforms 3 months to drop non-MiCA stablecoins such as USDT - CoinDesk,https://news.google.com/rss/articles/CBMizgFBVV95cUxPY3hSOE8xazBBTjJ4TUMtQXo3YWpyOGlwcEtWaXJtTE9XYXI0SGVjYWxDaTlFYXJFTHVteTVtU3dvWmxUdVE1MVMzazVqczJSaTlPNktkZkFWSGNMQU5aTGlzTFlkZmxaM3ZTd1hCb1ZIRHpyMXM4cUpFTjJGcHNtdm9CLWlBRTFEVzJsNnRyOTBJMG1HNDMtcjdQTVR2QXVyU2o0MlhKU3BZVy1IcDROcE5WYTJuaFlXd2IxUzdnc2JTakpCdnlmYlRyRS0yUQ?oc=5,"Thu, 08 Oct 2026 15:23:26 GMT",2026-10-08 15:23:26+00:00
The Institutional Stablecoin Stack Just Completed in 72 Hours — Five Layers Shipping Simultaneously - Forkast News,https://news.google.com/rss/articles/CBMiuwFBVV95cUxQMUlUT1NGWVJORXJQRDJvZzJJNUl4X2h6R0tGYXBkRi1Yam0zbldlQ1VYRUdZXzFhRXdSdnlYRmFoWm1MdlNnc21RMWhBSkswQ2U0enVtWFRUUkJKWlo1blFfRTVNb011ZE52UGI1dndhR2w1RkE0UUZWQndQdFVsTWRKQ01BdWVXb195SDQ1ZU1tRFZRbnlzTV9TTU9ObUVtVmFNdTE2Q2lxY1l6ZVVyZi15Y2JjWnpmMUlV?oc=5,"Thu, 08 Oct 2026 14:21:15 GMT",2026-10-08 14:21:15+00:00
ESMA Orders Halt To Non-Compliant Stablecoin Services - Law360,https://news.google.com/rss/articles/CBMiVkFVX3lxTE9xNXFIVUdEZHRQTlNVZ0ZFSF94VGpmRk1YeHZERDlsNmhSZk1ieUI3akh6QWEzQS1xNDJRWWJBWHdJZFFPY3I2bzN2SWFGcy1FaEszbE5B0gFWQVVfeXFMT3E1cUhVR0RkdFBOU1VnRkVIX3hUamZGTVh4dkREOWw2aFJmTWJ5QjdqSHpBYTNBLXE0MlFZYkFYd0lkUU9jcjZvM3ZJYUZzLUVoSzNsTkE?oc=5,"Thu, 08 Oct 2026 13:28:00 GMT",2026-10-08 13:28:00+00:00
"Standard Chartered Plans Institutional Crypto, Stablecoin, And Tokenized Asset Custody In Singapore - NewsCord",https://news.google.com/rss/articles/CBMi6gFBVV95cUxNcDNYVlN3V0Y0cXpRRFVCNUxnZG9KUjhqRVUtZ3JrR25OZXJCeG01aW9rTThJdWV6TmlsUzRHWFB5RHVIcEJjeVUtNXlpdEJDTHlaSEJFZ0p1TDB6ZzFZd2IwaGVBYU9wakRxQTlrdXB6aWw5Z1pOQTJ4V2gwbk84SE1vc1JpVExQdFdKckVmSHRONFpHX3JrRURQeEtBdW8xXzdEMkhuT1MzZDFBb1lLSmtfdldKUGZ3azU0SEZ4bG1zQnBkTm5ZclVlRmxhNEhXdXgwQlZQb2FURWZic3FKZmZKeVdla1JEeEE?oc=5,"Thu, 08 Oct 2026 13:22:02 GMT",2026-10-08 13:22:02+00:00
Coinbase to power USDC as default dollar stablecoin in Samsung Wallet - FX News Group,https://news.google.com/rss/articles/CBMivAFBVV95cUxOaGxseFVOak16N0F4ZmhTMmg0eXI1U3ZKWk1kN3ZvUVhfc1I2Rkc5RkdkQUFuOV9NWkp2X1B0YzV4Q2xIUTdRbGU1MnFDR2hzVVZzSW44cE1Vc0RnZXhYNGhEUW0zMWhEa3VweHk0Y21HLUpWWGNjTl9RaDM1RFREYndvOGF0ekpWcTBXU1pJWjBMbFQtbjlpbFpLYTROZlZ2WUdvc2pjOHhUOEZIMy1yTjdUeVNLbXd4OWQ0RQ?oc=5,"Thu, 08 Oct 2026 13:03:13 GMT",2026-10-08 13:03:13+00:00
ESMA Sets 8 January 2027 Deadline for Non-Compliant Stablecoins - Altcoin Buzz,https://news.google.com/rss/articles/CBMilAFBVV95cUxOTm9id1dERzk3YWZnQ1gtcHhEbE9NcUdjM0RaelBtLS1JenctbjYwQzExOHloOEttYTVnWTE5RlVDWktJMzhDcjBmMmJyRml5QVM1LWZUeThwRHkwaDdtSHZUcVV0SzZ1aHpRZGlYNFN5TVc5bjlzZFQzNUVVWjhjd2l0cGRtTFRDWWtTeWJ2ckhuVkRa?oc=5,"Thu, 08 Oct 2026 12:06:40 GMT",2026-10-08 12:06:40+00:00
SoFi's $25 Billion Stablecoin Push Could Change Its Growth Story - The Motley Fool,https://news.google.com/rss/articles/CBMilwFBVV95cUxORVE3bVdHaDAtUVpGbFlvOXByMFpBbEZEUWdoYW03SkpkaWZCbnVabXpaMEowWEtrQzJhZ09xLWZMNEJId2ZGUWJ0TS1jaDA1ZDhiQl8wWmZtQzVULURlQ0hwQVJaWU8wTFBrd1hfTV93RGpsNXpudlYxTkY4N2pjX2NGVnB0NGs4Ml9QeUxQNXpIYmdMX0hZ?oc=5,"Thu, 08 Oct 2026 11:33:00 GMT",2026-10-08 11:33:00+00:00
Nium and RedotPay Partner to Provide Global Stablecoin Off-Ramping for 9 Million Users - FF News,https://news.google.com/rss/articles/CBMimwFBVV95cUxNb3ZORlMyLURBNHZOLWpPX0xuWWNnOFU0MXI2Sjd3X1k4Z0I5b0VlMWg0XzRfdmQ3WmJTVFhCRkFkbTNwSF83NDE4M1BCanBEZGwxRjRjTVVTX2hNMU9Ca0dlYUdnWDhvLWRxcDNSQ3B2eG05RElYZ2pmbkliSXJGMXZOZk5PVFFlY2lDYmR5UDZ3SktrNHVzUEpUbw?oc=5,"Thu, 08 Oct 2026 09:44:30 GMT",2026-10-08 09:44:30+00:00
Polygon Adds TRON Support for Cross-Border Transfers and Stablecoin Payments - Altcoin Buzz,https://news.google.com/rss/articles/CBMipgFBVV95cUxPc2IxQmFRSzM1cXRTZi1OSFRjeGRuUmVwVmRNQ2dkazZlTmhTb1lEM0pOT1lTMTY0c2lWb0pIS2Rod3EzWEVNcVdqYmQ3V0xNai1JZEdLMEZJd0hZQ1k3c2dCWVFGQVFWREE1bHlkM1FHM2w1d0NXVU9COExYM2JBMEhmZjFXdjlSaEg3MzB1QzRLZkpmeHFZOGgwUmFXUGtoa2hJZTR3?oc=5,"Thu, 08 Oct 2026 09:31:14 GMT",2026-10-08 09:31:14+00:00
Velocity and CrissCross Partner to Expand Institutional Stablecoin Connectivity Across Africa - Business Wire,https://news.google.com/rss/articles/CBMi5AFBVV95cUxOTThuc0NhMnVWVnVZTHJ6ZDVsN3FGdEZEWkhuWm1HVF81bEZ5V2ROa1FOdGI5OUVSME82ckJIVmZlNDlicG1JNzI1OG54TW5ZeVRVOUE3eFVtNHVmUGRpREFLbUFUX2JnUmxheEFINThvOWJqNFFnMUdzRUVVSjB3aW5GOW9laFBUZmZUZjFVQWZ3UGhkNllJeXJTSFdraGZaV0JVaEdVVlJVc3lnYnNDbkFBOWlZc3VBdnhBTWRNd3ZJeEVaRVRCZThLY2hQdFBkblNiTDFqMUFKV2lHRXJWOFQ3TEE?oc=5,"Thu, 08 Oct 2026 09:01:07 GMT",2026-10-08 09:01:07+00:00
OSL Group Powers 2WA's Tokenization of the First USDGO Stablecoin Market-Neutral Strategy Fund - PR Newswire,https://news.google.com/rss/articles/CBMi4wFBVV95cUxOeF9Dbjk2S1VQaGtnd1FiblBrdW1PNmowYlJQUjdZUHFtaTRVUF9UN0VEejRyS1owWERoVnB3LWhqSGxzcmcwbTV6MHBzUC1rRXp1Yk1jb0lNbkloN2VPRTR4aDI1ZFA5OGg2QTZ1MkZKZkhqX0E2cWkxMUt4cHlmdlFtWFo3UmRVVHBWdkRHb2xOT1l3WUd0MHhnWEdlZ0dsdFRHV3NrS2k3Q2MyaElnUzlScXVCM3dYTEoyT3Y5M3NTT1NMNkFJZ0V1dkxGVEVCMVc4ekxTczhldE1ETGNwd1VIWQ?oc=5,"Thu, 08 Oct 2026 08:05:00 GMT",2026-10-08 08:05:00+00:00
Immix raises $3.5M to cut the cost of non-dollar stablecoin payments - Dealroom,https://news.google.com/rss/articles/CBMiowFBVV95cUxQYWhVMjE4YTFkRlhHNHV4MkpfZmMtM2RPZ3BFNFRncm9OeUUtejhnTVpLWTRwMjYwSzdDdWYzSlZabF9IclpXSjRhakNaYkY0cHg0LXVTdGZTclhnTTlPZWRWeUZjNXJ1U2swcEotNDlncnNFUFVhZWhIZGlnYjNJdm9TNUw5dEJYNnlkRHlyS2s0T2RoSzllY0xBWUFNaUNURy1R?oc=5,"Thu, 08 Oct 2026 07:36:27 GMT",2026-10-08 07:36:27+00:00
London’s IMMIX secures €3.12 million to build FX infrastructure for stablecoin payments beyond the US dollar - EU-Startups,https://news.google.com/rss/articles/CBMi3AFBVV95cUxQWGV1dHhSbnMxVnh2THhPcjQ5Mm9NRHZ2Tm9aT2p3T2hEWE5uVlNJVUhnS0l6UF9sOUpvb2ZSZG9qdmdObUNpb1JXNk1CRkNDRE5PYUVoSnQ4M3NpXzlsci16Y0MxR01SUmtnUDgyZV92ODBlaFZvcEdXWFBHSFN6QUo3OG1XNHpVaGJheTI3MXZvWG9CSzQ4SG92Wm9tdUJHTE5kc3ExalVWTkRMekx6R1hkM0pCbzJtTF9fRHphQVJVbzdQeWtTMkhJbHBSU2JOVHVvVmU5MHBzNEN4?oc=5,"Thu, 08 Oct 2026 07:11:43 GMT",2026-10-08 07:11:43+00:00
Citi Just Connected Its $6 Trillion Payment Network to Stablecoin Rails — and Every eCommerce Platform Is Now a Potential On-Ramp - Forkast News,https://news.google.com/rss/articles/CBMi4gFBVV95cUxQVW9ieHNKRHp2VzdNek8tZmdnOV9GRHVQMjdSTHFodUdmSU0tcnlqSVBqanI5U1hKZEY2MVlJRExTQVFzZWdSWTBWUklOUkE4Y0dNQ3RhSVFIZW1PSDVwN00xVFVDSWw1M0R2WGdkS2ZYRU9zWC11Y0tjQUhuaXF5Yi10Q2JaSXVXVmM2cFE5VGsxNDdiZk1NR255X2hNRUZDTW41N2hMX1p1M1Y5bzh6eFZSWUo2TjZ0QmxNdERERlRRVExfdGxfRFpjZXAwQ05JbnA0b0RfVnNXeHpjMFBxTmFn?oc=5,"Thu, 08 Oct 2026 07:08:58 GMT",2026-10-08 07:08:58+00:00
Tether Signs MoU With Kazakhstan’s Central Bank to Explore a Tenge Stablecoin - CryptoRank,https://news.google.com/rss/articles/CBMitAFBVV95cUxNVVlCWUxmdndPTWdMMnpHRGU4MVlsb1NBdzNnT19INHNtd0tQcWhSUEVRLUZHblp2UWEtZmowemt6ZkhHSzVjUzhZWVNycGx0bGJoZi1oNlByN0dxbE9zc1lDc0l2enctdmdTTDE5VTQ3NTdUMFhBVmNoZU94Q1FVUUwwQWJFWkdKS2pBdUVpVGQwX05vVjlocHVGcVJLaV9ENW9NNUpPZlhjYm52djdKRDN0Tjg?oc=5,"Thu, 08 Oct 2026 06:55:43 GMT",2026-10-08 06:55:43+00:00
Moody’s Just Rated a Stablecoin Protocol for the First Time — and the Numbers Are Uncomfortable - Forkast News,https://news.google.com/rss/articles/CBMitAFBVV95cUxQaWJQWk5aUjFCNWRkR0VDejY0dWNzS1QzZ2MyQWpITGFrRmE3YUJDeGVDaWRtVzRJMnVkeklaWEZxUnZBZXlObDczUDhQQndKMWFvem80UGtSQVVsNllHY2NTNXRjeDlOa1RZcTczMFpFWDdIQmFBdkxaNHVSM082ZjdpUkRIMjlrUXROdndwRGlBQ1Fqbk9uTmt3UFJWT3FzeDFOd29oTWlsMXN2NjdzTjNkLXk?oc=5,"Thu, 08 Oct 2026 06:34:00 GMT",2026-10-08 06:34:00+00:00
Coinbase to custody USDC as Samsung Wallet's default stablecoin - TradingView,https://news.google.com/rss/articles/CBMixAFBVV95cUxNR3BCbU1zbWREd3BIamhJWGVBWGs2TXB5bzZwa0VKTDFOelgzM0JyYzgyTEpsNDQ0VVNXUEFvZnFZcUt3aXk3Q2FDbV9lcUp2ZzZRcWtuTHNJSElZeEpFSVFLcHRwX1dsOUxSeF9YS3Q3T1Z6UlRSQzNnZHpMM3dYbzNqWHRMWFZBRjlOb1JiUGVkQXFIMWtKUjBjZkpXT1ZNT29kSXpSSXlGMWhKTXA5bnBCa3ZpdVVqX0RYeVAxVnpQckNJ?oc=5,"Thu, 08 Oct 2026 06:24:00 GMT",2026-10-08 06:24:00+00:00
Noah raises $38m to expand stablecoin cross-border payments services - Electronic Payments International,https://news.google.com/rss/articles/CBMivgFBVV95cUxQb2pKeUxDdnpXdnBMZnBvX3ZpV292OEdvcFJXMUcxSDdDSGNZcVZIOUcxMVNQYjRJSmJsMk1qWVc5MlVITmp3UlRhcldUT2xQczdrRHNEN1lsWlBZMlU0YkZ0a3FoaktPbXdEOUl0RFdNWTNDTDQ3WWZzQzlBMi05WWNwTG10VnVhZ3hJeUZneW5vazFaLXVwTnF5OHllR3A5WDVNbWpFSHRJR2twamg0YlJjVHZ2dE8xdTRITzVB?oc=5,"Thu, 08 Oct 2026 06:08:36 GMT",2026-10-08 06:08:36+00:00
Did Visa’s Stablecoin and SAP Pay Push Just Shift Visa's (V) Investment Narrative? - Yahoo Finance,https://news.google.com/rss/articles/CBMilwFBVV95cUxQZU9QS2xBaE9kQ3FaMzdoVzM2VUZ3WkNGam5ScWRnZGZpSTNCOVFZaHFhd2JrX2xSMzRmRDRMYWZ0RkZETFNMdW9zVUt3RUFmdURtaVNBTnhZRk92U3Y4eENacTRQMXhvbjFUVkJPRHlsbk16SExYZy1tQnVGYmU1MWx3dWJNVUhTZHZ4c0V4M1VNM3VtME5V?oc=5,"Thu, 08 Oct 2026 04:30:00 GMT",2026-10-08 04:30:00+00:00
Samsung Wallet to Bring Stablecoin Access to Eligible Galaxy Users in the US - Samsung Mobile Press,https://news.google.com/rss/articles/CBMihgFBVV95cUxNZnpfOFJvUl84TF9rZExZeU9rNFVUZE9mWDVuRklpOGxlTml3ZFZEQlJsY2hCV05TdUtnRDRiQzJXU2F5WjRqUHNhcVFvZ0xBckpPUlhnLWRtc0FHYkZoWHc5TlBtNHJGZHk4ZHFRLV9XZUFNUTNXcllua0FzLXBpZ3V3MzlGUQ?oc=5,"Thu, 08 Oct 2026 02:02:16 GMT",2026-10-08 02:02:16+00:00
Stablecoin Push Altering The Investment Case For Visa Stock (V)? - Simply Wall Street,https://news.google.com/rss/articles/CBMi0AFBVV95cUxNS3hCaEZGcnRUWEhWUmUwYXNxM2dDOU0wWE0xY0FGc29YOVpQckg0LVQ2WEc1UHBFM0JFOEZ6N3o0SXg5emEwSjI0Zk5Sc3JLdXNaWkgtanhLcmpuQk5BVXdrSzJiY21hNE54MHZZX0NLNDFYeFF1RlBVNl9JSDI3VkE5RXJ1ZnRQaDZ4Z3FpcEowMUl2bWxkUW9vVF9hWXNmeXQ5ZDJmSEJsNlR1YU9vWkVEaDJDTmZ1eV9WMmw0Q1hUelluSVlORDR2OFJiR2pk0gHQAUFVX3lxTE1LeEJoRkZydFRYSFZSZTBhc3EzZ0M5TTBYTTFjQUZzb1g5WlBySDQtVDZYRzVQcEUzQkU4Rno3ejRJeDl6YTBKMjRmTlJzckt1c1paSC1qeEtyam5CTkFVd2tLMmJjbWE0TngwdllfQ0s0MVh4UXVGUFU2X0lIMjdWQTlFcnVmdFBoNnhncWlwSjAxSXZtbGRRb29UX2FZc2Z5dDlkMmZIQmw2VHVhT29aRURoMkNOZnV5X1YybDRDWFR6WW5JWU5ENHY4UmJHamQ?oc=5,"Thu, 08 Oct 2026 01:41:58 GMT",2026-10-08 01:41:58+00:00
Stablecoin Push Altering The Investment Case For Visa Stock (V)? - Simply Wall Street,https://news.google.com/rss/articles/CBMiywFBVV95cUxORjdvRWptMmduUjJ4NGRkRnV4eUJ3RGNtTFQ5YmppRFhFU0R3ZnRFWFpMRkpGX3VZSjMtdmVIR1I5Y1FIWFV4OFY2WlhFZnp0Ql9QVUFMNlVNTHl5MC1YeWVoQkQxcnNKSVFMZUlFM1JzbU9qamIwamRYX2NXcFgtaVNLTVVGSzk3dFQxR0dnWEc5cnZ5WnJXdGQwRXVCR3Fpc3JMZUJKa1BQM21xQS1xYUtkaEUzcDFhNlBuT0VVVXg5VVd0WHdjS3NWWdIB0AFBVV95cUxNS3hCaEZGcnRUWEhWUmUwYXNxM2dDOU0wWE0xY0FGc29YOVpQckg0LVQ2WEc1UHBFM0JFOEZ6N3o0SXg5emEwSjI0Zk5Sc3JLdXNaWkgtanhLcmpuQk5BVXdrSzJiY21hNE54MHZZX0NLNDFYeFF1RlBVNl9JSDI3VkE5RXJ1ZnRQaDZ4Z3FpcEowMUl2bWxkUW9vVF9hWXNmeXQ5ZDJmSEJsNlR1YU9vWkVEaDJDTmZ1eV9WMmw0Q1hUelluSVlORDR2OFJiR2pk?oc=5,"Thu, 08 Oct 2026 01:41:57 GMT",2026-10-08 01:41:57+00:00
"Anyflo exits stealth, acquires Sui's Native to simplify stablecoin payments - Dealroom",https://news.google.com/rss/articles/CBMirAFBVV95cUxPV3F3Tm9QWl9uSndlSzNzSU9mbFpSTG5ZVXlEdVA5aHZkRkxnTmh6aFhSZWJfbmdxbDZ2dWMxbmZydUxGdDZPS2VmTkdPMFBVWTJfU2kxdTJmOVBqLTh2UnJuNllidE5WLXdTNjFpMm9rMHFhQTBoeGhvZ1hHUnFYa2lZbmVnWl8wYVRJYzYwYW1yeXBKU0lTZGdhV3pFUkNoRW42UlRVVzNUY2R0?oc=5,"Thu, 08 Oct 2026 01:39:28 GMT",2026-10-08 01:39:28+00:00
"Anyflo emerges from stealth with acquisition of Native, to simplify stablecoin payments for enterprises - Yahoo Finance",https://news.google.com/rss/articles/CBMiqgFBVV95cUxOclk3V3BwcTB4d0xRb2I1bGhzWlRoRHdFVDJvUGJGZkhyeUJsb1FtQzB6ZHlra0R2NDJubmpjU3lRcl9DWDlpVVNoZi1uR1JveFhGVGxaRGxwY1ZqNTNUeVlCZXlJbnF6c2dFbFpDbVNaeVU0d0tnVTB6SHBVdnZiN2FUOWhCVlRlYnIyRFRodFBNVjk1N2FCTjRSZWZSVWhVVWtCQUMzYkZkdw?oc=5,"Thu, 08 Oct 2026 01:00:00 GMT",2026-10-08 01:00:00+00:00
North Dakota Lenders Report Faster Settlement With State Bank’s Stablecoin - PYMNTS.com,https://news.google.com/rss/articles/CBMiswFBVV95cUxQUnl5U0Fway1EdmVuTGMtdkgwTmlFVnh0OWphVGhXWHZycEhGY0xUNm8xNm9HMTJRYW1lZEc1bmUydEVxcC1KbURKczZreUZYLWpPU0FlX25Ld1BWMTRySHBlMGRsc29MUV8tcnYxSDVBQUlsNjdja3dISG5ZajNXMXdXazVsTHhsS0FYTlc3VkdIU2lBT2ltcENrNjEwMTdqYXFiOG5VSHBldkFqUjNjeWJVVQ?oc=5,"Thu, 08 Oct 2026 00:49:53 GMT",2026-10-08 00:49:53+00:00
Samsung Partners with Solana to Natively Deliver Stablecoins in Samsung Wallet to 82 Million U.S. Galaxy Devices - PR Newswire,https://news.google.com/rss/articles/CBMi-gFBVV95cUxOT0JkMXJtcDZzU2ctMTVYem9fNkVrTnNrQlpkTzVTVzhvUDU1X2FwUjB5cFBocTlpRmk5eWJxWk1RbVR3Q1ZIMXozOHhnYjhqM2VjbGZxeWtndzZhVGEta25uRWo1a1oxM1poejFCdTJXY2pMLXo4eXM4aUhzZlgtRFd6WVljREtIRHV5UUtscUVBY0JST0lrSDhQbElWYzE3WXhGVm82aVk0Mk1DaFJvXy1wNkgwMThDdFc5SzlIYndBemtWZkRqRUJ1U3BRNlhybGR4Tnhpa0psUTREdG5qWElUWFBhLXhGbFhlczFJT3pEbkFYb0RQcTZB?oc=5,"Thu, 08 Oct 2026 00:05:00 GMT",2026-10-08 00:05:00+00:00
Samsung Wallet to Bring Stablecoin Access to Eligible Galaxy Users in the US - Samsung Global Newsroom,https://news.google.com/rss/articles/CBMilgFBVV95cUxPRjA3MThpemllc21tUXBWNnd4aXlkblc4cUJGMHE3bjlSeEVGclk5bmYyVFcxOEhIV1JyckJ0cUhWN2xBRjg0RVB6NUdTZlJGWTFkYWVuYk96Q1R5c2RHYWdKem5FaV9jR1ZpblR1Q0RnX05oWGVrQVJ4amNqMXNFOHlsbHNRX3BPM2EtNENKbDlUdWNpQWc?oc=5,"Thu, 08 Oct 2026 00:02:51 GMT",2026-10-08 00:02:51+00:00
"National Bank of Kazakhstan, Tether, Alatau City Authority Study Tenge-Pegged Stablecoin And Tokenization - NewsCord",https://news.google.com/rss/articles/CBMi6gFBVV95cUxOV015ckpDVGV6ZnNJaC1FYm5xbEc3NVlEMFhZcjltTVd2TEpHQjlncWw0MDBNZzhYYWY0QUh1dWt4bFBuWkR1ekdkWGwxQjFmY2tya3BVNXlPaDlTWmx4QTVINHFFWXFuMVc0YWlWUTlqbVJwZXZvdmFJWFJUelBoeEIxVGg1S1UxcFk1cVNiQlotYjZYOVFRVWlOZF9nNmExcHpaLVZzbloxRGREcWtqVW8wMGFWTF9YY2NRdm1YQk5uNUxlVlg4Ymp2WUQ4LVBJQzFpZDRjN09hWkZjS0ZVSWtpZ2RIeVU4VUE?oc=5,"Wed, 07 Oct 2026 22:23:20 GMT",2026-10-07 22:23:20+00:00
"DLA Piper, Loeb Guide Stablecoin Firm's $250M SPAC Merger - Law360",https://news.google.com/rss/articles/CBMipgFBVV95cUxNRXp0SERSWXp4WDdvelpYdWFnWDY1VldBY2NXN2NIX2o0eVQzR3lmN0otRTZIN0hNN24yQWZYYmliblNURVoyZ1Z2OEM0MHdIQUpkaHFXVFFLdXVBdUx3amd6Y3J0anNzV3BxR0pLWmJLS0RWSTJ2UFhuUm9aVmNldlJxbmY5WFV0b3p2cms5NUZLakc1SU95OU1TUGFKMjJoVk9UZG530gFWQVVfeXFMT3BNWkxSN1RuUGNRUmU3VkV1RGVkazVTRllBXzdZbjNvUG83SUw0WVByZDlUNVZVX3dLV2c1ZHZ1cFFSVnpGZ3lfNmRxOGptME52ekhaNnc?oc=5,"Wed, 07 Oct 2026 21:13:04 GMT",2026-10-07 21:13:04+00:00
"DLA Piper, Loeb Guide Stablecoin Firm's $250M SPAC Merger - Law360",https://news.google.com/rss/articles/CBMiVkFVX3lxTE9wTVpMUjdUblBjUVJlN1ZFdURlZGs1U0ZZQV83WW4zb1BvN0lMNFlQcmQ5VDVWVV93S1dnNWR2dXBRUlZ6Rmd5XzZkcThqbTBOdnpIWjZ30gFWQVVfeXFMT3BNWkxSN1RuUGNRUmU3VkV1RGVkazVTRllBXzdZbjNvUG83SUw0WVByZDlUNVZVX3dLV2c1ZHZ1cFFSVnpGZ3lfNmRxOGptME52ekhaNnc?oc=5,"Wed, 07 Oct 2026 21:13:00 GMT",2026-10-07 21:13:00+00:00
Meet Polygon at Money20/20 USA - Polygon Labs,https://news.google.com/rss/articles/CBMib0FVX3lxTE9LU1ctOE5IOU1PUnM5bDYzODhKN0kxc0prMEdTdGRLWkVLaGxJb25hOERRS1VyN3lMTGJ3OGpBSGNJZ1U0THlfNFgxOHZZTEhJeFc3MXEwcklwdlFGREVZS2hCdWdBZlQ0eFhFczJMSQ?oc=5,"Wed, 07 Oct 2026 20:14:45 GMT",2026-10-07 20:14:45+00:00
Tether Signs Deal With Kazakhstan's Central Bank to Explore a Stablecoin and Tokenized Assets - Yahoo Finance,https://news.google.com/rss/articles/CBMipAFBVV95cUxQMXd3Y01oMHp0bjhOTThRWEtsbm5VODR4NlVETXExTDk5TElnMmYzQTh2UUxESk1paE5WVEFLejR3cmoxNE9zMWl4U2JVcDhDVHZuQ0dkeFQ1WmlxdEVDcnFPMmpPdkhWQ1otOElYODUtcFc0VGhFM0YwMktrTzVudmwzb2ppSGhXd1RFTFNGd3IwR0pQU2JFanozT1VSdVV6SWt2Zg?oc=5,"Wed, 07 Oct 2026 19:46:04 GMT",2026-10-07 19:46:04+00:00
The elder statesman of trust charters makes its move - Banking Dive,https://news.google.com/rss/articles/CBMiwgFBVV95cUxOVUtxYklFZUVpRTRDQ2RqVzIwb013VU55UHlqa09WeVRPQVFNV1ZtVU1qeDl3ZlJXRWRoN0hTd0FLdGJmVFhXSV9xVE5qN1VjTS1wNkJaY1YxS1oweWJseExVRm55ZDJ2aF9mRnlvQ1JfRnZlOGQ0NzlBLV8xNE1PYkgyalV6R3pOTnVtVUVDbUJ1TUlHUmFPNUxOY3FmRl9NaHdtZTlqTk9mNHhBVFEwLUN1SFZ6S3NLNGVOWW5VNkUzZw?oc=5,"Wed, 07 Oct 2026 18:06:05 GMT",2026-10-07 18:06:05+00:00
Stablecoin News: Tether Eyes New Stablecoin Pegged to Kazakhstan’s Currency - CryptoRank,https://news.google.com/rss/articles/CBMisAFBVV95cUxPclJfQktDX0F5NVZLNTAzS091NmhTV29WRW5BSHBkX1BUR0gtT3ZuSDduSFp4dWtyVTI1MktpcmtFRjlaX3F1SXVabnZHbmdvWmtVME1kWVcwdDNtMVZEZFVmUGtWOEdURk1xejY1QlMzQ1p2OVQwRUR1UFpOWEk1M3hNcE8xUjE0MWVqYkxONUJUSUFaQ0duN0poV0tyMkZOOWFLZXhZN0RZZ1N6M0t0YQ?oc=5,"Wed, 07 Oct 2026 17:56:58 GMT",2026-10-07 17:56:58+00:00
Kazakhstan's Central Bank Taps Tether to Study Tenge Stablecoin - Altcoin Buzz,https://news.google.com/rss/articles/CBMilAFBVV95cUxQNno2VVgxLXhOR0d0QnNiWWh4dnpvYW5sZjk4cmZnNVY4WEtwNl9KMlpxN2kwQ3NWRHowaDJ1Ti03R0RqbUQ0QzF3cFl2VFRQemVXbS10MkktVktyMkxyZUFaZlQ4ZjlCUFNVeFF0ei1jNFV5Z1A1OThoZjVFYmh3cFdNUTNoeFppS3NHN0lReGZDUEl2?oc=5,"Wed, 07 Oct 2026 17:30:31 GMT",2026-10-07 17:30:31+00:00
Circle Internet and Volante Technologies team up to bring stablecoin capabilities to banks (CRCL:NYSE) - Seeking Alpha,https://news.google.com/rss/articles/CBMixwFBVV95cUxNSzJZWnZWc2RjZGp2M0ExS0k5QUkzV1o3cmxsa0d1bTRXYTdBVEt0c1YzRUdQQ3ItazYtWmtON011UHZ3SWtVTm1SS3htOTlsZ3JONlN2dVhyZWJHN01mNGdOSUd5U1NvcWZBUmFrZHFDUjNQUnZod0x3WXJvRi1rOU1OOEZiZjRSV1JMbDRBaXgxSUFWc2hNUmNfSHBSUk56bENaOE5TaWhuTVpwaHZJU0VIMmxBbjZLSlFzVWJ3QXZ2OHBwbVkw?oc=5,"Wed, 07 Oct 2026 17:30:04 GMT",2026-10-07 17:30:04+00:00
Noah Raises $38m to Expand Stablecoin Cross-Border Payments - FinanceX Magazine,https://news.google.com/rss/articles/CBMinAFBVV95cUxQa1NsdkNPVHhwQ1dlRnlNUE1lUjU4SWo4d2JBTDZNdjYweEZpZG1wOWVZdVpwVzhLaWgwaXRZaXlTQ0dFdEF5bWxzbkNKZ0FtMDIwaV9OSkpDbndaVzJQdXJEa25oUUEzUWpGbmFPRHZpMW96Wl9wNFhXVGpFOEY3Z2tkQzZTQWdfeTdOUDVCYVhQRjAxTXpHQ2Rrbms?oc=5,"Wed, 07 Oct 2026 17:04:40 GMT",2026-10-07 17:04:40+00:00
Polygon taps TRON’s $94 billion stablecoin supply for seamless cross-border transfers - CoinDesk,https://news.google.com/rss/articles/CBMiywFBVV95cUxPdm1CSXFqd09wVzI5LXNXMEdUczRhUUFweVRBeXJ6ZlVOTTczWXM1ZUFuT2o4elhsczBWbTd3bXdlTWttMnlyUy1lZThfOXF5cl9CNmpiR1hQTTFqTDI2bmVVS2ZodlhScnVxNGN2c1FkVGRzQkp4S3BxM3I5WjduWjJkZXhZdWNBQzltRUZhQ1RSLTlCNHllNEFHc29ub0RUMGVxSi1rZG8ybkRsd3BfTlNxZUpjOGNxOWZfSFNUUC1jX0hwYXVKejZUTQ?oc=5,"Wed, 07 Oct 2026 16:30:00 GMT",2026-10-07 16:30:00+00:00
SAP Just Added Stablecoin Settlement to the Software That Runs 84% of Global Commerce - Forkast News,https://news.google.com/rss/articles/CBMiqgFBVV95cUxQc2N1WWF3UVJGcnpBcW83Wi1JZFdKSGg2S1diQVZ0dFMyb21JOHZhMnBEUDFTVXBxQ2RzZFVqNHgtcmNZd0t6WVpyQWhidHZIdldpc0xXMUEyNHpHTlBNTC12cUtaZzdsa1hZNlBNMXp2eWVoVnlXd0F4eU9Gd0YzT2ZJbng2RG1nSExXT1lWM0lhZF9JaEJCT2tfelF3MG5zTEFHSFVhbHBudw?oc=5,"Wed, 07 Oct 2026 16:26:18 GMT",2026-10-07 16:26:18+00:00
"60 Percent of Community Banks See Stablecoins as a Threat to Deposits, Lending - Yahoo Finance",https://news.google.com/rss/articles/CBMimwFBVV95cUxObVZxNzAtNTk2Smx3RWRTUnR3dWlZWTVLTklIZkhDaS1iREtITEtYT1JSZklkQTl3QWpuVERJTjdKX0tDLVBaTU1vMHdTaXMyR3NrdzNSVFVuU2J0cEdhTUM3RmpBM05lWGRQUW03Q2NIYUJ0RmYtcW1vc0JJaklHT1dnblIwM1dDRW5xaXBrQV9kWFFIUXlSNkFOdw?oc=5,"Wed, 07 Oct 2026 16:18:00 GMT",2026-10-07 16:18:00+00:00
"Community bankers are interested in tokenized deposits, stablecoins, but not rushed - Ledger Insights",https://news.google.com/rss/articles/CBMiswFBVV95cUxNcHk2ek1XWjZsVlltanAzbjlYbEZER05PMFJTTGRkdUt2UFhGQmpUeUNmMndOVmM2bUhfR3d4Tzhkd2RyLXNINkswTWhGUno4eWNYR0YzLWxKeDVxWjNvWkNFdDFfV01lTFF0UTVZRGQyZVQ0bkpxNENseDkwV2FaaTA4anBiS01TQVFRU3BOTmlmbzF2VXN2X3pwdThqNmtPcHdLT2pnS1kySTRkRF94RWJQOA?oc=5,"Wed, 07 Oct 2026 16:03:22 GMT",2026-10-07 16:03:22+00:00
Stablecoin Rails Provider Noah Closes $38 Million Seed Funding Following 538% Revenue Surge - PYMNTS.com,https://news.google.com/rss/articles/CBMi4AFBVV95cUxPUkhRcDlKTnFCaGpuTFJSbkU5UVQ0M0pWcFZ5aWFDR1h6cjFfNkJUdXVQamdRVFV5eG9XbktpWlAxRGI3TzdQTGt0MFR3bHJ0UG4yQ2FGVEdjZUtTa01zU1l3TTZCbV8yU2xlSVQ1akx1U0FiZXhBLS1aYlpCMHF3VkczNVBUYzY0dVg2dDlWSW5GWVRvMU5ybVpoNzlaZnEtOVg3cG5MWGxUMGhIUjdZbU1vMkpQUmtITDhsUXZUUElTV3JCZjdjb1pNaF9MUW1ULTZaWEJoWlh3MHhhZGc2aA?oc=5,"Wed, 07 Oct 2026 15:04:59 GMT",2026-10-07 15:04:59+00:00
Tether and Kazakhstan’s National Bank to Explore Tenge-Pegged Stablecoin - ForkLog,https://news.google.com/rss/articles/CBMimwFBVV95cUxQb19wa0dETEl2ZVdsTWtPdHpNMG9UbzZ5VUZINl9PU21heS1aUkYzMUNLaUlRUXNRU2d1ZzBqaFBLbC1faEZOdHZZUFR5SDlRem1sR2U3MmJlMW84UFA1TVFtdzdvOXFZQkxBM1oxU2haNG5VUDFBS2ZYVVJKSjlfNTZOdzlsS0FDa0RWbXdyeU9pV3Q4SjlzMkVxVQ?oc=5,"Wed, 07 Oct 2026 15:00:00 GMT",2026-10-07 15:00:00+00:00
Noah Secures $38m Seed Round to Accelerate Enterprise Stablecoin Adoption - FF News,https://news.google.com/rss/articles/CBMirwFBVV95cUxQRWpLaHBleTJpMlo3LUtHc0luaUYtU1o1VE5NaldTWm5tOWkwNER3YTE1bTJpVmlhTkdqbVVjaF9NeWZCbi1kZzRiOEZuQkc5eGR3ZUhjT0J6aWp0eW9BNEdQUGdsNm5nY2dJQUNyUUtPMVUtdXlCTW9ZRHBUV0ZCNk5JN1ppaXhEMk1KR2RMUzNfT2VvMDVzOU9tUWRNNVVjY3VOREVhSkw2WU1LVmUw?oc=5,"Wed, 07 Oct 2026 14:52:37 GMT",2026-10-07 14:52:37+00:00
The Fifth Rail: JPMorgan and BlackRock Are Building the Reserve Layer Every Stablecoin Issuer Will Need by 2027 - Forkast News,https://news.google.com/rss/articles/CBMizAFBVV95cUxQQmVib3RxM0FYZ01NMmhTbWFWRUFwSDhQMmxhQjlaWlp3VDdZbnJnaVRHV3NQQksxX1NKaWdIWFRCWUxjckFiQ3FjNUNNeThTSWFaWjR6cUxEN1NBN1hDTHJLSVpNaFUybHZWNHFLeTJvYWhNX1c1ZTVYOFNvS2x1SW5VelhlZzV4MFltb08wMjBqcmhDTktLb05hNTlaazRvNDY2UDJrdUdvTzBjQzZ5MkRfRDBiTmZ0OEk3LWlUckZBY1NLQ3NHSzktSzU?oc=5,"Wed, 07 Oct 2026 14:40:59 GMT",2026-10-07 14:40:59+00:00
Tether Will Explore Issuing a Tenge Stablecoin and Tokenizing Assets in Kazakhstan - Incrypted,https://news.google.com/rss/articles/CBMirAFBVV95cUxNTmhvOTc2MUFnX0Zkd29xNlJLc2RqbkRyTWZ2ZHViYVRGLTRKaDg2b3l2YU9hNGZ1U0VmWTk4bDlQMmxIdmNZdFM4VWYtZDM1c3puV0hlUzdoaFFmQ3NHbnZQNHZScWVaQURrdHlUb0xvQm4tQ2s3U0NETl9TeHZFS0o1ZDU2NGlIZDVyXzNaTDJmMjNJbWdUc05nVks0dDRoVzlBQVVWak5xZ2FD?oc=5,"Wed, 07 Oct 2026 14:37:04 GMT",2026-10-07 14:37:04+00:00
Tether tapped by Kazakhstan’s central bank to explore stablecoin and tokenization - CoinDesk,https://news.google.com/rss/articles/CBMixAFBVV95cUxQeGh3elBpeFo4WU0ySUZadzRIZzNTVmhWMGt3anBUNlJ6WUFkWTVhck13eU0zUjVuMml4UWZINkxOM25oQzIwRkJhdHdlNllOSWY1Wk16VEYxenBOeWFpVnA5M1dGa2VZS0t3TnBRaUVnZ0s2RnVCeVAzUkVJSWFMYjdkQVRxOXAyVkQ5aFlNTTlUTGdEcjV4bDRsb2VpenVVLTFYeGxEbUpUdEtiTEdqakFyME5jbVM4RjR0cExEQ2Y1Sjd5?oc=5,"Wed, 07 Oct 2026 14:27:37 GMT",2026-10-07 14:27:37+00:00
Yuno partners with Coinbase to add stablecoin checkout for merchants - The Paypers,https://news.google.com/rss/articles/CBMiuAFBVV95cUxORjJYQlY4T3UyRFl6bEdMTjBNRV9nN3FLZS1YVVJIdjJhQkhhN19SSGIweW9LZlByWVZpeVVmSGMxbWRteXEtVmJBVlVlSU9lNjROdk10RjVLb1Q1THhjaDBna3pBUmE5bXRIVmV6LUNfNXpGc0NaWUNJODJ0YUN0eFI0cHJxOU9sQ1RodDJob0hJdUx0VkwzLU9waU1URUphWmN0Q1VnM3RsSUxMTk9qeGY4Rk8zVHlQ?oc=5,"Wed, 07 Oct 2026 13:41:11 GMT",2026-10-07 13:41:11+00:00
SAP Stablecoin Payments Arrive as Circle Embeds USDC in Cloud ERP - FinanceX Magazine,https://news.google.com/rss/articles/CBMipgFBVV95cUxQQXFINldMdmhuY1Y4elItYWJick1OZ1Y0bl9EaGhNSXFXYkRvaWlRQnp2eVlaMWxKcmVPeHZKRlI2T245MFFfZDVjUzhrTEFvYkxCWjhrclNjdVBoZFkyczlGc0U1aGVSTVdlcHg4YjlIdHk1LTdYT1dCWWVoMlF4bkk3RHJGOWtMMHBwVW11RWI0YVhQUXZfS19LRXV0ODVCZlRDMFdB?oc=5,"Wed, 07 Oct 2026 13:13:09 GMT",2026-10-07 13:13:09+00:00
Fipto and Spiko link stablecoins to UCITS funds - The Paypers,https://news.google.com/rss/articles/CBMioAFBVV95cUxNaGxHVzNkZEplWmlCczA1YU81MVp6LUJPZ1FHT291U1Q0ZDJHY1l5RXIxNzMyMnJrdzVxdDJZQ0c5QVJVel9KMkI3LVJyR0wyMWlKa1p0N1hzZkZua01TRUg5anVOcjVTZllJYVNveUE3WllWLXMyUllOTWpsdEZSU241SHdRZGxhZUxfSmh3OG5JNDg0R1N6M1ZyaWd1MUpN?oc=5,"Wed, 07 Oct 2026 12:47:57 GMT",2026-10-07 12:47:57+00:00
Tether Signs MoU with the National Bank of Kazakhstan and the Alatau City Authority to Explore Stablecoin Use Cases and Asset Tokenization - Tether.io,https://news.google.com/rss/articles/CBMi9AFBVV95cUxQcFBmbEY3T3pJOEZ1RjVBcWlEZUtZc05BRXlYWHIwSTBldXFDQWtsaW9DZmpPLUlJUUtVRTJUckZmNnM0aFYxMmZ1QjExeXRta05fVmtZbHRwc1p2UFFYVE9HMU9lSFg0cmZuNEJ4RVo1MDBjOFQySkpnUER0VURVVXdDUVY5R2JkeGVEZEotVmppTHJObi1ydWl1Y1dRSnZDZGhoTlBjdWZDRzVjd19yM3hiY2h2MTdWRnhUUE85bUhMYjk1TmFLY1kxRUEyOGFUU2o5ZUVaVGF3ZXAydFJ0VTRxTG5Kb0pVQmRuVTJQU3JvWHdH?oc=5,"Wed, 07 Oct 2026 12:36:18 GMT",2026-10-07 12:36:18+00:00
Noah raises $38m for stablecoin payments platform - Finextra Research,https://news.google.com/rss/articles/CBMilgFBVV95cUxQVUNRVkNWV0Ewb1E1WDAyZktoQ1JmaGNrd0NQckpPa0pVVy1SWnVkaEp2ZkYxLWxZOHN1dHhQNUNCbzh3OUlJamJqWUE5cHNON0RnTlF1eld6WUtHaGh6U3BIS2FLQlFSelFxX0plNW8tLVE4N25LZTU5Vmo1NFpGV0hBdWpuZHg2MXBRLVJ3LWZnUG5nY0E?oc=5,"Wed, 07 Oct 2026 12:07:00 GMT",2026-10-07 12:07:00+00:00
Noah Closes $38M Seed Funding Round as Major Enterprises Move Cross-Border Payments onto Stablecoin - Financial IT,https://news.google.com/rss/articles/CBMitwFBVV95cUxPdmlHZXA3TVJZODlZNnNRdF9DbGZfcWdKREJ3TlF0dDQtYWEwUjh5SktfeDh4RUZmMFh0cThaWmd6VkE1YjJ0bnNmOWJFbDl0S1pmTUFPdE9jc01hTUZTZnh2b0JZZ3BPVnd1VjZ3WGdpOVBZM0JhbnpzRmRsYm9XakdzQjNDZUxLRndPUVQ4SGY0TGFtT29uUUtLV2E5Y3VxLWRPSC0xZU9Ya0Z2eTQ5VTFVc05mTjA?oc=5,"Wed, 07 Oct 2026 11:38:25 GMT",2026-10-07 11:38:25+00:00
Noah Closes $38m Seed Funding Round as Major Enterprises Move Cross-Border Payments onto Stablecoin - GlobeNewswire,https://news.google.com/rss/articles/CBMi_wFBVV95cUxONDlSMFJuMDdyOWxjUThuTFB0MWY4M2VjeTlhMjFfbURjT0xvY1BNd3dWYTJZLUhRUXhPVDZmQkM0UThfc3oyNlJxc0tUY01yQXlNRWtWcVBncHNKRDJjMlJGN3FweWQ3aGdTV1hWNFlJbVNzR3NRd3dLTHlxTWVIbUp4bXpLMHlDRGY3TWtZN1ZZNUJ3UWlSc0YzX0dOWURmQzlORmphNnRCMWN6N0YxVXpxZ0tROF85Z1NmZUhndGZkOEN1YjZBcWNGVy1UVHB0eXQwWm1YYmxQWVAwci1zb0NlajU2VlVYYzhfSDZNWDdXRFl0MUljOGNlVDgtZzQ?oc=5,"Wed, 07 Oct 2026 11:00:00 GMT",2026-10-07 11:00:00+00:00
Exclusive: Noah adds $16M to expand its global payment network - Axios,https://news.google.com/rss/articles/CBMimgFBVV95cUxOcE10Qm1kNHNCSC0weHpaQU81Uk50VUl5NWt4ek9haGs0S2xNR3dnblJqZGZmM2VDNmtod21PY3Q0X00xQXNDUGtJNjhmaHY2MHlGS0pLTHRBR1R4b2toM1pxaTdxUE5RakIteFM0THRUd09yeXM2WUFkd1F1eWF4V25uaXVnbDJFdnhEVDkxTmZsVjlxUEMtdU9n?oc=5,"Wed, 07 Oct 2026 10:23:04 GMT",2026-10-07 10:23:04+00:00
Agora Secures OCC Conditional Approval for National Trust Bank to Power Stablecoin Ecosystem - FF News,https://news.google.com/rss/articles/CBMimAFBVV95cUxPblJEMlBtSjFTUm0tVXV1Yk41OE1jaVEwVkJpV3pVQVFmSHNTZXI5Q0wtUU40MDFWUC1xSW9nRjE1eG5ucGc1X3kyMkw3RjU4UUpzcEVHRGVHbmRua2Zld3RPSDJSWHluTFJ5MmtrZll1eTJXZTVYUkVmT1plOWROLWEwRTFHUXMzLW0zYTM3ZnRyb1Y1ZHVsag?oc=5,"Wed, 07 Oct 2026 09:36:47 GMT",2026-10-07 09:36:47+00:00
Visa maps stablecoin interest in Asia Pacific - The Paypers,https://news.google.com/rss/articles/CBMirAFBVV95cUxPcHU4Mmg4enNDeTAtSEliQ1ZUR3BfNWotMXlkN3dTRmdGRHUxeksyLWMwR0JSNFdtZEQybHhfY2VzYWNuS1hEdFk0czBmUnJkMFdmeVVXMnhqRlUtVjFHN0xBaWVZdVRDSVhUVDFDeUJjT1Y2dmVsMEdHdXBGbjFaS3hYY1Bha1N6ZU9lV1JsR3ZXMnI5TGZBZDJLLW05VTFKbi1JdnV5V0RULWlE?oc=5,"Wed, 07 Oct 2026 09:24:51 GMT",2026-10-07 09:24:51+00:00
Why BlackRock Thinks AI Agents Could Run On Stablecoins And Bitcoin - Yahoo Finance,https://news.google.com/rss/articles/CBMimwFBVV95cUxQQ1R4ZFB5Qlk5cEtETkZyV0RXTUtheFpEUFhPaV9MNGd4NUdoYlQ5ZWQ1TjA0TGkwc3FEWm5BNm5mcU5kUl9HM3NTa0tHdC1DWE1jNzJMUGxXeDc2NXhjb25mWHB4TWhvV0Y3eGJZNHNXUnRUZENOMWZXYzFZYU9PNXFHTmNrRGQ3WHotVVVTQW1JZXpuWnJ5QWRTOA?oc=5,"Wed, 07 Oct 2026 08:41:53 GMT",2026-10-07 08:41:53+00:00
"JUST IN: Stablecoin holders on Solana hit a record 14M+, up from under 4M in late 2024. Source: Blockworks - Moomoo",https://news.google.com/rss/articles/CBMiqwFBVV95cUxPLUNUVkRYbHZjdGZJWVRIUFJlWFRPR1o5NVppQ2h1eWhOUEM4SUFRcUlhUWRyaXUzM0FyMm1ZN2RQOC1hMlVSSXliVDRqNjJ0d0p0dHBBem1TYTZKdEJDMVp1UFZuMUpYSjR1N3ZRWjNUUGlGeFFrSXVfM2M4V3pscW1XSnB1N3NZN2ZwVU5UdGMzREo0SDh1SGpLWWpkeXo2SldvWVVtWElidDg?oc=5,"Wed, 07 Oct 2026 08:41:51 GMT",2026-10-07 08:41:51+00:00
"Ether.fi Launches Dollar Stablecoin, With Ethena Running the Reserves - Blockhead",https://news.google.com/rss/articles/CBMiqAFBVV95cUxQb1d1dmFuQVhnZzI3YkxtVjdtRVBMeGg1YXYzN2hsWnY2eDJPMHZyWXdZbTVNLV9PVFZMWkFSbXJYS1RJTF9EcEdQWFMzMmNKeHFleTJvZjlYcVk4TE1RT2FEZjlpR1RRck8tSWU3clJ4NkEwOWRva185b1BrSkpYbTNhTFh0T0VBLWZhbDVTLUk3b3FySEhFd2ZCRWJyNDlIMDN2SlV2cXk?oc=5,"Wed, 07 Oct 2026 07:47:46 GMT",2026-10-07 07:47:46+00:00
North Dakota’s State-Owned Bank Just Launched a Stablecoin Pilot Inside the GENIUS Act Implementation Window - Yahoo Finance,https://news.google.com/rss/articles/CBMimgFBVV95cUxPQzJmV29mYkNjYUFfMTNxWHhvN0tVVXRmbjdzSENrZFlUblYzSnFzeWo5bGVTc29CdHhxQjVZYkk3dTRxLXdRbDluUzAwMl91ZGdIT3J6XzVldDJtLXRKdjBremltc01HZ2Fjc1hwSlM0NkxEaW5KQ2ZpVGlBcTdMZFFtckMtdnhKd1UySXFEdTlIVGFqRnBWMXl3?oc=5,"Wed, 07 Oct 2026 06:23:00 GMT",2026-10-07 06:23:00+00:00
North Dakota’s State-Owned Bank Just Launched a Stablecoin Pilot Inside the GENIUS Act Implementation Window - Forkast News,https://news.google.com/rss/articles/CBMiyAFBVV95cUxQQVRDZ0VQS2NrQVJkSWtKeG1UTm1pcWw1c0ZISC1wREpZdzFfejRLcXJiWHhsSm96QnNweDAwcFhiSjVYRE5nVlM2NkVwb01RNElVQWVqNFl0UEh4MXBHejdfVU5RSDk5TV9mbU45WjB3QWlza1o3VmdHdG5Lb0ZwUlotc21McVhfNnJta1Uyc2dmcU1oUkdTUk04dExxTktrVkF2M014b0xKMTN1R2RPWk5MMWhEVGJxSVcwd3VUdHpSSVdIU2JSRg?oc=5,"Wed, 07 Oct 2026 06:23:00 GMT",2026-10-07 06:23:00+00:00
Crypto industry hits back at regulator calls for EU stablecoin reward ban - The Banker,https://news.google.com/rss/articles/CBMiekFVX3lxTE9PY2dHRkJhdk12QTVpREc3QVB4U2FLblVTNHJGVVUwdG00cVc0YkM2TkpXaG9IY0RZNl9wWHdyZHRhdnJRRTBYZldYb0pjYTZVd2g0YnZmb1VSNWdNM0dkX2ZCWXVLUF9LYWIzRU11RjFpbnJWQnhDWVd3?oc=5,"Wed, 07 Oct 2026 05:15:34 GMT",2026-10-07 05:15:34+00:00
Does inclusive finance really need stablecoins? - Eco-Business,https://news.google.com/rss/articles/CBMijAFBVV95cUxPcjlzbUNEWFpmNGlNSFRIZWRTSEFFMWpHUWw1MnNXelJVQWJKT0l5ZVRyYVNCNUF0c3lDTWdPdkFGN19PVWFsU25WbWpZQ0lUR0I2T2Jha2MxZUlVMFd4S0tJZVA3Z1lENUdrcGJRd2dZR0VpaFhscm0zQlhkME5lSHFwcGkxbUtuN1JqTA?oc=5,"Wed, 07 Oct 2026 04:23:00 GMT",2026-10-07 04:23:00+00:00
Institutional Stablecoin Settlement Just Went From Zero to Four Production Rails in a Single Month - Yahoo Finance,https://news.google.com/rss/articles/CBMirwFBVV95cUxOYlEzVHRJMmlDNHVBeU9QeWl5TzhLS1dDdzJVeVFKY3RvRTZwSk94X2tjWGZaWU44U3psazNUQTYweWVWVW5jU2dTT3p1bVJYWGxMcDhXUklyeTgyRGRUMnBDYVU1cy14VTJKUHNzTDFXLWRIU09icXg1MUpNN0JOdDNWbnNSVl9aVENOUlc2NEVvc19aeG1hRkIzNERIcTZsemRaalRacGU0T013d2lV?oc=5,"Wed, 07 Oct 2026 04:12:00 GMT",2026-10-07 04:12:00+00:00
Ether fi joins the stablecoin rush: why every crypto platform wants its own dollar - investingLive,https://news.google.com/rss/articles/CBMiugFBVV95cUxPVmQyc3ZrZWFkcktpU25KOUJWQzdwY3R2ZGRJb0tvUDRwQzJQUGFyZUdmOXBKMEZQalFBUUZHYXRHbVptb3pkaHVicUhFMHlFSkVZNlhTekNZMFd3M0diTVNJbGVYcFBKMW9SRTV4d2k3WnJvX29qOVpYVFBadVAxd3djakVKb0liMjBtRFVrREtmYmVSdDQzeG9Zakp0Z2djYmsydjFRcm5yYjhmNzc1dEc0d3R4SlRKcGc?oc=5,"Wed, 07 Oct 2026 03:44:25 GMT",2026-10-07 03:44:25+00:00
"OKX Launches Standalone Stablecoin App, With Up to 10% on USDG Balances - Blockhead",https://news.google.com/rss/articles/CBMiqgFBVV95cUxNeEVuV1RBUGtxelNnR3d0Q0dzUlBVMnJOT0RadFRFUjlDREptd1FMV05pd200RXhheTlyZjNtUzVRaUVLaW9rMHJFa2VtMW5sbzBXZDl6Q2puanl1SGV2MUczUUZ2Qnh5T1J5OWVLNF9jRUpnSFZybndmNmRLYUhKQmNUV2FXR3dtdkxCLWdlbW9xVGNkUmVUaVdVZVRzVFJRM1lURi1jQmJqQQ?oc=5,"Wed, 07 Oct 2026 01:01:39 GMT",2026-10-07 01:01:39+00:00
Crypto Card Payments Hit Record $12.5 Billion as Stablecoin Adoption Surges - CryptoRank,https://news.google.com/rss/articles/CBMihwFBVV95cUxNd2hRY0JkeTZhS1VkYlVtaTZxYW9aZkJuOUNuTWFQV0xVek93aTV3U0lDT0hVVGlIckpXdW9keWVFWG1DUU5PaGV5dUFrVUl5Z3dVYnRPZ0NCOGdYNUREVjJIeWJZSGd5UUh4aVZEeTlHSXlxU2MtOFFwNkRtS2M1N2hWaXpILTA?oc=5,"Tue, 06 Oct 2026 22:20:40 GMT",2026-10-06 22:20:40+00:00
HSBC Prepares Hong Kong Stablecoin Launch With RedCoin Brand - Payments Industry Intelligence,https://news.google.com/rss/articles/CBMilgFBVV95cUxQYUtQM0k2NlZfcE1rWTJMcHpJank4a0F0TjJlQzdtVXZwYnVUdVpibndOXzA3YUZpQ3dXU2plN3FvWE1hSXpKR2ZWLVhIUVBxRVh0LUlPQldVeXA1VTVIeUI3cGVhaWZkZXN1Um42WWQ2YVZwZEJrWE5kOXM1dE1hRVZaSjZGY2tfOG5CVURzbmFlakZRaWc?oc=5,"Tue, 06 Oct 2026 21:57:05 GMT",2026-10-06 21:57:05+00:00
Crypto Card Payments Hit Record $12.5 Billion as Stablecoin Adoption Surges - Bitcoin Magazine,https://news.google.com/rss/articles/CBMigAFBVV95cUxNdkJGeXh5STJpemMxdzc2UTREa2wzZkdpX3c3blVBR29HOFdQb3NoQ3h2eHJVREtHazN2MEtFbFZDR2JuTGlLaUY3N3NqbGFYOFljRHJfY2ZLVGx0T2Z0em1nTFJjcXA0ME41Y09mWjQtbExqcTFCQklVTmI0NEJBQg?oc=5,"Tue, 06 Oct 2026 21:48:49 GMT",2026-10-06 21:48:49+00:00
Nearly half of APAC consumers eye stablecoin use by 2031 - Asian Banking & Finance,https://news.google.com/rss/articles/CBMimgFBVV95cUxOWElicFlWV0w0X2lYQmNwOGV3TlY5ay1kT09WOU02aENmNDdnZGVmOUhmaDJSYkNIYmVWY0VOUGY1SlhHWjVaZllhdG9TNVpwQ0ZGbkp3VHlzZWFjZzVYd09WNm84ZWVMRHNLMjhpcVAzLWlOWThMZ2JHckRNaTB4MVV0UkVpQ2NhWWoxQlBpc0VUMW1ZYk5BM09R?oc=5,"Tue, 06 Oct 2026 21:00:00 GMT",2026-10-06 21:00:00+00:00
Majority of community banks express concern over stablecoins - American Banker,https://news.google.com/rss/articles/CBMinAFBVV95cUxQSVRkaXZMTXk2elpFMlJvNXYwSzExS3ZOeVlzdnVaeHgtb0t4R05JcUEtdVQ0SS0wZVhXWlFWOFNGNXQwU1RuTXVabmxGaW9SbUl3X045Y3U1S0xBbG9PR2IyOWZla1hybFFlWHFZcUtqZ28zTHJlNXJkZHl2M3NCMTd5OFpEaVpIU1BpM2k5Q2VSM0F2TEE2VnZCczk?oc=5,"Tue, 06 Oct 2026 20:23:00 GMT",2026-10-06 20:23:00+00:00
Anchorage Buys Routable to Link Stablecoin and Fiat Infrastructure - PYMNTS.com,https://news.google.com/rss/articles/CBMiqgFBVV95cUxQVDhoLXZvOFl6OU5nZUc4MUs0dGFmRnQ3V1FjQ0hQUkJkcEkzM0NUa0lsRi1pYTJaZk5zNFEyS0tveVZXRzlCaHdDRlAtN0h0S2NPV2d4a0lTdHhTVkxVMVhmZUM0SERhU0xKdXBVd3hwWEFHT0ZQYlF1dDlEQUVCNDR6V096VEJuODdjTXkzVElUTHExWktUNFBWUTdBTEVHc19GTXYxWUZtdw?oc=5,"Tue, 06 Oct 2026 19:54:59 GMT",2026-10-06 19:54:59+00:00
The Fed and PYMNTS Intelligence Agree: Stablecoins Have a Demand Problem - PYMNTS.com,https://news.google.com/rss/articles/CBMisAFBVV95cUxPQzFadldzeFRkeVVVLXlFZG4yX2Y5WFpRUnVWSjdLZ2JzbGZ6NkxCRlFlWkwwaC1JQlY0RHN6dkFQVDNFR0ZOVFVvYWdRY0R1b1loSDE1dk9kT082X1puQUZQRXl3eEhYTFgtOHg3cnFkQ0M3TjRpcHdIczF4b3lQQ05La21JMHFwa0hnYk9yN2R1NGZuV0JFbDYzZGhKb1I0YlJ5dWVFTjI3WmZKd0ZWWA?oc=5,"Tue, 06 Oct 2026 19:54:59 GMT",2026-10-06 19:54:59+00:00
"Watch Tracking Stablecoin Supply, Circulation - Bloomberg.com",https://news.google.com/rss/articles/CBMimAFBVV95cUxQSGVUVVNrYjZjWVpIdVN3clhHU2IzeUg0UDd0VDFhdTRaejYxaG1BVEVkdkhxTS04Vm96bnQ3cHVBTVctRnI4QktvU3dLVlh3Wm1FRUI3MkhzRFM2Z29jckh0a3lEcUZSNHMzb0lSZk9Kbml0dWRyTEUwV1daRnNDa2RyTEk5R3RrYzdhOUR0RnpGMWh4UUVSbg?oc=5,"Tue, 06 Oct 2026 19:46:55 GMT",2026-10-06 19:46:55+00:00
Tether Hit With Lawsuit Over $2.76 Million Stablecoin Freeze - Decrypt News,https://news.google.com/rss/articles/CBMie0FVX3lxTE1YVU9iVDBvbDVMcG1FZHREMWV2YTBERWMzczBXTVFvWVZVenZiejNlYW9NaHE2UFU4VEltc2hDaGtjckdCMHFuWFVLWGdjcERralZPbmpIMEg4UEVoNHVVS0F0NzNWSVBZVVd0R3NBQ2tVQ2FjbG1zejBCcw?oc=5,"Tue, 06 Oct 2026 19:46:04 GMT",2026-10-06 19:46:04+00:00
Bank of North Dakota announces stablecoin pilot program - InForum,https://news.google.com/rss/articles/CBMingFBVV95cUxNbnBvSml0QjFMc3ZWRHg3VjJtd2JEU1piVEpQT3lQMHgwSV9pR0NIaFEtWFo5ZGNlQXlyU3VJOTdOR1ZEVHRTekxWQlFENFJfdWVsbENjOTNscWh2VURLb2xkdnlqZGFuQ2hMXzZzTHJQYlRycG9JSG9iQ1QwQUQxcUp4MXV3VGtZckZoLWRMaEswaEZzb1RkQXM1LVJTUQ?oc=5,"Tue, 06 Oct 2026 18:58:00 GMT",2026-10-06 18:58:00+00:00
OKX’s $25B Round Brings Stablecoin Issuers Into the Tokenized Equity Stack - Forkast News,https://news.google.com/rss/articles/CBMimgFBVV95cUxQa2JNS1Nsb3doUEdlWnAyZHVaTGJGWFZzbFZESEY0WmJaczB1dzJSNHhoLWcza1pLNG92MGZ0TXlDWWZuanplbS11REg4TWNtZnNUQUtYeXg2UUkzMmE5Yk5lMDVkY2tyMDhDVDFnVGhkY2h2cDJ3RzlRUDJHTXB3Mndfa1R3cGZRQ2hNeGYzT1dTbURlbnRERkJB?oc=5,"Tue, 06 Oct 2026 17:32:24 GMT",2026-10-06 17:32:24+00:00
OKX’s $25B Round Brings Stablecoin Issuers Into the Tokenized Equity Stack - Yahoo Finance,https://news.google.com/rss/articles/CBMinAFBVV95cUxNb3NEUFl3SUpwaUl1ek9zRi1BN3l3U3liemVlNGxiUmFURWFjV0FDakQxejJBSHZjMFRjY0E3bUNYUldVLVdVRktFYzFXV2JPczNXaURsM1FrSmJYckFoMWdOeWU4RU55MDNieFVDcUZwVjB6UmgyWlQxblEwcHFMRlgwelRQMTNlOVdrcWdHbnBJODRQbzdSWkQxbTA?oc=5,"Tue, 06 Oct 2026 17:32:24 GMT",2026-10-06 17:32:24+00:00
"Ripple Is Expanding Into Turkey as the Lira Falls. It Is Selling Custody and a Stablecoin, Not XRP. - 24/7 Wall St.",https://news.google.com/rss/articles/CBMi6wFBVV95cUxOc0h2Z1UzUVVKejQ3aEFvUnZfRU1xd0d3MWRFakFNOTlmd1BFZDFGR3c4bWtYb1A1ZTVxUDJzeENseXhPZ000SklEalB4SDZzeHB0eVBYeWZOYThQV3hIV0lvck5YeEFaV0hxcnk2TWlLYWw5T3pna0NscnlCZjVnMW0xNy1pSy1mSHFrSWtud2RIS0Vfdko2aGJLMkFDN2kwQ0dIRHpreTFISnVQLUFnS0M0LWdpM0w3MHN6eUNtRlhMX09hZC03T2pacE5zTkg1eW4yWi1DRUVxazU5WU8yS1dKbDBPTUtKVm1F?oc=5,"Tue, 06 Oct 2026 17:30:00 GMT",2026-10-06 17:30:00+00:00
Community banks brace for stablecoin competition as 60% fear deposit erosion - The Business Journals,https://news.google.com/rss/articles/CBMiqAFBVV95cUxPSURDaUlqNEhZTTdnbVktZ0ZmNTJPQzJ6azdQaHRBR3c4MnlCYWlqSEJ1OUtCYkcwdW5PUVpNNzc3VFNWaFNfTDFJQkltRVluNGFnWDNwTElUc096aEpTMmNnVXloUGFtcG9NelVjUTFNYVV2WjV3VFFzdFg0VXhEZ0VkaXY0OEtRUy13NUdWdUYtZmJBRk44MnVxY2EtZUFuekZ1R1ZaQ0w?oc=5,"Tue, 06 Oct 2026 17:27:00 GMT",2026-10-06 17:27:00+00:00
Ether.fi Announces Dollar Stablecoin Powered by Ethena - The Defiant,https://news.google.com/rss/articles/CBMijwFBVV95cUxPV05Nb1BsdDJrQTZuMzFiWUVUc2xnYVlDYW9ueGRjcjcyWm9rT1VCRmQ0eVVTZFNwLU51ZDU2dVBQZDViNkszbTlHNTVUbWlOTWpzVHBEeGVxSVYwM0ptemFXMWNlelVDNldtbVlyQU4xalVrTE9UWEs0UTdRU3RLbTg0S0hpYXBZeFp0VTZOWQ?oc=5,"Tue, 06 Oct 2026 17:22:29 GMT",2026-10-06 17:22:29+00:00
XRP Ledger Stablecoin Supply Rose 8% in a Week and Is $50 Million From Passing Avalanche - Yahoo Finance,https://news.google.com/rss/articles/CBMinwFBVV95cUxPTk5OdHktRFlrdEhMVlB5UVFTbzVBVUZ6SEtPNGxNSEFkVC05ejJBcnVYYWhmUTlydFdhUkdLUTRyV29KMWI0Vy1xR2FJX1hKNFNHYXpFSThON3Jpa0JpLXRMcFRoMzFJX25saVRlSGxBZVQ4b0hCcnhmTk5YeHBld3U0bEk1cDhBLTlBSnVxejc4dXBXbXJDUGRYREYzcmM?oc=5,"Tue, 06 Oct 2026 16:37:15 GMT",2026-10-06 16:37:15+00:00
XRP Ledger Stablecoin Supply Rose 8% in a Week and Is $50 Million From Passing Avalanche - 24/7 Wall St.,https://news.google.com/rss/articles/CBMi3gFBVV95cUxQdWZ3ZkJ1Sl9hY3N3NzZHUnlwcDVESjVQMkxRNnQ2dWVMWjFZXzczZzdpdFFqcnpFalltZC02WjJhakE3WVc1amlaV2ZCOGxNczI1VERYeWFoYmg2WTk5NV9SU0Y2MjN0NHVYQnFLMUpPcnZYUGswLUNNUzVTRnVjLWw2SEtGeHFUY3d2ZmxzR01lbmpZcGNYZjhjUzhFQkUyOGVXbEdWNzNXNlhTOFF6M0RrVkUxaFRsaFY5cXR5Q2oyTldNdmdLcFFhV2NUOU9rbmd3V0YtNjFZT1c4Qmc?oc=5,"Tue, 06 Oct 2026 16:37:00 GMT",2026-10-06 16:37:00+00:00
OKX Money takes stablecoins into everyday spending - FinTech Global,https://news.google.com/rss/articles/CBMijgFBVV95cUxORGVaTWFTWXBsS0NQV3lRR0dtSjZ0MDFPcFBvNVE0UjZqYjRZQ25yMFBDRlBWcVBBeTc4bTdTUzhuUG10eXotNnhUVWFpbUVMRjZtYXJva09TbklZbDhILUZFZGozY25Gd2haUTNmU3JKNnF1V01JTjlKN0RrbldmQ3A5M2M3SjZ5UXFkMHp3?oc=5,"Tue, 06 Oct 2026 16:33:33 GMT",2026-10-06 16:33:33+00:00
Paxos Brings $3B USDG Stablecoin to Arbitrum - Yahoo Finance,https://news.google.com/rss/articles/CBMinAFBVV95cUxNS0piX1ZZUVpmeDNtZHo3bnJLRHJrVUhZek85S3VHTUV5X0p4eGpfQUItSWszS1V0SkVfRmgwSzlpQ0l4UU42dFN6MFlaUWlfQW1oMFp0QXhqY1BVN3h0MU4tQWJCUUhDcThpU1pScnNEcnd4ODVVN0VuQWNjd1E0MWZjRXhMQXhQRHV1LWhpYXVkRi1VRW05QVd0TVk?oc=5,"Tue, 06 Oct 2026 16:05:00 GMT",2026-10-06 16:05:00+00:00
Ripple and Circle backs OKX as it targets the next wave of stablecoin users - CryptoSlate,https://news.google.com/rss/articles/CBMiogFBVV95cUxNQ2dSYkxDTlRla0NHWFVNOUxfWXV5RjNLaEdBVkJ6Z2NiajlLYm4wZ2xuWmpRUTlwbkhxOVdNbHIxdjJ4dVBUdHhQMEpYUFBDWVBKNkFoX0FkZFMtUWE1TFJodzRWTThjdjdYM0NaaHZTU2RNMHEySkh0RmlVQUMxMHJ0d0E5ZW8ydk11N0tkZS1zcXJQTmlQOFFOYnJlNFdRQkE?oc=5,"Tue, 06 Oct 2026 16:00:26 GMT",2026-10-06 16:00:26+00:00
Stablecoins go mainstream | Inside FinTech | Global law firm - Norton Rose Fulbright,https://news.google.com/rss/articles/CBMiowFBVV95cUxNZ1FaTklfTTd1aDlmTUVfWmNIUHNaSDR0bTduOENwNTdUU0hYMEJzOFVJbkFGYnJ3Rm5MYVdiWVgwekhkdUllejZRaGFXcVdpQ1E3WkhWOFduN2ZWdTJxbGZWcy1UQnRBSWdPZXY3TFI1N0JPYmkxeUEzblJacW9VTVZlUHk4ZlYxSlF5REtwSVUyd1hvRENfSThPcGotTm9aVm40?oc=5,"Tue, 06 Oct 2026 14:28:26 GMT",2026-10-06 14:28:26+00:00
OKX looks to abstract blockchain mechanics to bring stablecoin balances to everyday consumers - CoinDesk,https://news.google.com/rss/articles/CBMiwgFBVV95cUxNRVZWY1VORDdvTVRuMTZ4MVVhckp3VF9feFd6SHF3NUc0Tkh4eVRrMEhNblBYYlVRS1JSMzQ4THFTa1JZcjQ2ektlLWFmVmk0dS02a0RGU2hSWGhEb0tLSXBZV3pQckh3YVpXRXp0VWtLVHh1QnkwcFMwVFJWT2NZaGZGLThMY01CYmk0TTEydmtmYi1sSnRmZi1fZUJ3WHg5NFNjNkFNeDBqUm9vRVJIWDZMc1V1bl92Z2ItLWlqdlR1Zw?oc=5,"Tue, 06 Oct 2026 14:26:32 GMT",2026-10-06 14:26:32+00:00
Ether.fi: launches its own USD stablecoin powered by Ethena - 06 Oct 2026 - TradingView,https://news.google.com/rss/articles/CBMizwFBVV95cUxNeTVTMm55bXF0VjJOUko4Rkw0Yzh3UlFRSWRETkhyWmJ4VURiWjBRZHBKbTVNcWVHakFEWHI1TGEwazd4bk56WnUtYXBuUUxnZVRYSTB1UFpYeTBoU0JzVy01aTAweUU2S1NnbGEtbE1SUmF0b0NxejlNUlEyWHNtSFhFdU5hQ1Rwc2lOaEdaVWdoTWZzd2pDUVRaUkNPSXlqQ1EwU2JKWTBLRDV6enNIcXZ3YmQ4WVpHaWFsdDVpTmlIa2hhZ2VvOV9yV0t3ZUU?oc=5,"Tue, 06 Oct 2026 14:00:51 GMT",2026-10-06 14:00:51+00:00
Stripe Expands Stablecoin Cards To More Than 100 Countries - Yahoo Finance,https://news.google.com/rss/articles/CBMiowFBVV95cUxOb0NzZ0dDZWw2Q0FNZGpkOVMtM2VNdldBWGFOQ3ctejZtenZsQTJNUlVGeV8xczRndVE0c0s5Z0FTZ1NiYm84TXZDNUtENGJPTUxvbmJaZ2VNREJ4SXNFZFZxUjh3Q19HMjNrdElzQmZJeW9TVTQ0bXRHT3E5dmFqTVFWaUJ3OWVsWC1SMFVQMUNGcWMwX2g0aEthdjlzLS1Ua3BJ?oc=5,"Tue, 06 Oct 2026 13:35:00 GMT",2026-10-06 13:35:00+00:00
OKX Launches OKX Money App With 10% Yield And Stablecoin Card Payments: 10 outlets compared - NewsCord,https://news.google.com/rss/articles/CBMi2wFBVV95cUxQLXkxNmFPYUxybzFMdFB1MEhVZEtaYk15NFFqQzBKZzM3YkdYSF9Pb1VqYVpRaTNnVkRZRE4yU2JzRjE3c0xrbXdhRFNvdTdFYk9jbE1ULURuZVhSQ1F3WVlmMk5PU1UtaWUtVHhtWmJReTVBY1dab1lqa19hWWdfdGl2WVZrZkMwMHByMHZtU3FqVWpsaTRkcF9Qbm1tcVJfU0pqcXJadlJlV0ZyZ1JJYkx2dV9INHdXb1FEdjNhN1p5NTZmWkxiMVhVVDRPV01IZkhMMGRhVG1pb2M?oc=5,"Tue, 06 Oct 2026 13:22:20 GMT",2026-10-06 13:22:20+00:00
"Ether.fi Is Launching Its Own Stablecoin, With Ethena Running the Reserves - Yahoo Finance",https://news.google.com/rss/articles/CBMinwFBVV95cUxQaTAxZHZFVjFjOUYwekt0MFZDdUlNbE5NV3FNcURyeS0ydi13eThYRnduUjBCbGJKZml4aW5PUE9iVF9UMGVGekJjYi16T2tPUzhfenBqMkF4bjhXaEZzeEwtQTkwdHVpTTZ0T2ZxX3NmN2xScVhiQmQzOWt4cDIwaWF2aGI3blMxSk4xN2NSdkNDRXNxMFhYSWdaSDRleDg?oc=5,"Tue, 06 Oct 2026 13:14:05 GMT",2026-10-06 13:14:05+00:00
Arbitrum joins Paxos-led Global Dollar Network as USDG lands on Ethereum L2 - CoinDesk,https://news.google.com/rss/articles/CBMizgFBVV95cUxNRnFzYTcyaU95UmJZVnBNb3lEajFlcjM5cW9QOEc0TVhXUDJzYldqMy0zQmJoZ01OZXFjbnVrb0w2QmtaVXlBcWtmc09aTTlZYk9qQ2lZWDRNX1BWSXRMOHZBZ3hVUGJJOGczVGdDY1d3QWwxcUl2cmxIek5MVnZaYWpaVUt3ZkxkT2tmUkxscVJLb0lKRHBvaE5DZHMzNHdYZkgxSENfTnhaSl9pak5RZFFuemtfemZiSkFfcmVNaDRjQkR1N09DRzk3Y25XQQ?oc=5,"Tue, 06 Oct 2026 13:02:33 GMT",2026-10-06 13:02:33+00:00
Rain Files OCC Application to Launch National Trust Bank for Stablecoin Payments - FF News,https://news.google.com/rss/articles/CBMiqgFBVV95cUxQQzNTLXNwTGJPMXlralg4NnpTMXd6Rml0QWJKb1R6eHJ0UVJRMUNkS051V0RMbUktYk9xT0piWjd3aVBCSUxXOFhkTnhfOU1pMl9peEEwU3NRWDFLak9VSE41ckxFaTNQRG1nT2NiWUpLckd0alQxaV9LQmpzd1pFWUx1YzB3YWNFQ0c2cWhMVkt3VzlpZE5kZ0h0VW9wSG5NTXlHM1JMUzNlUQ?oc=5,"Tue, 06 Oct 2026 09:56:07 GMT",2026-10-06 09:56:07+00:00
Kora launches stablecoin rail for African cross-border payments - FinTech Global,https://news.google.com/rss/articles/CBMinwFBVV95cUxOVzFwUkdjQVJwd09KMVhWZU54RkNDWHNPdzZTcS1MakVwS1NMcUZyenNSWmQ4cnp2U1hzQWdjajlxbHlobmNzMjh4MU04dVhQRDh5SVVuczRWaXYxZTA2bjhlcXFHU0ppdk9GM1U2ZTBwZGtqODRvbkRJeFBwZHRQLURIMm5vRWgtQkFteTZoUGVZZk5zSmthVTBXdWlWeE0?oc=5,"Tue, 06 Oct 2026 09:12:29 GMT",2026-10-06 09:12:29+00:00
Can stablecoins win over wary Asia Pacific consumers? - FinTech Global,https://news.google.com/rss/articles/CBMikAFBVV95cUxQWDM2OGNDSHotQ0xNMUJMd0I3X1V2SWZYRFFXUVJad3BhS3haU0JyYkVGTkhhbHQzUnUtVGNDRDBWUGRUZjFHOGJic3VPZ2IxVGR0c0FmLXZ1elgwbDBfSFdueGpBOWFJOTZuMHBzZzBYamZKN1Zld2Nsamg3RkRHRmNQUlUycmVhQXFDWTNTV2o?oc=5,"Tue, 06 Oct 2026 08:58:02 GMT",2026-10-06 08:58:02+00:00
Stripe Is Betting the Farm on Stablecoin Rails - Forkast News,https://news.google.com/rss/articles/CBMid0FVX3lxTFBjYnh0OV9tSGhKU3BlTUJnbVNaNl9xWVYtS3c3YjJXa0tLeE1Fc2gyWGRMOEUxSjFtS09oSUlwOXNod1VkUkNaVWFBTl93eUpjaFFKNE5jREpxR1dQai1rZXY4M0dBV251TnVQTU9jbWNaV1hWakZn?oc=5,"Tue, 06 Oct 2026 08:24:30 GMT",2026-10-06 08:24:30+00:00
Stripe Is Betting the Farm on Stablecoin Rails - Yahoo Finance,https://news.google.com/rss/articles/CBMiowFBVV95cUxQekx1Y1VoWUtnTGlPdHhHSUdxNEFDYWhXU0JJa3YtQ280ZTdyMFl4UXJOVjBjUlpQb0ZrMXFsZTdiX0ttZTBCMHlqWlgzT3UwQUVTU2t4LXIxV3NpMWxfbDNhTUtzTURMczFyUkc3b0RyZXRxZGhvNEUxUG5rMGFyYTVoQzNsZU9zNlQ2cW5MY1lSYkxhVzc2bENRTWJJdUV6NWQ4?oc=5,"Tue, 06 Oct 2026 08:24:30 GMT",2026-10-06 08:24:30+00:00
China’s Stablecoin Underground Hits $104 Billion Despite Beijing’s Crypto Ban - Forkast News,https://news.google.com/rss/articles/CBMinAFBVV95cUxQRzEybjBPQXJlcHJ1REdnU2FVMkxha3JKZVVtbzlpOHlGeFRwc1JaaFNacmdZVFVDMGFPOXIyb3RJb0lWTk54eW5IUXoyM2F3T25odHBwUUh4ajR1X0FzUGJqTW94TXhpTnAxa1R3bHRTYmQyZnFielpXNVVyZkJZeS1lU3EtZC1sbnhpZVZsY291a1g1MGdHS0txaDU?oc=5,"Tue, 06 Oct 2026 07:47:15 GMT",2026-10-06 07:47:15+00:00
Rain Pushes Into U.S. Banking With Stablecoin Trust Charter as OCC Faces Legal Challenge - Bitcoin Foundation,https://news.google.com/rss/articles/CBMizwFBVV95cUxQRzZydTE3bUNOWGJuTExWZGRfMFhLeE1NanJ4SVd4WG5mSEVSNmQ0UWFfTUgxaUpoSVMxQ0wtcEFFaWJNUUsxTWNLRlRkeGYzY09oNmlBVEVPTnFweGxCS2N6NEVtVklqdDZqd3Nublg1T29TVVVjaklORFBMdU54U1gtVmFFM3RwT2hOWXYtRG5Uak1vckMzNkVia29PNDFJV3Y2N1ZoRkFqTlJ5TkxYb0F2ZUJ5Sk00dnZvZzdXbGk0NzZ6VExlRmZySUVGZm8?oc=5,"Tue, 06 Oct 2026 07:24:21 GMT",2026-10-06 07:24:21+00:00
Stripe Stablecoin Cards to Expand to 100+ Countries - Altcoin Buzz,https://news.google.com/rss/articles/CBMiiwFBVV95cUxNc2ZHeFNOSFFsd1BuRFJ6SWxtT3prMGE2RUNyVjB6UXhJVEZBdlRlOEY1THpqZmx5SEZyTVhkeW9LcFcxUjQxd0ZrcmdCQTB2em13QlJTRVRvZ1BrTnFaME1TcTBEaHphamtJb3NUNzBnS2JoUGlYOENSTWY1LUpVUU9UMnZKS0NIeUFN?oc=5,"Tue, 06 Oct 2026 05:58:49 GMT",2026-10-06 05:58:49+00:00
The Bull Case For Fiserv (FISV) Could Change Following North Dakota Stablecoin Platform Launch – Learn Why - Yahoo Finance,https://news.google.com/rss/articles/CBMilwFBVV95cUxQcTFybXNDUXpuRjBGTDlseWFxTlNVMGlsS0xhN21WendlR1Y2TGFfN1hmQW5WWnV6QWhCT0RoUzlWYWdqbFBraFY0ZTNTS0NLT3g4dm5DVXNEQ3RXaEFxRk5Bck14ZDdCNFZaMl9UaWg3THpUZlBBN3VqcUJaUFZad196aWdQdW92Yl9GNkZEVnR3NTY1bWRn?oc=5,"Tue, 06 Oct 2026 05:07:00 GMT",2026-10-06 05:07:00+00:00
Changer+ Launches Stablecoin-First Self-Custodial Wallet to Make Stablecoins Easier to Use By Chainwire - Investing.com,https://news.google.com/rss/articles/CBMi3wFBVV95cUxQR2Rzc0d6SmNuZ1ljeEhlWGRQSHNvX3U5endFVlVsbnZCNzMzMVVIdkpJcGtPa0hzSDlhNk5RMGU0bkpzZ3dJRHpKZFY1WHVLQ2ZCSnoxWFhMaUpjLXlKeDA5ekhYeklOaWlLLWdXOExMSXU5VXEwUmpFNmdTVk5iQ09GN1hUV2J2Unp1TVBGbnZiUmpwZ0ZncVNYejJWRUtqTERERnZBeUV1NlkxZy1NSU5ORkNiT2FVVDNRV24xeTRpUzdQZ2x5VjJCajB0SGVSRWZtY09EclV5WkJweUFR?oc=5,"Tue, 06 Oct 2026 03:49:23 GMT",2026-10-06 03:49:23+00:00
"OKX debuts a platform that turns 50 currencies into digital dollars, betting emerging-market investors want stablecoins - Fortune",https://news.google.com/rss/articles/CBMiekFVX3lxTE0ybV9MX2lRSXJzUnJERTNYOWs5RlJac29YRklmdE5hcFNzbVh2WjlsR0tMUUFUX2ZiRF9QUXVlN0UxeWd2TzRtQThxTXhvQzA4bmJHU0JJNHdIc1FWekJpRmFZOU83T1NGUFB3V3pSdmRoa1RsYU5WaEh3?oc=5,"Tue, 06 Oct 2026 03:40:00 GMT",2026-10-06 03:40:00+00:00
Bank of North Dakota announces stablecoin pilot program - Williston Herald,https://news.google.com/rss/articles/CBMiqAFBVV95cUxOaTFuS3dESEV5eHZjQnVaUEk0MTdaTTltOWF1ZE04aXlKeW9qTm1oelJ2TTJwbk9zWVg2MDNkUTBwU01TRlV6M0w2LXV4VV9EZDFaeHByMGlIb1dENEFxNnUtYlAwdGhJOXUxa0NFd01FYlBnVDZPQ2tlN1RBN0RObHlMYkhuTzBUX2k3NDVCeGRDWDYwOHdpM2hteTBHZHd6ZWlVVlNTUko?oc=5,"Tue, 06 Oct 2026 02:02:01 GMT",2026-10-06 02:02:01+00:00
Bank of North Dakota announces stablecoin pilot program with local partners - North Dakota Monitor,https://news.google.com/rss/articles/CBMiugFBVV95cUxOcDhKTEowcmJqcDBPcUlWMUNHYnFZeXhsZGp3WFJuWV9QZW4xZ0dBcHotRVdWa1NZRmJDUjRQRjEycFVoUjJHcWVkS0p5bG5IRmZjd1lxMlNYZzNDRmNwSGlGWHIyRTBkREdTNms1M190QXZCMy1NR21mV29sclBBZTFyLWJXTlUybW93ZWpuRWg5ODlYbzVEN3FzU0ZPM2p3b1RzQmlIVi00Ym8wUGNOQzJ3UzZ0a1A0NHc?oc=5,"Tue, 06 Oct 2026 01:49:45 GMT",2026-10-06 01:49:45+00:00
Bank of North Dakota announces stablecoin pilot program - Wahpeton Daily News,https://news.google.com/rss/articles/CBMiqwFBVV95cUxOS2R3eFVFeUZxV2NpTlI3NU5PZ3VkOXpMRGZvcGEwZVFZczA3WDR3Y25uejdyd1RGd2xPZkl1TF9HV1BvVzlVTEJ6bGJxWGRYVnV2ZlRla1hQR1QtR0VMcnJja3gwZ0s3aGx6bC1nUGhJbDduandsM05FTUxxcXlVV3BXOE40WFFVQWdPTFVxRDltVEJWREVSNll4dXQ4NFhXajBybmFwT0lrSnM?oc=5,"Tue, 06 Oct 2026 00:02:08 GMT",2026-10-06 00:02:08+00:00
Bank of North Dakota announces stablecoin pilot program - The Dickinson Press,https://news.google.com/rss/articles/CBMiqwFBVV95cUxQUjFuZ2lNaHUwRkZ3MVYyaXc5N2JlaENqTUVBbldIRFVyR3BtZjZPR3dsX2dITEJvcl9nRGZPWDJ2VTZ5UVBXYjdxcFlPbEpPUFNWR2VwTDNrbW4xaVlvWkxMOHdEanV6YUpyY0h1Z0N6QXFGYXdOY01GcVBoVENhNWx4LW5pNnE1Ykp5WDRxb2U5c0VvVTFGVWw2XzM4SW80TlA4Ri1Ib3c1SVE?oc=5,"Tue, 06 Oct 2026 00:01:48 GMT",2026-10-06 00:01:48+00:00
Bank of North Dakota announces stablecoin pilot program - Grand Forks Herald,https://news.google.com/rss/articles/CBMiqgFBVV95cUxNWlk0Y0V2dW4tU1lIdjFzSmhRZ1N0VlU1M3dPNHE3dWo4TTY5aHVWSlpPQV9LU3VDVFpSWUlkUS0weUsxM2szR2VFaEQ3UENLdGl1cUJ0c2Y3NXlqb3poeUZkY1dVLVFDN3p6VVlvd3lDUk4xMk8xN2tnM01VRmJkd1kzQmhVN2VoM3Vlb3NXZHlVWjhWcWx0MXhjem5XQ083a2tMS0J2M0lpdw?oc=5,"Tue, 06 Oct 2026 00:01:18 GMT",2026-10-06 00:01:18+00:00
Bank of North Dakota announces stablecoin pilot program - McKenzie County Farmer,https://news.google.com/rss/articles/CBMipgFBVV95cUxOMFhHRWtRM0Z3OVh4eGdYd0hXZXJraDZhN2xaQkZQYVpHaEN2Y2l5UnBiWGQ3cWxKODNmd2xVUU93WWNBTmd3eko2ZkJlbUhQdXFXbkl4T3phSnpRVU8zdDdjLWxoQXRoMWtsUWFRQUpJdDU0bHlUclBYbENxTTIxaUxEUWVhcWJWU3dncWJEaUUxZEJIRHNuZXFFam9jVHBPa1lHeFV3?oc=5,"Tue, 06 Oct 2026 00:00:24 GMT",2026-10-06 00:00:24+00:00
Bank of North Dakota announces stablecoin pilot program with local partners - News From The States,https://news.google.com/rss/articles/CBMirgFBVV95cUxObDM2SzBRV3huaGwzY280VWFnZWhueXJtczh2dm9sQ1VhNkhqSkNJM2dXek9zUUhla2p2Zl9KLUNBZWZFN25heEg0WmZXQkJSeGlvcENUQnJNeHg4QU1pWGE2VFJ5RnpOY05Ma0NrbGJlLVVmVnRVakNiOGpWdlJFcU1mNXc3NFpzRFZTUmp4U0VlV0c1NkNWTGk2Y0JjNWJNYkc2djVsY2RTUUxwNmc?oc=5,"Mon, 05 Oct 2026 23:50:37 GMT",2026-10-05 23:50:37+00:00
Twenty one of the world's biggest banks are building their own stablecoin - Startup Fortune,https://news.google.com/rss/articles/CBMiogFBVV95cUxQVVJHcjJOSzNNTGJ2SG5PTUlLUlVBZkUxRjByWTE5d2l6Rmd3dkhYNERic0R3SGZTWF9qZFdraEFYQ3c1T1ZwOEFWaHVpUVJvcUxlQnktaEI2WDR1Y3FPYl9RLVJVT2NuYVZPcVhPZ2VmZ3F3OWFvWUdtS21FSVRwdzQzU3JTb0FPbEkxZ3YwdVhXMk9KZzhmOFpDMjdUWEdvZlE?oc=5,"Mon, 05 Oct 2026 23:46:17 GMT",2026-10-05 23:46:17+00:00
Stablecoin Banking Launch Might Change The Case For Investing In Fiserv (FISV) - Simply Wall Street,https://news.google.com/rss/articles/CBMi2wFBVV95cUxOZXlWc0ZHejV4RXBvb3prdG1uMkZteDJxQ2VHbl9ZMTYtUmVnTDNVdEZCYXYxTGJPeEYzLVgzcnRTOV81dFpwU0xNSmRWOHFXSnhSZ1pGZWxoenRDazhoRWEwUXZScTk2cUM3cE1lOEgwVE01NnFjU0J4SmdPLVBtVzFweFdsblpheThWam1BcEdpYi1ObUlURXVIU1pKbldZb3JseUF5cmxrQkNFMV9VTFlBWDg4aG1RWlFCWlJfOEp6UnFSeTlQU2lmZnVvRnplNEFGemZkd3ltYVnSAdsBQVVfeXFMTmV5VnNGR3o1eEVwb296a3RtbjJGbXgycUNlR25fWTE2LVJlZ0wzVXRGQmF2MUxiT3hGMy1YM3J0UzlfNXRacFNMTUpkVjhxV0p4UmdaRmVsaHp0Q2s4aEVhMFF2UnE5NnFDN3BNZThIMFRNNTZxY1NCeEpnTy1QbVcxcHhXbG5aYXk4VmptQXBHaWItTm1JVEV1SFNaSm5XWW9ybHlBeXJsa0JDRTFfVUxZQVg4OGhtUVpRQlpSXzhKelJxUnk5UFNpZmZ1b0Z6ZTRBRnpmZHd5bWFZ?oc=5,"Mon, 05 Oct 2026 23:02:58 GMT",2026-10-05 23:02:58+00:00
Stablecoin Banking Launch Might Change The Case For Investing In Fiserv (FISV) - Simply Wall Street,https://news.google.com/rss/articles/CBMi1gFBVV95cUxOam80d0RsRkNaWkpEVTcyb0c5dVFvY2w1aXg2aFBSeGR2NWxxU21UZ3ZlRGRuQ2xTbHBZLWhyc2wtalEzUVJNNWwtVTB2SkFKdWR0VDFtX2FvOGQ5RmpyMVVYRm1sNHJiQjNQMTNvUXdJbER5eG5nOHZCdTRtR0hacktyRndtbmFOTXh2MlROZVpDRldGVzZPSWtlN0FTR0VqTzdOekxkcDBDWVVIMlg1aWJBUmJkUkJDbm1qZFREZTM5YUJqTndNaFZ5ZUcwLTFuSGJJbkh30gHbAUFVX3lxTE5leVZzRkd6NXhFcG9vemt0bW4yRm14MnFDZUduX1kxNi1SZWdMM1V0RkJhdjFMYk94RjMtWDNydFM5XzV0WnBTTE1KZFY4cVdKeFJnWkZlbGh6dENrOGhFYTBRdlJxOTZxQzdwTWU4SDBUTTU2cWNTQnhKZ08tUG1XMXB4V2xuWmF5OFZqbUFwR2liLU5tSVRFdUhTWkpuV1lvcmx5QXlybGtCQ0UxX1VMWUFYODhobVFaUUJaUl84SnpScVJ5OVBTaWZmdW9GemU0QUZ6ZmR3eW1hWQ?oc=5,"Mon, 05 Oct 2026 23:01:34 GMT",2026-10-05 23:01:34+00:00
"Barred at home, Korea Inc. trials overseas stablecoin shortcut for faster cross-border payments - Korea JoongAng Daily",https://news.google.com/rss/articles/CBMi3gFBVV95cUxNSlpYV08zYWQ3OWszV2ZnRy1fbEg4X19IN3NmTGcyWHVCOVQxM1FfdlBTcUhpQ19RU1NfdE5mSFkyUU5DTlRWRzlQRW9LN1VFbEd0Qk55NS01cnFyLXhFTHJxSUQ1aGtYZFdUVDVjc09qdmcxWFdQeTJMUWNfOWVTWkxTZzNCNktLeXdxbkpDSlhoWEFiaFYtUGxoTlpKU2RabFhPMGw2MF83dHBqdlRIRGgzOW9qMzhrVHIwSzFHdkg1UWcxRHJsYm1fUWJ6UWtTODh5ZllBVGk0OTZOc3c?oc=5,"Mon, 05 Oct 2026 22:09:48 GMT",2026-10-05 22:09:48+00:00
Stablecoin Development reports $180M in SKY token holdings at Q3 end - Investing.com,https://news.google.com/rss/articles/CBMizAFBVV95cUxNRjUtRHU0YWxIaFVJTnlGdkFTX2lla3R3VjkxcVl0NTFWRldxRG1abXNnN1MxLXFxX3U0NFBYQmNIQ2EyME5fQmxyTHV3TlJlRkxKdEJrR0tuZEJOODZiMWROZGpLS2RtYm1Rem5VSVhGZE51Z01obFdWUHp6dzkxYTVmWnN3UUpaZjBYQXFiNC1rUTBtM0NNVjRGUEdfRThhSlktWWlFb211S0RHRU1pcnpYRk5yVVV1NkJ3bTFBTTZxSmJMWkdFWTBFYjA?oc=5,"Mon, 05 Oct 2026 22:05:00 GMT",2026-10-05 22:05:00+00:00
Open USD (OUSD) Goes Live as Payments Giants Test a Shared Stablecoin Model - AlphaStreet,https://news.google.com/rss/articles/CBMiqwFBVV95cUxOc2plNC12OXM3THY5WFpmeGVtcTVBaXdBUk5IdWhLXzlqOER1UWY4SkhiY1J6T2xvTnB4LVZCR1ZnOVFIRTc3WkJUamozWE90TzVHTTN5LVpzc09CYWhXV1ZDakpoOHZ4dkhmRllOT3Q5bk5LSzR6WGFhbkpha3RScDVvNHFNU3F3NGtDV1BUVGJpQ0tyX1FhVUtCSUN3aDFPYXZJVkFkMlpyZFHSAasBQVVfeXFMTnNqZTQtdjlzN0x2OVhaZnhlbXE1QWl3QVJOSHVoS185ajhEdVFmOEpIYmNSek9sb05weC1WQkdWZzlRSEU3N1pCVGpqM1hPdE81R00zeS1ac3NPQmFoV1dWQ2pKaDh2eHZIZkZZTk90OW5OS0s0elhhYW5KYWt0UnA1bzRxTVNxdzRrQ1dQVFRiaUNLcl9RYVVLQklDd2gxT2F2SVZBZDJacmRR?oc=5,"Mon, 05 Oct 2026 21:54:03 GMT",2026-10-05 21:54:03+00:00
Rain Files Application With the OCC to Establish Rain National Trust Bank - themountaineer.com,https://news.google.com/rss/articles/CBMi6gFBVV95cUxOREtCZWVSYV94N3l3SVRxRXlOVWNFTnQzWkZTeDU3LWVTb2E5dEEyQ3NUV2RKdGtzSldueHdRaGhkS2xSX1dUSzlYZmw2V0xnVGtMaGVySXNuc2tHckU4S1pFTjJzcmlnSzZ0MmxyUmhqLS1qRFhRSzUtbjBwaTNGU3JSLUpRZk1KMWJmTE9ILUtXUnBQb1hIOXc3TnM3RFZaazY4SGwzVm9RZWxKRzVLYVlVOVhxQmR5ZGUydDA4bktoQ0lZZnNjQUJRTzhsVGhWQTFPcTFSamZ1cndxakllNGtjOU5ybTlkcUE?oc=5,"Mon, 05 Oct 2026 21:21:00 GMT",2026-10-05 21:21:00+00:00
Rain Files Application With the OCC to Establish Rain National Trust Bank - PR Newswire,https://news.google.com/rss/articles/CBMiyAFBVV95cUxNaVZKQ3dIWlFVV1pJLVNReG9sM3BtLTdyQ2IyZXd2a3pBTHNFQXZJQkdCT1A4c3l2TVFyMFRQX2Rja0xqT090VjhYR3JDbHZ1TldWZUhXUlV6MWlFQjE0WlAzWmo4c0ZFTWNpdC1STGVObUxYSEEtN3ZYMERveUlzZmtheENDVFU2WGFheHJyeVpYZmhTbE5NM2FXbXE5RkNJV3hPUXdYRWM0SjNPOU5aVjBZMklPYWdZb1FmNHFrX0k1cFA1bWtRVA?oc=5,"Mon, 05 Oct 2026 21:21:00 GMT",2026-10-05 21:21:00+00:00
Qivalis Names Olga Elsenga as CRCO to Drive Regulated Euro Stablecoin Launch - FF News,https://news.google.com/rss/articles/CBMiswFBVV95cUxOUFowWms5TjhxY0xhWUdzSEQ3TmFaTS02aFhEU09qYXR2TnZtUU9UOE42THpJdmtleV9WM0JHa1g0ckFlYi1PRDhPUEtmZXJrZHc1TWpTVG9Mblh4WEdHOEJoWEhzVk1CNE5lWVp1enpjbTV4bk41RnpFMElpUEV4U05ZZmR0ZERnLV9TTDBhaHFNRkUtWG05NUtLZFNEcU5KN3pQOHFiQ2dkdllIbXZJYVhXSQ?oc=5,"Mon, 05 Oct 2026 21:15:57 GMT",2026-10-05 21:15:57+00:00
Why Fiserv pivoted on FIUSD - Payments Dive,https://news.google.com/rss/articles/CBMilAFBVV95cUxPbVRsTjdQZmNNYnlnUzRvdjZoRkpXTjI3M0tmQVpOOFpTclJsR0hnd3p0QkNJTlJISnhJMTE5eHBvaEpUdzhEMmVBOWs0VGRhZmFGZUNWTDNoaGFjRXlseXV4R0FsMXJHNlkxRkpCM2hqOVQwcU1KOTBMT1V5S3hSY0ljTVNaNjBvdzJ6ZThaRXFYY3hj?oc=5,"Mon, 05 Oct 2026 21:14:57 GMT",2026-10-05 21:14:57+00:00
Texas regulator fines payment processor for alleged unlicensed money transmission via stablecoin and cryptocurrency - JDSupra,https://news.google.com/rss/articles/CBMiigFBVV95cUxNYWh5c0JhdFN1dU5QVmtvc2RuZzEtc0QyRV9NQXMwcXhJSGpObUNvdVNTSjBmYm1majFjdlA3bmNaOUFWUTNVb2FsQ1JvNm9KaVhwSDlGMXZSTWRnYWpWUFdiMGRoRmsxZGZyb2dSOEJ0bVE1aGExUFpiZnI3TTRTRnlWczc0WTBQMUE?oc=5,"Mon, 05 Oct 2026 20:49:45 GMT",2026-10-05 20:49:45+00:00
Stripe to Extend Stablecoin Cards to 100 Countries by Year End - PYMNTS.com,https://news.google.com/rss/articles/CBMiqgFBVV95cUxNSGY0VFJOM2NHLUEzakItY0RZQ3R6YWd6b1E0SENlU0xVblc4c1Njak9BZm5PN0dweVZzY1N5VzJPUGx1ZFFlUWw0bmF6RlpTSUwtOWhOcGxmblROQlc4blZsZkVsVU9iUmYxLXlrZ0RjNjN4dk5UN0tyTGJwcjlDVDNPMFgxTVRjWmFMSkp3ZWljM1NRMXdKZUJYYzN3QzhGYk9kRUNjbTNNUQ?oc=5,"Mon, 05 Oct 2026 20:44:25 GMT",2026-10-05 20:44:25+00:00
Treasury issues interim final rule on state certification procedures under GENIUS Act - JDSupra,https://news.google.com/rss/articles/CBMihwFBVV95cUxON3dneVV6OWQ5WU1DRC1QR3ZwbFk5TkZsZmxaeFZwT29GUWM3T0NwNGFyckNvSm9GT0g1LUxUVURBaGY5aXFiNU4zUmNaX3NOSHZ5c1hfZHdOcklxR1E0cWd3MFZ2bjdMd2tGTkVlaXlHTE83ZXJYbzVFLVF4dUpjOWNuZ3NVNXM?oc=5,"Mon, 05 Oct 2026 20:20:35 GMT",2026-10-05 20:20:35+00:00
Fed issues notice of proposed rules for payment stablecoin issuers under GENIUS Act - JDSupra,https://news.google.com/rss/articles/CBMiigFBVV95cUxOUHl6U3ItVTZrSzBWcW9SYUpINXJiTFA3MXJKN3A3bUpVVTNPSVFOUFlUX0ZLTHk2Q3pqdTJuTGtpQlRtUUhMVGh6cHdIbXJkNTdIWlljS1ExSlVSWl9xNGV5aWN0MXEwZ1dMeWtqc1lPMkVmRDEwNTVBNUh1ckpOYkZLcHRHc0VPaFE?oc=5,"Mon, 05 Oct 2026 20:20:35 GMT",2026-10-05 20:20:35+00:00
BofA raises Coinbase stock price target on stablecoin revenue outlook - Investing.com,https://news.google.com/rss/articles/CBMiyAFBVV95cUxON1VnWkdteGVqNnEwMHRCa0ROZ2NQZ0ZRdE43QjktVVRxLUpaNlRxbFFtSlBVVnU3Z2NqaXBuU3ptTGs4WGprck1TTHV6OFV1WmVYbmVTM1NTVWNzV0QyWTBLTkhFZWZTbFlJMl85NFlxQ0trSWtuR2ZSZVNPVkd1MFBaNmpXaEJTTjAzOGxZTGtuV0JxOGUwckYzQ3ZLU29ja3ROVzJzNlFRUllYYjIyczMzN3paTTVXc2Jzb25fTDFMeXZ6MG9mVQ?oc=5,"Mon, 05 Oct 2026 19:51:36 GMT",2026-10-05 19:51:36+00:00
Stablecoin Development Corp price pumps for no reason - Protos | Informed crypto news,https://news.google.com/rss/articles/CBMifkFVX3lxTFBkaU53S3V4c0c3Z05OdFoybDFRaVp3bkw2bm9hRjJTUlZYaUladWY2VkhKckVXdUVGMXhlX29yU0ZWdk1aUFZSUDFoazdGNnpFUXNrZjkwbzMwVlEyOXdDVWdQMVRFaWQ3Q09oaWhPRXJCb1dCQUcxSXRmN01Ndw?oc=5,"Mon, 05 Oct 2026 19:30:57 GMT",2026-10-05 19:30:57+00:00
Treasury Says a Ruble Stablecoin Moved $179 Billion to Fund Iran - Startup Fortune,https://news.google.com/rss/articles/CBMilgFBVV95cUxQRWFMYlNDMVdlOXZHN1k4LTJHZ0lPSnEzQVJSYk9nWUk4dF9wTUdlLUNLX1RPVUtqd2w0d0hFaDJEZnVkQVhMYTJoeldma0NITEczSk5yU1JnME1EN2cyOVNnNUdlZUxaZnR6X3paS2N3dWlGZnNCOXpiWVFMemNNU28zLXIwWHRfSkFXSWpDb2puVnBrQ2c?oc=5,"Mon, 05 Oct 2026 19:09:46 GMT",2026-10-05 19:09:46+00:00
Aave hikes GHO borrow rates to rescue depleted stablecoin pools - CryptoSlate,https://news.google.com/rss/articles/CBMikgFBVV95cUxPQnZXc1E3QUNfUnIzTkh1ZFBCS0oyd3dJVGlSM3dibWlYZ29zWnZJOHh1UEFnOHRJSHJ3Z2hhekNzZS1JajQ3Z1ZOMDNpcmFIOWNDbEl1UnlmNTRLbU1fX2t1OGN6ZzBpMWNFRmhuYXRkR2dxOEY1S0lRUGFCU0JXZHVENkRaVDdJTm5SemJUYUtIZw?oc=5,"Mon, 05 Oct 2026 18:40:07 GMT",2026-10-05 18:40:07+00:00
French Execs Call For Direct Tax On Crypto To Stablecoin Trades - Crowdfund Insider,https://news.google.com/rss/articles/CBMisgFBVV95cUxNUzRad05uM210VTlSbVhCOF9vcU84Q3l2aUZZMV8yZXNBdVl4S0ZReVRCclR2ajgwZDVfN0pLY0V2YVZrOFAtSWUyTkFEakpTczg2RG1nYjNYcENFeTNQMi0tUU05OW5fTW5fWnJ1NW1pbV9nYUdBRmdkZ1d3ZHIzNTN5czJJWVY3Uno2Q2NrWDRQOXdIazNiTXRRTGRqZ1JlN3J2Y21CMWk2YmczUVhvdWdB?oc=5,"Mon, 05 Oct 2026 16:54:29 GMT",2026-10-05 16:54:29+00:00
Visa Finds APAC Consumers Poised to Increase Stablecoin Use - PaymentsJournal,https://news.google.com/rss/articles/CBMilwFBVV95cUxQa1pfbFlVSWhDU3JTRGNJODVKeTlhdUV1OWt0dkNwVDgxWnBYZEloNEtDb3ZKeHhyNmRMcjFlaVE0ZVoyOXBobUFJYTNRWm8zQ2NCZTZWeVFFSnFfV20xc3QyTi1oazVCZUJ6S1dENEdEOG1uX0NrbFN6V2RodXVpQlgtYUFSZ3V4dG96Tjc0V0p6MXpQNUFz0gGcAUFVX3lxTE1KZ1ExUzZsakctZG03aTVwbHdPMkdCZG1YVjdLSmVwaDhJTW1HMkdMUmhMUlNnTU45WEltbDE4LXhKX0VkLWdKeXE0aUFzamRRQnl0cmZoU3VlVEg3dDQzaS1EX2MwNDBtNTVicnN4NmZyQ3VKOVQ5TlNBclNZdHl3LWM4LWs0SGljNzJjbmtVN0gxZHhBMWVYV1JLTA?oc=5,"Mon, 05 Oct 2026 16:46:17 GMT",2026-10-05 16:46:17+00:00
HSBC Unveils HSBC RedCoin: New Hong Kong Stablecoin to Drive Digital Asset Innovation - FF News,https://news.google.com/rss/articles/CBMidkFVX3lxTE9HYnhSaGVfTmdQazFFUUJhZU14dXY1Wl85b3hvVVl2ZWdiTVB1VEM2YmxYM3ZxSEFFN0JSUlA2UjVpQkE3OHFwTzktOXRRcjFhLU93b1BvaDNWd2s5dFZQbnY3ZnEyTFBkUWFoVVd0YUlCMXBVeUE?oc=5,"Mon, 05 Oct 2026 16:03:47 GMT",2026-10-05 16:03:47+00:00
DIMOCO launches stablecoin settlement - The Paypers,https://news.google.com/rss/articles/CBMipAFBVV95cUxPTGx2M05ZeWw0aTVrRHVRRXBUMUFtQWg5S1BGU1hCWkQxZ2E3SHotTjROSVphR0FySzctMUQxZnFrSmJtUGFEalk3Um5aLVlleTg2SnZQX2gzX0JvUm5HRy1XU1pwVlc4NDNyTFpjc21YZHZld19fUGlNWVdYSVM0LXVOTDFwNnZZNU5tN3BvVzU3RVhpUVhzM1NBOTZHSWlzWGVDbQ?oc=5,"Mon, 05 Oct 2026 15:49:57 GMT",2026-10-05 15:49:57+00:00
Visa is Betting on Stablecoins and AI: Why Should Investors Care? - Yahoo Finance,https://news.google.com/rss/articles/CBMinAFBVV95cUxPeWF3MGhKYjB0eTBjQmRBb3VlclBSRlhCTGlrV1lHMk1KM1ZnSGtlUzZqZ2NWMkJrbUY1U1R4MUVEbG9JaHh4WlhaVTlPbG54Snd4cEJPNXhsR0Y1SU9SMklBTlpUcnNpTnBLSWw0ZkVaRE9WWENleDJHTEZzQ2ZPX1UxNlNmWkNvMGotbXl2MDdVeWhINldyM1pEU3E?oc=5,"Mon, 05 Oct 2026 15:40:00 GMT",2026-10-05 15:40:00+00:00
Why Is Stablecoin Development Stock Falling Monday? - Benzinga,https://news.google.com/rss/articles/CBMitwFBVV95cUxNb2dxeERld3hMUzNJdUhXYUc0U1VvZVEtcV9vSjdXQ2FscU1qQWVBSmZjOUV6OWFWcU5HYnpNU01xbUxMU3NmZmd6a3h0blhOVVc2dzRkTlBFTXgxYWVXaHRwVEZORU5SUDMxOW55UG1DS2lJdm5VX1ZXZW1JUEV0WmJmNjZTNWVRbi1kb0xXOFpPeVIzSDdySjVpQTd2UHYwcmUzSVNPaWRkMWV3bW5qZGFIRUduTFU?oc=5,"Mon, 05 Oct 2026 15:27:08 GMT",2026-10-05 15:27:08+00:00
"Stablecoin interest grows across Asia Pacific, study shows - IBS Intelligence",https://news.google.com/rss/articles/CBMinAFBVV95cUxOZkNoV3MxbXFSaGtpSXZFM1JHVXV1c2pmRldHeXZXeWswRm81STlIUUwxTkxiNmNCQmFwTGxjZ2RhNklvWWx0THhuajBKMzdCWlJYeGwyR0xhb0o2SFYydHRXUmVZS1J6WThscnJnRkd1QUsxd1oyQnMwaGY1WkZUY3Y5ZjhEbXpFVnJlMzJ4ckRYS19UUlR5bXFxSmE?oc=5,"Mon, 05 Oct 2026 15:23:45 GMT",2026-10-05 15:23:45+00:00
SDEV Forecast — Price Target — Prediction for 2027 - TradingView,https://news.google.com/rss/articles/CBMid0FVX3lxTFA2YWROUDdWd3A2c0NnSkpEY096S2JpNGpPN0twdVFmN0VORnNLWnMtV19pY01rdWRKTEVEbndsTURzR3R1UjVFQkk2WkEzV1VrT3gzMmZwazFUUTF2SU1ESnUtNEl5T2syV196Mk1KT2JsYlRDZXBr?oc=5,"Mon, 05 Oct 2026 15:23:31 GMT",2026-10-05 15:23:31+00:00
How Türkiye Has Become a Digital Assets Hub - Ripple,https://news.google.com/rss/articles/CBMifkFVX3lxTE1tQlgxLVZMRllYdHd2bGZZMXEycUx3V2huMjhENkpOTFFpOVkzaEF3TUxELWo5OXlNQnpoMVlqMmlVWGxxcUlxMFZ1cDgwaFEySEFrS0JJVDZJM0I1S1VfQWFBUG1OWVd1RERGWlM4VDJyTnZLOEgxcHlDYk5hUQ?oc=5,"Mon, 05 Oct 2026 14:35:14 GMT",2026-10-05 14:35:14+00:00
Stripe Plans Stablecoin Card Rollout in More Than 100 Countries - Northeast Times,https://news.google.com/rss/articles/CBMipAFBVV95cUxPVTlJeG1FQlVSLXBJdnN6bnNkRlpLRVN3WjB3SktqX1BwRmN4UUd1RkNBYmVQMUVERmdTVDlDYU1pVWpCLUhyNno5dVRlb1RhMkM5M0pHTlZGbnMzN3pHR3RPUmZXSlE1d1o5a2poUzRvODZDQTVoSDl6NUF6Z19BZi1oOV9iMnBHZW9KUll5SWprMjRYd043M0k5UUR5dkVuVlZrZA?oc=5,"Mon, 05 Oct 2026 14:32:32 GMT",2026-10-05 14:32:32+00:00
New Stablecoin Open USD (OUSD) Goes Live With Plans to Take on Circle and Tether. Here's What Crypto Investors Need to Know. - The Motley Fool,https://news.google.com/rss/articles/CBMilwFBVV95cUxPZnVzSzVYaDhQaTRCdEpQQUZaS08xZTNQUWxjSF9Ydy1nTmtVX2tkUXBiRXNFMDRRLTlKc0oyTHhNOFN3dUp0bzl4bWRxVmk4NFpFemNmVUFMZy11YUd0QmdRZk9YXzhvMnpjaEpEOXRDUE52TXpWZGk3ZUYwbkJVUkpncUlQYlZDcW1oLUg2LUFEenRPc1Vr?oc=5,"Mon, 05 Oct 2026 14:22:00 GMT",2026-10-05 14:22:00+00:00
Stripe to expand stablecoin cards to 100 countries as Privy's Henri Stern takes charge of crypto - CoinDesk,https://news.google.com/rss/articles/CBMiwAFBVV95cUxQQ25yQS1BTUNyNHc5OUdMbU1oZ0RsRVVhZDhJN0xmdmFRTTJsakdKWHRjc2tFZi1Xd3BUMWZlVWY1TFpKS0VpdDYzT1dsdlAzVHpQbm1aTkZwSmZzbG5TcVdvbGc4N1FINFYxUG1BX25RMGpLQkdnaVVtUDQxZU9GZ0oyWDQ3VFZHVkNERFBjR0NVa0ZlbGtXV3lBUDNNYXQzcGFOdUhQaVhFcFhqZ1NRQ3VIaVdkcHd4U2xfalUyODA?oc=5,"Mon, 05 Oct 2026 13:46:31 GMT",2026-10-05 13:46:31+00:00
New Stablecoin Open USD (OUSD) Goes Live With Plans to Take on Circle and Tether. Here's What Crypto Investors Need to Know. - Yahoo Finance,https://news.google.com/rss/articles/CBMimgFBVV95cUxNalItME8zb1dqVDhLUEllV2lUclpxN1NKYWxpSUVZNjVqUXM3blN1SC1GTXFoOURWTDdBamg4RmgzV1lrUlN1RDhJdnlTenB3ZmdveEtGRTRlaE5TS3VvU0xMSTdlcDZlcjRyRDZnc092a3dsN2xhcE53N05CM0FabHBjTHhuWGJEMjEzVUotZTF6dmZYd2E5eXl3?oc=5,"Mon, 05 Oct 2026 13:42:00 GMT",2026-10-05 13:42:00+00:00
Visa Poll Finds Nearly Half Of People In Asia Might Use Stablecoins By 2031 - Yahoo Finance,https://news.google.com/rss/articles/CBMilwFBVV95cUxOSzdPc19JcnhpY0lUbjNCZXdVVTB0djJ5WTFhMmk2Smtwc2hDZURYZ3R6eDBxaWdIY0dLdTlOdGtONnJIbXRYQmJBU2lWXzRES1RxN1VvNlBSbXRrZjZGcmJGY2xhbGVPNFpuUkJJVFpTSEFxYm1RS09Ld1Buc1ZHUHlOT1lnalZiVXRHMVJVX1FGLTN0Smsw?oc=5,"Mon, 05 Oct 2026 13:35:00 GMT",2026-10-05 13:35:00+00:00
Visa Finds 46% of Asia Pacific Consumers May Use Stablecoins - Altcoin Buzz,https://news.google.com/rss/articles/CBMijwFBVV95cUxOcXJGWTZicnp0Y18yNEZNU3RENWwzR3hpUFFTNXN2MHVqdDJLN3Nnd0hwNVZPeXZ4bWZwR1RGVHAwVjVtWDk2ZWsxTjJ3bHYtbjhMenI4TzNDX21sVENteURGaDJoUmdQc1VmejRoV0dfTS1ETDFVcHFHb0hNY1ZNTU9SN3VuVFRwN012ZE40MA?oc=5,"Mon, 05 Oct 2026 12:47:50 GMT",2026-10-05 12:47:50+00:00
SDEV Stock Explodes As Momentum Traders Pile In - StocksToTrade,https://news.google.com/rss/articles/CBMikwFBVV95cUxQdUFMU2hLTTMxX3N4ajFjTTVXbFFtYVhSNWMzU0F1YThEWjVXRTRpQVEtTkFVMk91SFhSRGRUZFZaUkRuTnpIeTJwNTA5Zi1hQ0RaZ21fVUtjRFplS1J0Yk05MHZhaVhGc3pkZGYxejlEME1QV0RzV0V5dmo0SjYwVEVmZVJSUXA2UTdER0FPVktiT0k?oc=5,"Mon, 05 Oct 2026 12:33:00 GMT",2026-10-05 12:33:00+00:00
SDEV Stock Erupts In Heavy Momentum Trading Wave - StocksToTrade,https://news.google.com/rss/articles/CBMikAFBVV95cUxPd2c0NHAwTzFlaUhacmc5Q0FaNkRRQnBwOWN2NzJHblRIalUzTVAwSEtkN1ZON0pVUks2LUVYc3RDcUZuNVQ0UElEZWFUakdRbTZ1aXN2V2Z1dmhtUlNVek02azMyZXk3bG0ycHg1WE80bTRFWWpIa0FIQWlyOFBvRGJUUHBVXzR3T2kzX0VyenY?oc=5,"Mon, 05 Oct 2026 11:47:00 GMT",2026-10-05 11:47:00+00:00
APAC consumers show appetite for stablecoin - Finextra Research,https://news.google.com/rss/articles/CBMijwFBVV95cUxPcHpNSmhLWUxGWVhJVTN0dnJXeGlJZ1dHTTh1blRrX0NYZVdZbWxYTFp1QU42SjFkWW1EQTc0X2ZBNUk4aWgySGg3aHhEOTZrLS1IcnpHRXd4V3ZlLTBQVENhdWtrVzBxeVRMYzVpaldpcHFfQWg2Tlg3TFR1MWlpa3RCNTFwZTBVdm9FNjh2UQ?oc=5,"Mon, 05 Oct 2026 10:50:00 GMT",2026-10-05 10:50:00+00:00
US Fight to Regulate Stablecoin Is a Tax and Economics Problem - Bloomberg Tax,https://news.google.com/rss/articles/CBMivAFBVV95cUxQMFUtbFp3VlMyQnI1djFhc1FIbm1JeEkweGJZWnBFRXZxQXNiS3d0MjBmTmVQaFhnWWRNcEFwLS1JYlhnNUlvX3NEZm1JQzhHaEdzZXJZcWxYa2k3aDFtNVVCMU5TT2RadnhOYWlvZXpFaFFyXzB0aC1rY3BqTEY0N0habHlDYUNiV0VidXBaeHBKQWJsUWZTLTRsRDVITkhwVGhPT3Rnb3FXdEZJeUFjNl9DbTlSZkY2ZWlUcw?oc=5,"Mon, 05 Oct 2026 08:30:00 GMT",2026-10-05 08:30:00+00:00
Gnosis Pay: screening on-chain risk behind every self-custodial stablecoin payment - Elliptic,https://news.google.com/rss/articles/CBMizgFBVV95cUxOS0M2YXZFZ1FBcFJVNzZ1U2I0LVhOT3N1VTIzSVlpZTVLNFBKdlBodlo2MzFCUDU3Rldodmp1eDJaVWE3WElEektYaDh0bHhwTy1BMEJWVkNkRHVPbkNHcEFMWS1kSXNtNXY4dEdRRWF6UVVMc3ZMNkpGQWY4cTcxbXFEaHk0cUE2V19CTXJLbzk2bU9ZT1NCRF9EZ2VTazBzSXNtQVFWZUFJX3Z4ZjNNS3h3NDZRTTJHeTdOXzQzaGthZ0c2czc0YkVub1JEZw?oc=5,"Mon, 05 Oct 2026 07:56:44 GMT",2026-10-05 07:56:44+00:00
"Corporate deals, emerging markets fuel stablecoin payments - KED Global",https://news.google.com/rss/articles/CBMidkFVX3lxTE5QQm5KS2l1SFZoSEZlLVZzREFHaUJSNTMyYi1RZWNmQk0tcjhmd0IzRGtpLU5Ia3gxVWo0ZTNFSmJ6OHVxWG9FYkxjbUV1QXg0UDhHdFRodktaSXRUYTZ6dHRDLXlnV1EyVG1pWWc2V1VnSDdmSFE?oc=5,"Mon, 05 Oct 2026 07:50:15 GMT",2026-10-05 07:50:15+00:00
Rain Seeks US Trust Bank Charter for Stablecoin Issuance - The Defiant,https://news.google.com/rss/articles/CBMiqgFBVV95cUxPMENfdlJsWmtQYVQwLTFoRlY3X2VHaEhXeFVycElMTDZwc0o3cnhxUk1QYm4xd0J0aFMzRTVDNUdOSkpWaGdVbnB6MGwyZmxGUDQ2TDA3ZjdfTFFCcGIzeVN4d1B1aE9uOTJSb0p4cXhPc3RZanlxT2VZRldRU3dJVDlVSHFla1UyOTJtQ1RPV3RNZmpiZ0IydVhOTThnY3ZhWUphNjllSmVzdw?oc=5,"Mon, 05 Oct 2026 07:00:00 GMT",2026-10-05 07:00:00+00:00
"Lotus Tech to Join WasabiCard's TOKEN2049 Singapore Side Event, Spotlighting Real-World Stablecoin Applications - Nasdaq",https://news.google.com/rss/articles/CBMiuwFBVV95cUxQNG1mOVc0YUNnWGEyRWFCM2JOb2t5dmJvVy1YY0tEdnhPOUhDUEI0bjdwVXRBS2gxSEZZcW9xRWVVU3gwaWtSRV9IRHVaY29fcWl5bU1sR2ZkbDByS0psTWo2ZUY2RDRUVEhsU2lBSmNlamVDUkRTZjZOOEFmaDJGZUtQWU1lSzlpNC11YkZaRVNnbGZmTnF2VFZOQmdSRkFnbTdTQWE3S0MxWmFUc3NHbm1ja0dLalhjQ0Q0?oc=5,"Mon, 05 Oct 2026 04:34:00 GMT",2026-10-05 04:34:00+00:00
"Lotus Tech to Join WasabiCard's TOKEN2049 Singapore Side Event, Spotlighting Real-World Stablecoin Applications - PR Newswire",https://news.google.com/rss/articles/CBMi-AFBVV95cUxQMldfVDRGTEEydy1GN1hOR1Uyc1NlNFQ4YzFYazk1cnQxclg1UGwtSllQa3FaYTc2bjV6ZUdFYXI5OG9QZmVQQjlSU2htbUhzby1UYlFhZGQ0UUhfSFotMi01TE92NF9Zdm5uVmpXenppdFp1M0lMWlVQMDJISjNPMGxMaW53YWVoSFlwM1ZCRjJ5blJSMmJqZkxTXzR2UWhuLVBkaHEwWXYzNFFaU0d1MEpPdTdWSXU0WVNQOF8tUE45aFZrVlhSNnQ0V1ZvUXd4b250b1RweWZxZHpqWmNQYlN4bmFFdGFXR01oclA5b2h3a1A1MF9lcA?oc=5,"Mon, 05 Oct 2026 04:34:00 GMT",2026-10-05 04:34:00+00:00
"Clarity Act stalls, but stablecoins and tokenization have green light: SharpLink CEO - CNBC",https://news.google.com/rss/articles/CBMisAFBVV95cUxQcGpuQnE5bXdvTzZpNkk1c20wLWk5cS11OVZuYV9tMnlfSE0xWFhEM0NPUFpIS1NtOGhydk1MOXpOejBOUEJNMm5nRmw5NmF6b09kc3VMSDAzSkhGUjFmNWhYTXlsMzRGYTU0aWdrc2k1SmYyYS1xTXdwNkpSQkozX1dwNjJUMEJnbEhrU0h6LS1ZOEoySlYzc1NtVkQ5ekx5M3VNVWtMNGhmSExJU1BNTA?oc=5,"Mon, 05 Oct 2026 02:41:00 GMT",2026-10-05 02:41:00+00:00
"Digital Assets Thoughts Of The Week: Stablecoins, Regulation And More - Crowdfund Insider",https://news.google.com/rss/articles/CBMitwFBVV95cUxNOEJQbnBlRldTSXY4aS1HMkMwUW5Cbm05Y0twMHMzdXZPMU5QOUZjRFRJb0pqdWNlcTQyRFBhaktiZTdXeHBUVzdrNWFBVVVDeVZ5Q2hlcWZHRTh6Vy16NmRPT2tOU0JLbjhvc2t5aWI4Mk5jU180dFZFcmpMUEpNS0otWGRGTkdfNDV2cmgtQk53RG9BZTllajd0UWNXelNBRkNPRG0yMWlpSi1mcW9acVNGd1hjczA?oc=5,"Mon, 05 Oct 2026 02:09:24 GMT",2026-10-05 02:09:24+00:00
"Nearly Half of Asia Pacific Consumers Open to Using Stablecoins in the Next Five Years, Visa Study Finds - PR Newswire",https://news.google.com/rss/articles/CBMi9wFBVV95cUxPaFJqa3dTQlBtX3VadDlmenBZSXNOLUNVYUUwZGttX2VRNHM5VG5BYVBmYmJiZllVTklqOGE5eW9NdjU3NzlXNnhLVnNNbzdPUDBmcmQyY0lISHA2MXNCZDQyU01GNWwxOTMzLUhVbFBRZEU2dE9FMkNBR2hzNUV4U0hNb3VvX1RXUzhGM0xvYjVwZHRyU3FYVjNuWFJHMko0eGlyaFMxSHlJME5SakFnRWFWd2dWLTNGd2d1RDFKVHZaeDlMU1gtTVlvOXdrM3hLM0lmaVNtRzM2SDBjZDNCX3RkWDNPNktPcC1sblIybGlTNVR3NDlB?oc=5,"Mon, 05 Oct 2026 02:00:00 GMT",2026-10-05 02:00:00+00:00
New Treasury rules could change how stablecoin issuers get your dollars back - CryptoSlate,https://news.google.com/rss/articles/CBMiowFBVV95cUxPaVhfNXhKeENVQ1BfSmpTMUlGZWxHQ0pwcWY0YmVZWjdHT2dxY0ZVTHJ0RGtfM0pHWE1YMVNzWWlwN3psSEZPZ0paTHZwU2I1cm1SQzBxd05OcG55d2dhTGdINHJLdUpXcFgtY3ZDMm40UE0tXzVNLVRvcU9LaVJQd3pJTUhIcjE1UmtDVDZWNmFFV1Z6ZjJCeG9jVkpuRDRLTEJB?oc=5,"Sun, 04 Oct 2026 18:40:36 GMT",2026-10-04 18:40:36+00:00
"Visa, Mastercard, Stripe, and Coinbase Commit $1 Billion to New Stablecoin: Is Open USD a Challenge to Tether, USDC, and RLUSD? - Yahoo Finance",https://news.google.com/rss/articles/CBMipgFBVV95cUxQaE4zNmxuT1g5ancxRVNJSWhlSHRlMXg4UGhzMmVuMXFjS2lzZ1RfNTNYclNqdF9hVU9XdjVZZ1F5bEtjZy1CTjA4RjN6TG9OVHZ1dG9CWERZM3hsYUpXNW1RRXlwbmRrMXJ3MWkzcnJqNW14R0JpcjBXZkgtR3BNczd4VWFWWFgzSWIxUVJmM1FhRU1pYldyWDk3RzRHLTFtZTV3Rm93?oc=5,"Sun, 04 Oct 2026 15:00:08 GMT",2026-10-04 15:00:08+00:00
"Visa, Mastercard, Stripe, and Coinbase Commit $1 Billion to New Stablecoin: Is Open USD a Challenge to Tether, USDC, and RLUSD? - 24/7 Wall St.",https://news.google.com/rss/articles/CBMiigJBVV95cUxPVUFITnotYmk0M0hoOHNQWHZJMktIdXhRd05IV2ZuY0FCZldFbExyMW1UWUdYMEdLN3U1em9HMEZUVFNXZU9icjhhMnlpNjFydnBaZktwZHpzeGgyN19ZYXpOWlVGdVZ4ZUtxbWJpb2Z4M3ZxR3cyTWtlU1ZmUkZzZFV0Y2lvSFdfd3FqUEJ2eThmRzdGMURReWJuNjhUWS03REFHRC1wX2lBWTBIZDhRYkI1MFdQemMyTzNqSm5sRUxnN2NuaUpVem0xWF9nQXYwelA3ZUpSUE4zT3RuOTcxSWtpMmMxUF9ENUVYTUotOUlHOEl1SGFsSHFfcWhBaWF4MDNrUHFKRF9Vdw?oc=5,"Sun, 04 Oct 2026 15:00:00 GMT",2026-10-04 15:00:00+00:00
The same Fed rate hike can help stablecoins and hurt Bitcoin borrowers - CryptoSlate,https://news.google.com/rss/articles/CBMimwFBVV95cUxNSC12X1o3UHJwR3JMcUczR1VVVWdHMWUwdFU1RE5YRzlGQ21NQlZ3XzN5bFpWYmpXLXJkMXBNMVR4bHN5SDhpeVpKTTdoR05LaU9xSFpfckZENmZXTWRHZWpjOXFmenZqVUw3ZFlLTFRtV0xnOWpVMUE1eGdDRkp0SndVdVRzRzlOODZobzdjamdVZlBOa2FVZjZIUQ?oc=5,"Sun, 04 Oct 2026 13:20:06 GMT",2026-10-04 13:20:06+00:00
Tether Brings Its $184 Billion Stablecoin Back to Bitcoin: Will BTC Regain Its Role as a Payments Network? - Yahoo Finance,https://news.google.com/rss/articles/CBMiowFBVV95cUxPV1FUZm1aUnBibFczZ3FJUk5ybE8wSzgwY1pMSHlCZkNzbTJNM3dWSDFXendnNEp3Vm1oU0lMelg1WGRiWjNUWkVrVlhBSmpRS1duMWFlTHlLX0xNaDk0UXp2MWVjcVN0N1g2MjVVTzBOM28zaHdac280WGUyVEpIZWZMaWo3ckdfbDR5eTZlQ05oUTQ3NDBmbTNVajRUSHA2ZUpZ?oc=5,"Sun, 04 Oct 2026 13:00:29 GMT",2026-10-04 13:00:29+00:00
Tether Brings Its $184 Billion Stablecoin Back to Bitcoin: Will BTC Regain Its Role as a Payments Network? - 24/7 Wall St.,https://news.google.com/rss/articles/CBMi9AFBVV95cUxNYzZ0TWxMWTB6TUh6Z3hMVl9COTAwSldXbmlmZU5mUVg5aFYwZEx5VmE0eV9KcWt1YWNJN1lmc0w4NlkyVWRNUGtJLUxWbmF0dkhROC1jTGJ2eHVyY08yY1VoU29EZ25YRHpfeHk1RW9XVU4zYlo1aE16QXA3c1YtSTR0NDFrTWw5V1dDeERJUXhia3NQSE5OMFJKbDRnUDN5akYyTXhLRDJhUnlyTm1oVWdoN2Nfb3hwMjJLXzVTSXlXWHE0RXBSS3pxMERnZVk5dUJWRnVDclBrR3ZFalRFVWV2OEpRd3VTRG1VZkRXa0o2ZVM3?oc=5,"Sun, 04 Oct 2026 13:00:00 GMT",2026-10-04 13:00:00+00:00
Stablecoin payment firm OpenPayd eyes Nasdaq listing - Crypto News,https://news.google.com/rss/articles/CBMifkFVX3lxTE5IcGtnMWU3YmQ4NzhiSGFEY3Fma3ZrM2Fib3VpajJUTmdHcXk0Sm9pZkdMZC03NnlhRFdWQXJFVjBJa2o1V0Y2cjBCNEhtVU9KWV96VFFNalFLU2luc1E2anVLNGxELXFLS1ROdklpWlhtalk3S3dueFBDR0psQQ?oc=5,"Sun, 04 Oct 2026 07:41:09 GMT",2026-10-04 07:41:09+00:00
China P2P stablecoin wallets grew 43x despite crypto restrictions: Chainalysis - LCX Exchange,https://news.google.com/rss/articles/CBMiqwFBVV95cUxPa2NwbWV1RU9xMmFaMXdrS19xWkR5VlRJazJxOVhjY0t4VUZjNzRMSUg4WFE4ajRiU1I4U25lMXdqZVQ0YnZmZEhkQXpKMkh0YXlfYm5IdGstcEM4NmExNHNvSlFQMjFCc3RrYWlXSC1nbVFuWms1R1RzVjlPVlNxT2t1TlVfMDc3MnBtRFZCdDNZeHdKdktxdGxTSnlyVW90blMxUFgzX3NaeVU?oc=5,"Sun, 04 Oct 2026 07:00:00 GMT",2026-10-04 07:00:00+00:00
Can Coinbase (COIN) Turn Citi’s Stablecoin Partnership Into a Durable Institutional Advantage? - Yahoo Finance,https://news.google.com/rss/articles/CBMioAFBVV95cUxQeHJSUGw2Z0lYdEE0azh4blFwZFJpYmpZN2xVNnNyWUVHZTNfMXZ6UktOOXRHeklaX0xrdVpBOE9FVzNnYmkxSXYwVktxMEw2U0hWQlludS1xSUZFRndSMTdzVVBRdGhvay1XUXJkVzI1SnQzOGVnUFUwUDdtOE14RGdZYXpIVGpDRTJUVTlhaDJLcmlrT3E2UnJjdVZwX1hF?oc=5,"Sun, 04 Oct 2026 02:09:00 GMT",2026-10-04 02:09:00+00:00
SoFi’s US$25 Billion Card Portfolio Shift To Bank-Issued Stablecoin Might Change The Case For Investing In SoFi Technologies (SOFI) - Yahoo Finance,https://news.google.com/rss/articles/CBMikgFBVV95cUxNdWN2Q2tYbXVvejlQWndFcl91SXZfV0pBNnBKTTl6ZFRCU1NMaDFEWHc4cXllZjR1STR3eFJEbFRIdGZrTUs1dVA3TkxhRmI5RXRwbHlFVVFJU1JiNFV1UW8xSi1sVm5JeXVxTXN5blhhWF9TRS1Nam80bEN6TmdVN2VPQ2tBYXBaOGpTY3VKSUZjUQ?oc=5,"Sun, 04 Oct 2026 02:08:00 GMT",2026-10-04 02:08:00+00:00
'Bank-led won stablecoins risk limiting innovation' - The Korea Herald,https://news.google.com/rss/articles/CBMiV0FVX3lxTE9mZUg1Q0YzZWk1em43NFAtY2tGWUNjYk9iSWxtZ1NiS3UxdG5ma3pKVzdDS0ZWM2diSndBRjZOcThsbXFoV2QxaW5QU2M5LUtxOFREdVIyMA?oc=5,"Sat, 03 Oct 2026 23:15:26 GMT",2026-10-03 23:15:26+00:00
Twenty one banks led by Goldman and Citi plan a joint dollar stablecoin - Startup Fortune,https://news.google.com/rss/articles/CBMioAFBVV95cUxNMWtIRkh6TnBXaU1ySGFTbUtGVlNOVlJBdXJ3eGxlSDRmWUNSYmlmUmNRRkh2bHRFNkJMQ0VoZlFwMDZqMlh6eHlUbmtCUUF6ZldGNlpUTkt0NkJMRVJybHl5LTdUSDhuVmlWVXJ3NDU1b3pmbTExazZMTTR3RFJXZ3J0R0Y3UGlrTHhJT2MwVEhtZUFwLXc1RUtIcmhkNGpS?oc=5,"Sat, 03 Oct 2026 19:57:42 GMT",2026-10-03 19:57:42+00:00
Learn Why The Bull Case For Shopify Stock Could Change Following Stablecoin Launch - Simply Wall Street,https://news.google.com/rss/articles/CBMixAFBVV95cUxNMGtVMzVlZHBYSmNJR3RHQkVZMEtHNUxqSUxydDBQYVMzNEhTVndSQTc5X09xN1o0RDBmbDNhUHE4QUdoLWNNZmd3RlpRdDRPVUpjQnJsODF1UHc4RTFSV2tEaGpLdmN1eFRfd1BqRlk1XzRnQldCYnZoQTJkRnE4d3Q0cU5HMmR3YjlfYXBHSzg1a1kwbXQ1RmloQ0NkVnpyNUxrZndmZmdrQkx2bzZKOURJMDdRXzFOQlljZnJyOUZGeVNV0gHKAUFVX3lxTFBFaExaZDB2MkZacktaTE9LekxfX1kzQzNscmo5d0hSMmRyU3BtcGkyWXJhMmVQMlc3WWJpUkZLRTdzeFRnTmZlMWRZNGswZnk1Z1lkMlE4a0ZhWFBUcXl6UktsZzdjV3h4cGJ5bFAyRktNYmhTTGMzSld3YzRYTEhIZXRZNEVzUmZ1dDRFQWFZdW9mcmlLTmVTRWJfWXF0YkRoQjBRV2J6bzNaMEJaZ2FxUEtscmNUenlnMnJoM1JRSG1CcEFlQzRGbGc?oc=5,"Sat, 03 Oct 2026 19:40:04 GMT",2026-10-03 19:40:04+00:00
EU May Block Crypto Firms From Holding Non-Compliant Stablecoins - Altcoin Buzz,https://news.google.com/rss/articles/CBMilgFBVV95cUxNdV9zNVJ6SzVnM2prZWZKc1NNLXI4WUlRZnUwaTRkNGhOLXlpVmVrLWhJc0RHZlhIWklBYzRzaHdKZTB5NW5YekFPdVczOEsyc2huOVN5SzhuUnB2RGpkcS11NGdMX3NvTjl1QjlaN2ZmbXprRWkzRTJ1ZnpnUWFBdjYwYWdGcWhWTGJTdUxmcmFMM014ZkE?oc=5,"Sat, 03 Oct 2026 19:10:26 GMT",2026-10-03 19:10:26+00:00
Arizona Corporation Commission issues cease-and-desist order against stablecoin seller - KTAR News 92.3 FM,https://news.google.com/rss/articles/CBMif0FVX3lxTE5BMXRsSUNBNjFNLXgtZFJTdEtjb0VXSjZhd24yNV9pbVFDakd6WnlHZnplNk5odERZNE0xMUhUSUhGZjZDb0REVzhzYUp1OVpDcndVN2dXTnBoTkZIUjBUejY2RXllM3JWckEzRkhNQTZoQWNISW5ONURsejF6UGc?oc=5,"Sat, 03 Oct 2026 16:39:58 GMT",2026-10-03 16:39:58+00:00
Visa Says Business Programs Drive 17% of Stablecoin Card Volume - Altcoin Buzz,https://news.google.com/rss/articles/CBMikwFBVV95cUxQSnU0aDZRZjZJd0Q3ME9VSFlCLWdZSW9GSUtPUkZUMXBkQWFGT2pldWFibmtHNmE0X3dxUVhzdmVSTTU3eVZoX3ZIR01HVkQtaHMxejEtdnpvV0ZQRjlkVW9RVXpQWkpnSkZ0UTM3V3g2SUFIVzVRTXY2X1JQZURHRzJKdlEzSVVsVnllX1pESkE5UWM?oc=5,"Sat, 03 Oct 2026 08:16:35 GMT",2026-10-03 08:16:35+00:00
Stablecoin Issuers Added $200 Billion in Treasury Holdings - Altcoin Buzz,https://news.google.com/rss/articles/CBMijAFBVV95cUxQZWFZblVWVnJhMy1PY05ZbGhGNThlRVBtdFRob2RWX1Frb041MWxOdU5SZTYzNnRHT2l1MHZmelhvajRqaWpZUDZYdVFveE1UcE1Lc3lLaThLWGZaT2ZBQkdibUtPc2lSMGlnSlJqSjh2VnBhb004dnZ5Z2J6ZTFvUVFVNWJMZTZMUFNyMw?oc=5,"Sat, 03 Oct 2026 07:30:38 GMT",2026-10-03 07:30:38+00:00
North Dakota's state bank beat Wall Street to live stablecoin settlement - Startup Fortune,https://news.google.com/rss/articles/CBMioAFBVV95cUxONlVMaE9FcTJQMng4SzRkVlRWRW1KbkhVcVhCZzk4V1BLOUhIRGtxUFVWdTRSVmFFN2RuaGlOV2FrbGg4Mk1PQmJMenJ1SFlmLW5wQW1TV2ZRN0VTU05PNkstR0ZDSGV2T0ZBWDZXbWc0NW81dEV0V3RFY2hYSnVlMTBkQU1WbllfVF92NkdRQ2cteFhaVFIxX0d2V0I0ZkZf?oc=5,"Sat, 03 Oct 2026 06:37:37 GMT",2026-10-03 06:37:37+00:00
Cross-Border Payments Infrastructure Bets on Stablecoin Rails as Walapay Raises $4.6M - FinanceX Magazine,https://news.google.com/rss/articles/CBMivwFBVV95cUxOSU44UzRseENKaTFVTVV2R0g2cHpxTWNwTFBsNjhidHlaS1dxdlFQWHQyUDIyUTkwa1RMZF9qNXVDRVoyTmF1TmdyTmxBYTZMMnAwWl9GSUtpcGI1RUpKZHh5elE3eV9WSTJoa1M1TXZMS2MzVlhmekphaWEzNWN5a3REY3ZrUGIwRFg2cWNKR1ZaTE5lUlctUDJfbFNNSHhhTGw4RXFwNkN5eWYwQzRsSW1mSEpRZTZvV3B1SERUbw?oc=5,"Sat, 03 Oct 2026 03:12:07 GMT",2026-10-03 03:12:07+00:00
Stablecoin issuers have replaced 40% of China’s lost US Treasury demand - CryptoRank,https://news.google.com/rss/articles/CBMiqwFBVV95cUxNRzJwSFZwUzZNWnhPRFFkNjQ3cHZwUVdLV2pTWS1oamJORVdkNENQMEdCVjRLMWxIUk1WMzJ0NkFYR3dYcEZ4N3J5Z0VFaEJUd255ZUdFbGduZ2k1aDFUdTUtTjFMRkRHak41UUdOcWxVSjdpeEI1X0hrcDd0UjQtR1Rqc0NQUmVLRVNmbTlVUTA4OEJhOWhEOVQ5NVJleXFIam9HbjRLdV9HZHc?oc=5,"Fri, 02 Oct 2026 22:46:10 GMT",2026-10-02 22:46:10+00:00
Stablecoin issuers have replaced 40% of China’s lost US Treasury demand - CryptoSlate,https://news.google.com/rss/articles/CBMimgFBVV95cUxOX0d5Vk9Fb002Vmo1RGxBMUxGajVxbG1hSVlTN0pRUDdpaGRMbksxSTRiQ1k0MmJ4dGFYVmp2UWRENDVYX21IYXlVNl9QTm50SGh1eE4yRE9SLXhTbFVjaUpuREFWaDZlc1FYRDN1ekNEMG5ER09pVEdsSUxITU9wSUk0eTItYzhWZklpV0U3N3VBQU9xSDR4Mkh3?oc=5,"Fri, 02 Oct 2026 21:50:39 GMT",2026-10-02 21:50:39+00:00
Mastercard (MA) Is Spending $1.8 Billion On Stablecoin Payments - Simply Wall Street,https://news.google.com/rss/articles/CBMi1AFBVV95cUxNRGQ1OVNYWkVnZ3BJcG1ZaFlnQ29VUGJQR0xKRm5lZ1NkT2pHd0FKQ3V4a0V6M3p4OWpDU0c1Z3VtZ3JRbzQ1bFlCa1JyVGd1MmZLcGEwYkM3dXhOUm1ETXdNeU5tcU9BVldlV1diNk5kYUoxYTFYZnRqTUhiQ2Y5YmwyRjZZSWViWDVQMXF3Q3ppeV9uYkJOSzUzd0VJNmFyaGZTWkI0VGRsSy1wOFRoR2VxZV9YYTRNTFlnWThieHpMU2tGRjdidzFsZWtPbkdoOW1uX9IB2gFBVV95cUxOaEplc0Z5TFVOemRReTJ1OXRJcG53SGFDS1VMb3hiWDVJNzBzd0VBUlZOcDlpOEhRaHZRYzZsUkVRUXBMOGIza3k4NE9XR3hockdvaWFERFVQQnpUMkRWdmt0dWJWMDlXSWxEUlVOaFJmSWx3Vlh1aXIxaS10cUFCLWYwRlpWbUg0ejUta0VHNVhhck42SmwtRVRrZ3lhU3p3NFpaWU9rWnBSbFJNbmpnd3c1OVhNNXRoRll2VFdZcEpOUUNXZkhWbnBDdUJmZXhtaUJoRGwtdDYyUQ?oc=5,"Fri, 02 Oct 2026 21:35:58 GMT",2026-10-02 21:35:58+00:00
GENIUS Act stablecoin rules: status up to 2027 - CryptoTicker,https://news.google.com/rss/articles/CBMibEFVX3lxTE15Y2ZrRFdMaENyOXJpM1hMY0l0Z1NuMDcwdFpvTWpBWjBpeXFmZmVkZlBMVjFKbU9wRU9LWlo2a2JYSV9nWThXRGI0ekhQeXdwM3ZFY202VWJxN2tvS2laclhxVjdLTFBlNWtNMg?oc=5,"Fri, 02 Oct 2026 21:28:00 GMT",2026-10-02 21:28:00+00:00
Exodus Movement Shares Gain on Launch of Stablecoin Payments Solution - Moomoo,https://news.google.com/rss/articles/CBMiswFBVV95cUxQWTlYTTRweWlQUTdJcXhDa0liUnc0TWdDemNQSGxzM25oX3RTb3ZVWEhFMkh1QllvNklXU3JUbWl3dENKSlozYUNzTmltLTNFY01DTmd4SGt2MGhKTkFVck9ua2tSTEFCdFMtMG8wNnZvZ2RSWWxRNmE1aTFzcFZGUENkR19ucXlJVTdHMDlPeUpNUzR3SEREUXNjTWNYaXlTVk8xd3hWWTFvYTBkWjhSUW5oVQ?oc=5,"Fri, 02 Oct 2026 21:00:33 GMT",2026-10-02 21:00:33+00:00
"Stablecoins Hand Manufacturers a Working Capital Windfall, if CFOs Move - PYMNTS.com",https://news.google.com/rss/articles/CBMiuAFBVV95cUxOOWxKbzFuQ3ZxMWRBSEU1LUZYYUdTS0k5c202SWtYNkYtb3lDNDJDMnYtTEZROTdlT0ZjWUZla2YzYXNRUUt3X253dkRfOG9BaHVDckg3Q0xFXzFJVGVCRlEyTWN5MkdPTXJkcGxybEM3YWNuR2owWXRlTm14T0JUbTRVdVRUQXNDNS1LQm1kcjZqVUVYVkxSaU9rUTlsV013aGRIZExxQTdCaHBPNVpyRTdKNW1zNnU1?oc=5,"Fri, 02 Oct 2026 20:25:39 GMT",2026-10-02 20:25:39+00:00
Circle Wants EU to Loosen Stablecoin Bank Deposit Rules - Altcoin Buzz,https://news.google.com/rss/articles/CBMiigFBVV95cUxPbWJxVHdINEFwaUhPaG9ORDFpaVdKSzJKVjdCbElMRlpvck44MjZEQ3IxUG41R1I4YlNsQno1bnBhaEpZT2FES0NrTXlfS0JfRjF0Q3RTSkYwak9tREI0U3Mwcml3TDVPS1NHbkZRRWgxd2ZXNGc0U1U5ZkJ2SDExSldnMVpZRDJEUkE?oc=5,"Fri, 02 Oct 2026 19:58:52 GMT",2026-10-02 19:58:52+00:00
Fireblocks Buyer’s Guide for Stablecoin Issuers - Fireblocks,https://news.google.com/rss/articles/CBMic0FVX3lxTFBkcjkwcUhsZm50SFdVTWkwSE5JWk4zY1JKOWJzRjJScnlCNUpaZzYxUXg4Z1B0ZE9VczRURjg1bHJWWllZbi1NYzQyekFBV0Z0aWlBRG9jbEpjZE5UMXBIY2ZoZGQyNk5uRTVSMU5vZzVIcHM?oc=5,"Fri, 02 Oct 2026 18:40:20 GMT",2026-10-02 18:40:20+00:00
Circle Urges EU to Replace Stablecoin Bank-Deposit Mandates - The Defiant,https://news.google.com/rss/articles/CBMiowFBVV95cUxPLTNibUI3RVZ1ZTExc2pSUFJsd3FiRl84bkJaSEJ6X2RBZWJiaFF0MjR5OUpvMWRUbFM0TkZFWjRMRGNocTdVX1lCa0xSNnJGNjIxczB4eEZmTDR5RFlzcFk5QUhoRDVXaEM0TElWdGs5WklLam13bmhnTWVlYVFGWHkyc1M5a19OeXJvM0lGR1BYZG40LXc5aWRPdXdoYWc4bGVZ?oc=5,"Fri, 02 Oct 2026 17:13:08 GMT",2026-10-02 17:13:08+00:00
Fiserv enters stablecoin race with Roughrider on Solana - Yahoo Finance,https://news.google.com/rss/articles/CBMikAFBVV95cUxPbVI4NHZSemhrNTRhanJmTHAwMFlkSVFkNS1LNmdCS2RYWVczYzFnX1prM1RITDV2WlpVWFljQ3locHhzWHJXaTdJb1ZFdHdRTzRlelVUaE9SbE12S2dveW8ybkEtZ3VlWTFMb1JJUWFEWlZjOTloTTVTTmlNaHRvVExfUEFFaVdtZk9zVzZMcE4?oc=5,"Fri, 02 Oct 2026 17:00:00 GMT",2026-10-02 17:00:00+00:00
Aleo and Ledger Launch Private USDCx Stablecoin Swaps for Hardware Wallets - FF News,https://news.google.com/rss/articles/CBMiswFBVV95cUxNY0Y3LURjaXlRSTFQdkpReWh5LS1hSG1FN0hyZkRWVGhPcjk4YUhPcGhtWXVOWEdUcmF3cXI3eVFjdGN5VlU3U2k4b2FyQ3RBTEU5R1VlWmhSc0xvakUxOWpTNllzclhPZTBpSTdZLWhZNlZ6U0lJT1ZubEJPb0VsV0NRT3VaVnJGelp2dFY3bGpuQ1RWMWppODJlWXViWFB1YTVkYS15R3lqcUdxVTRaNDNvSQ?oc=5,"Fri, 02 Oct 2026 16:34:41 GMT",2026-10-02 16:34:41+00:00
Visa Says Business Programs Drive About 17% of Stablecoin Card Volume - thedefiant.io,https://news.google.com/rss/articles/CBMiugFBVV95cUxQMlBWb1AwWUp0VzEyUFk2VUdydUV6NzctZ3IydExTY3lGMXFOQjh6V2tucHBMWW4wVGFkQ3FWV21ac1l3aU05X3c4dUhvWXc0S05RV2VqVURwMGVaaE1PTjk0R3VBcUVJNjIzWEF0YzkxX1BVM1g2UFllcXZ2c2ZzY1JtaFJwYWx1VFdzSHlxaU8yZk1lMW1JbFlmRmpkVmdELXBySDhBQTBJSGtMc09kb1lQSDd2VkoxTmc?oc=5,"Fri, 02 Oct 2026 15:13:03 GMT",2026-10-02 15:13:03+00:00
Should Stablecoin Card Settlement Require Action From SoFi Stock Investors? - Simply Wall Street,https://news.google.com/rss/articles/CBMi5AFBVV95cUxPUFhNU3dsQkliQUtxd21Ncy1FUjdXTlNOeEdaZU5JbE5oV01Sbno3OHJqSkJpdlpJZEMxUDB4UGxpOVJfMmctX3ZDUWRBTS1EYTFmVGlCcGsycGM1OWFCX2RLVEl4ZnY5TGlDX0VTN2NiTERZWnNGUTNJMnVmLThsYXpHbml1MjlydGhsVlJ3WUpURnY3aUVRUFZlNDVCeGtMa1BFbG1CZTB5dWpESkdDdVVaOXVxLXotRXAtUno0T3o2LU92OFlmZUN5a0hIMERWZmdUbWlCOTk1QW5YUkpQeDJVejHSAeoBQVVfeXFMTzRPSmN2anFGcmI0QURKWkFJWGR2eFZxSHktbkdjMERGcm1TN0dQcjVHbEh2bEtJRUZFajNPeTBRSFNrOVhYbmQwUUZPSmlUYTEtVVEybjZJalpaUlR4bjI3WDZVU3MwWXBGeXdaeWpXeGlNdXJsdldDcHI4bm91NTBDRkdjdnFiSWFnOTFPNWFDUHU3azEzajhiM0JxMUZUR1J0aXl1cEpXUFVMUnp2YlRtem9aX2FTUG04RE9wN1kzbmgxR3dRMjUzZElaNHFmYkxtdmJCLUZsclF1TjlreVRyZ0dMYkhjdk5B?oc=5,"Fri, 02 Oct 2026 15:03:32 GMT",2026-10-02 15:03:32+00:00
Stablecoin firm Fasset aims to be a bank for people and their AI agents - Yahoo Finance,https://news.google.com/rss/articles/CBMingFBVV95cUxPZjN1TVNQZk5tNjlpU09iTV9RMWVlaGNIdExVS3lRTnFLLVNXQnVvV0xxeElHQ1lyNi0tV3BKbWRHd1JPNGNkZjF6MFNXNEU2dWVNdVZrRjFOV3I3djhncXZmSkY0ZGc5SUZKMG1TOHNZTC1CbkZJejhOZ2hfWjdaYldTU1k1c2U3WS1TRzJrUHVfZGpRSERTN2ZZNHlhdw?oc=5,"Fri, 02 Oct 2026 14:58:26 GMT",2026-10-02 14:58:26+00:00
"A Checkout for Stablecoins Emerges, As Does Bitcoin on the Installment Plan - Digital Transactions",https://news.google.com/rss/articles/CBMisAFBVV95cUxNQ1BRRkFfZnE5UXplWVMyNzFWN01yUVNlVFR3QkNtamRRWERMWktMOUUyNGtEZzRzNWZOTGYzZzluMjVoNll6am8tWVc5YWRTSWlyYjVkN1VRaTRUaXhVVG81UWJzTG1TWmJTM1daVzU2emhYX2dmb3BXLTk0bzhyYklWX1hreTRSNnlobHNxdnYyN2lCSFVkV1A3dzk5VW9CMDF2dmdhZndrcXVYelFlUg?oc=5,"Fri, 02 Oct 2026 14:40:14 GMT",2026-10-02 14:40:14+00:00
Stablecoin firm Fasset aims to be a bank for people and their AI agents - Investing.com,https://news.google.com/rss/articles/CBMiygFBVV95cUxNcDZrYXU0TWQtSC1SOE54ZXNRVkNfaXhhY01wRVNvRVVmU3lJTllWaFRyTTR5UlpXdlc2czBTSHlfVUF6VlNyR0hrRjVUaEVGRUhzTEtCQm5pS054YjU0RUg5QXJaMXlrWWpoZ3J3UVM1MVJkcmNib3J2b0JySFNSTWhTYmdtM29hSHQybHZzNHBaMWtBdVdjMF9tRUoyUVFEeHktdE1CY2FUSnBNSl9WMGROMVh3NHd3XzJQNDd2VlFFRjNZRm90RXhn?oc=5,"Fri, 02 Oct 2026 14:30:57 GMT",2026-10-02 14:30:57+00:00
How stablecoins speed int’l payments - Payments Dive,https://news.google.com/rss/articles/CBMitAFBVV95cUxQUFdYeW5PLXJmM1BUSDNoZndWNEtnbnJGeHcwRDIyQkFGdGVDMERZV0Rjcmt6RzYyNVZ3U0oxMWxXWFg0SUZ5V2o3S3Jjc1FSVUxpUGFJM2VmWHpJczEzY2xrUmFxR3psZjdkQXd5VmxqcWtRV3hnNVVxTkN5YzhSVmxEdWo4ejF0YVV1RS01UGFjX2VQS0hqc3czcEhYRUVlNVBCTHBQc0htMWNNVHE3dkY4VUc?oc=5,"Fri, 02 Oct 2026 14:23:40 GMT",2026-10-02 14:23:40+00:00
Circle Urges EU to Ease Stablecoin Bank-Deposit Rules - Yahoo Finance,https://news.google.com/rss/articles/CBMinAFBVV95cUxPTUNNaktNVFdzRHh0b1F1dDF4cFhPSTZJdjkta3NiU2JIMGdBZWtVQWVkQXg3M0hHMjRLemtUZlQwWTBkVXdobmE3RjhEVEFHNEgxeHh2eXFxR2Y3aEYxOHRXNHBCcFNDQkpfekhzejNENWRrczlpTTVtdkZBSG95eEVuOHRwenpRbWxqSzdkcHdkRU9xWHFhNzdhSDE?oc=5,"Fri, 02 Oct 2026 13:36:00 GMT",2026-10-02 13:36:00+00:00
SDEV Stock Surges As Traders Pile Into Volatile Move - StocksToTrade,https://news.google.com/rss/articles/CBMikwFBVV95cUxNTlRwT1Y2dERROExBYmZ5VjFCY3oxS3dxbGczM1RxVTlnY25BVjR3OW9yeW1VTnpvcmNLMzJOTEV5NEZrd1E5eG44SWJaWVM3dDB2SERTU3ZycUs2VzZkcllndHhGVHNBNFFsMXlrcVNSVFdLSU04ZlY1RndCT0p4SjRndmdhM3hzbUppbWUyWkdydFk?oc=5,"Fri, 02 Oct 2026 13:18:00 GMT",2026-10-02 13:18:00+00:00
Jeeves Raises $110 Million Equity Round to Scale Its Stablecoin-Native Banking Platform for Global Enterprises Across 35 Countries - Financial IT,https://news.google.com/rss/articles/CBMivAFBVV95cUxQMkgzbElDbUFSdXRvWnRLUEMyUEJuTkgzQThMSTVrNDRDeEoyRlQ4Z0Y2dXhmaXZYM1RKRlMxMEdWQjJLQlNpaUx6TGREaEczbndfa2s2S0pUallwbUk0cE5CeXVadHM4ODJrd3plX2Yza3dnVjJWUDhKWk1feTJLT2VOYVEtWVhBc1VHQnRuUlJWVjgtbGFTek8zX3ZtQk1RM0stcTNPOUdldm1DazVKcjRHUmlkM1k2NnRqVg?oc=5,"Fri, 02 Oct 2026 12:58:55 GMT",2026-10-02 12:58:55+00:00
Circle urges EU to revise stablecoin reserve rules in MiCA review - TradingView,https://news.google.com/rss/articles/CBMiyAFBVV95cUxQRWFCUDhZWHVjcUlnVnp2bGR3WGdDNHZCZW9ZREdTWF9FckI2YzgtVE1vT3NBZEtZU0NMckNSZGJmNy1ybHFuTVVCeWtYaUxQbVpaM05IaGZiNlFfOGFlbDY4b0p2UTk5Q2xlcDlBV211ckk0U0JibERnOHk1UThab1B2elhHZVo5ZU1GdUg1WGF1M2Z2bnZHYWpIYld4M0lFNXAxR0hsXzdPQnduNzBQVXhBX1g2Z1lPaDhnMmlleFhFd1N3c3hWdg?oc=5,"Fri, 02 Oct 2026 12:25:56 GMT",2026-10-02 12:25:56+00:00
Tom Lee Calls Stablecoins 'Integral' as Fed Research Details $200 Billion Surge Offsetting China's US Debt Sell-Off: 'Are You Bullish Enough?' - TradingView,https://news.google.com/rss/articles/CBMinwJBVV95cUxNc3pxUEp1R1pMdlZiaEx2UVZQd3VjVjNyd280ZC1DSXJuRFJqaHBkMWVBd3hUWHNzdk5DZ0p1MHBqQm9POU54bFo4MVlMNVUxdlFlZ0QzMi02VG9JR3dYdVQzRnlLUFVJNFgwMkhUYzFZYjFkUzViV2xJYTJnQ1Q4ZG00MzFUS3NibkhLQkdDSUF0RlZ1SWZ5UzZnV2FIV29oMU1FS3ZqRmczZ0hyTVpXa0tiT3pLQWdwdEs5TWEzRXpRY1FGeFZsakdDOXlja1l0V2kwbG8zeHNaTmF3MzFDbDM5VXA1MUpCT24xRWZTUTNHUHVtLTB5ellYRm1BX3c5bmxSN19XVGJPS2x6cGtFbktobHJNVkstWU16b3NCYw?oc=5,"Fri, 02 Oct 2026 11:52:29 GMT",2026-10-02 11:52:29+00:00
"WasabiCard to Convene Circle, Visa and Payments Leaders at TOKEN2049 - markets.businessinsider.com",https://news.google.com/rss/articles/CBMixAFBVV95cUxOMkpoeEpXX2V6UENHYldmbDZnUUY5a3BqdlV3ZHcyNW5PdnlKdk5ocmFLRDdpQVBSTGpzUFFYUlkzQzQybVhsWEpEd09YOGJsYlIwSGo0N21rNnRRVEFweDk5NHFicDRJWGhaWFg3MlB0WUtwTENYSkRISjYtSFNTSGtMLWZ4TkhuMWY4OVgteWdqQ2Yzb3JpdTg4YlROZkNaWHBGLXluTWVodnN1U0FLa3pjZ29IdkpWVTFMWnBOY1hTMUxF?oc=5,"Fri, 02 Oct 2026 11:09:28 GMT",2026-10-02 11:09:28+00:00
Fiserv brings stablecoins into mainstream banking - fintech.global,https://news.google.com/rss/articles/CBMijAFBVV95cUxPNTZtQ1hLS3YtRkZ5MGEtWmt0Z0twOENORjJ0d2tGSVgwVWJwTDFKamlwcmpRbE1YMFo5REVITndraXNpR05HZkg1WUNWYXR4Xy0yZGRsenh5Z0xOWUU3Tnlld2xWUUVMaHktNzFFUjZQQUJpWTJma0Q5c2VzUDU4TUh1TUk3TFRybFBWXw?oc=5,"Fri, 02 Oct 2026 09:57:20 GMT",2026-10-02 09:57:20+00:00
Visa Says Business Payments Now Drive 17% Of Stablecoin-Linked Card Volume - CryptoRank,https://news.google.com/rss/articles/CBMiigFBVV95cUxQQl9xTDVCemc4RllKWlVzamEtX1hsUkZlLXJiQnFORl9KcEI5NW1zVWpqQkZIR2RURDlCN2xXbEZ0VFBockMtUnFWeXRFT2Z4TWVXMkZKQllfXzlsS0NEckprTFJnRm1qSk16bDZQdlVUaWpERTUwU3ByS1FVWkJQT1pMeGJEa0l5Q3c?oc=5,"Fri, 02 Oct 2026 09:29:12 GMT",2026-10-02 09:29:12+00:00
Visa Says Business Payments Now Drive 17% Of Stablecoin-Linked Card Volume - TradingView,https://news.google.com/rss/articles/CBMiywFBVV95cUxNbEY5UktTRWQ1RUN2d1BhdFl1b3BQY0JuSmxSc2piUkUyejA5eHlUNm5Ca2lMeGFObjJHcGxscktrWmR0RDdYZEdlVFhaQlhTOWFlWU9zVWtVdTlnendxUy1vLXdSQ3cwQkJOcTdvT2UyVVJ0ck1PQVc5RmVubm03d2ktbTRuanRRVG95MjJwUGhmWnZQZWp3V3FIV3lLeXdZSVV0Si03NGx1YkxUdmpBRHpXbkQ4N1pCR1lnREhIR2ZBcU1qQkM5YWNxdw?oc=5,"Fri, 02 Oct 2026 08:41:44 GMT",2026-10-02 08:41:44+00:00
Fiserv Puts Stablecoin Banking Platform Live With North Dakota Roughrider Coin - TradingView,https://news.google.com/rss/articles/CBMi0gFBVV95cUxQZGRTMDh4VUY5WnhuY0ZaM0c3ZHg1QlhPUXZkT2dMZF9hdUNmZWgzbTU0UkZIMGtYbC1vemtQX2E1V3A5blJNR3hsSVVlaDVFR1Q0eEVZNXRscS1EdHpGYXUzellNYXhic3dGRTEyTFZXZWUteWlQOS04Z25pSWJOenFMN1hfXzVaRkl3RTRmcVp3WU1FU1NSZk5wakRRdkV2MWdYNVRRYnF0TVNaM1pWMHRlMFB5VDRZanVCZkpSUXFlYmJXT0NfeGdNUDhrWnR5RFE?oc=5,"Fri, 02 Oct 2026 08:41:39 GMT",2026-10-02 08:41:39+00:00
Tether’s $190 billion USDT stablecoin is coming back to the Bitcoin network this month - CoinDesk,https://news.google.com/rss/articles/CBMitwFBVV95cUxOdmtNSGxsZWtWTHV4UG5wUTlEb05KN0JrMVhsbVEtcjhTMF9MbFUxLVRIa0I0akxDbTJEUFhpX3ZTSDFXV2pQV2xhUEVzWVM0a0V0STlLZUVqYmNTTF9HcGZEMGozMUo4dlhMcUp5NlYtTnhaemZoM0JJd1Eyd19odU1mTGZxak15OGUyQ0V2Y2h3NjNoMFl2djBORmpZd2U1UW0wcGJDVEluUHdjM2FXVlEzbGdPbVE?oc=5,"Fri, 02 Oct 2026 08:28:19 GMT",2026-10-02 08:28:19+00:00
“Beyond the U.S. Dollar to the Yen and Singapore Dollar”: Expanding Stablecoin Market Spurs Reshaping of Asia’s Payment Networks - https://economy.ac/,https://news.google.com/rss/articles/CBMiV0FVX3lxTE5fZ0R2V1ZWN21pVEtuOXFDcEluYUJucmU1QUpydTdDMDh6MFdDT0tjeDFBWktwZmwxemJZazFOaHRUV2hjT2NWR0JCN1BKelQ5WFp1Q0MwVQ?oc=5,"Fri, 02 Oct 2026 08:11:53 GMT",2026-10-02 08:11:53+00:00
Circle Pushes MiCA Overhaul as Just 3 of Top 30 Stablecoins Meet EU Rules - Bitcoin Foundation,https://news.google.com/rss/articles/CBMivgFBVV95cUxOcFlLYTVpMjVRRUhFOHJoN1VTbG5lOElZei00MVB4bHIyRVEtQXh6RjlIOWxHdFZDeElWWDlGWW04V09hUXBnYXUwbTJ1eEpoYnF6MXk3VUFPRV94VU8yMVZQRWhQd1lqU2QwbGVqbFBmVXhrLXAxa2FxWmJBUl9XTVlaNHo3ckRKeldPcDVlbkI0TGNYMW1kaF96c0RpVWxLYVpIZjdWSnNFZEJyZ1hzTWYxLWV5LUwxQnk2YUxn?oc=5,"Fri, 02 Oct 2026 07:57:17 GMT",2026-10-02 07:57:17+00:00
Payments Giant Fiserv Launches Stablecoin Settlement on Solana - Altcoin Buzz,https://news.google.com/rss/articles/CBMihgFBVV95cUxOeDZCRnc4QklUOFV5U0V0a1hVbVY4OGI0R29FV25Cd1dIZVlZSEZvWm1lSWxSWFlwOFYwVFRVbUZpRGllNUFaaW04cG9MdG9lVjF4eG52NElTUjJVOXZKSFRtT01wdk5FSjgzYTNRZ1dNVVRKeHlwYUJweGt0SXRfUGp0Z1llZw?oc=5,"Fri, 02 Oct 2026 07:13:42 GMT",2026-10-02 07:13:42+00:00
Dunamu CEO Urges South Korea to Move Quickly on Won-Backed Stablecoins - WSJ,https://news.google.com/rss/articles/CBMiugFBVV95cUxOeEt6bDVoWnkxOTJKNVZGUlpRZWRHN3Y1QzhLLXI3Vjl3cHFhQzJwZVZyXzZ1WnlnRzQ0M2xqdDZReFBKbmF6d1lza1VHdVRCbThjaGRZUlJCUnQyS2R4WHlTcGYxa2pmaDJ4WkN0eTdaeUZyX0M3eFhjZTlmM3pnMGR0S29HSElmSEVVTUhDUDJwOTZHcWVtcG13YzZYLTl6aWNuWVRxWlJsTGhZVUExbGYxNVhwQ0Jfanc?oc=5,"Fri, 02 Oct 2026 07:07:00 GMT",2026-10-02 07:07:00+00:00
"How Stripe, Zerohash alums are looking to speed international payments - Banking Dive",https://news.google.com/rss/articles/CBMixgFBVV95cUxPQVZHUXhaRmNIdXNadDgzcFJxVUJ3Yi1XQ0ExOEJISmVkZVY3NW50YURWQktEZlp2cUpibHVOeG5WNUhHa21Ba0EyODhUSUZtTFNTVjhUY3d2SE1XSWZNVlE2SXgwMjVwVzU1NEw4VzJweTJQODBmMTJNa3UyekZxdDVyaEd0NDlNWlpiMDgtYTM0cEQwaEtrakdYbW82S3hjYUZRc2JFQm9KdUtuMDZWVk9RYlFyd01nWkdXZmpBT2h1REl1b1E?oc=5,"Fri, 02 Oct 2026 07:00:00 GMT",2026-10-02 07:00:00+00:00
Fiserv Digital Asset Platform Goes Live With Bank of North Dakota Stablecoin - PYMNTS.com,https://news.google.com/rss/articles/CBMitwFBVV95cUxOR2Nnd1l1UFM5SVdVOGpjZk53SEdxRzdCd1NnczlQVjItajRqLWM1eGc4bmVZa1NiQlB0cm1JeHg2a0w5VWhpRkx2dW5tOERMLXFiTTZLWE5hSEpMc09FTFV1QXZ4SUJuZjNYcnlJOGdhaml4cVZwbjdCY1FPblJHZEdQTU41M3hVS2NsWWxfMEw4UjhaMklNTDJ4YkdzREJxcG5BU0pQbTZnbE5Rc3FxX3dWNFdxR0E?oc=5,"Fri, 02 Oct 2026 01:08:39 GMT",2026-10-02 01:08:39+00:00
RedCoin : HSBC To Launch Hong Kong Dollar Backed Stablecoin Via PayMe - Crowdfund Insider,https://news.google.com/rss/articles/CBMitwFBVV95cUxQUGU1c0gyVUV5Y09ad1pPUEMwa0IxU3k2S3VYY0JEQkJ4dUxvOEx3bEZEUElqNFNzS3JqbXRZZmN5akxaa0F5TVRNYU13Nm9KbjNlb19GUlhiZThNeldKVkxEY0o2WFhZdm9Tb0Zkcm83ZXZ6SHVTcnBDeExmejhmcllMRDB2WFI5ckMyd244dnJza2VtMFRJa3JScjJQd3hreV9ydWhwbE0xQUlzMGx3ejNvX1lkLWc?oc=5,"Thu, 01 Oct 2026 23:21:34 GMT",2026-10-01 23:21:34+00:00
"Exodus Movement Launches Exodus Checkout to Enable Stablecoin Payments, Debuts with DGO in Latin America - Quiver Quantitative",https://news.google.com/rss/articles/CBMi0wFBVV95cUxQYm9oVkk3MlZJMERIc3JJa05VY1V0enhTT1VIekoyMXhQZzVYVlpJZHZhcm5iQ3QwRFZyWkl1cXNFWmktNUlaNi1CVlZkdHBPSFZSX1MtMkt2TUZzQVNYT29VMXlXX2psZlptckMzbGRqNmpnYXdSbXFjYTIxZnBTWTAtZG9VQUhEYk9JR28xQVRTQnFhc2dJVVhhUEljMHpqTy1CQ2JreEZ4eE9RLVZJdzNkQml6V3R6d29vWERRQUMydnpyMXByOWZRNnBVVGlESi1r?oc=5,"Thu, 01 Oct 2026 22:40:00 GMT",2026-10-01 22:40:00+00:00
"Exodus Movement Launches Exodus Checkout to Enable Stablecoin Payments, Debuts with DGO in Latin America - Quiver Quantitative",https://news.google.com/rss/articles/CBMi1gFBVV95cUxQcnhNQzZWcU0zQTlVNm5ERDUzaDJtczB3TENNLTQyT3o0NlphTldZYXVXMUt2WU9IZ1B1WUJIQXhkUzBLYlZ1S0hydGtaQzlCN2E4YVZ4Ukx5QXhoMDFIcDJsdEdjUWdlZmpkZjFxd2VfaXRnNnRlcTNZSFA4UkpDM1FHUzFCOGtpWUZLUW5XM0lsTUdIS1EzOUFTQzVYQ0ZEOVE0OGFNcGJ2czR4WFFBNlBYd1VWUXo1ZklIaEJuNHJWV0xHSkRycnJtbHRHNkJXTDRHVF9R?oc=5,"Thu, 01 Oct 2026 22:40:00 GMT",2026-10-01 22:40:00+00:00
Eligible customers of DIRECTV's streaming service in Argentina can now pay with digital dollars. - Stock Titan,https://news.google.com/rss/articles/CBMiwAFBVV95cUxPSzZTWUt6b2ZjLTlBaVh6LWM5d2prNEQ4NFpqM3BxV3RzYlJXcG5pQ3h1cTluQTkycDBmOGsycmZOOXJjdkdFOEFMNXB6YVYzQ3VQeVVmNGZWUmdlLWdfMlVXaVR5WUp4STI3cTlKa0pseDZrX2RRNGtLOUhZVkdRWHpacDdHRGVvb3pTM0xrNEpJSlBlUmFSbmZFUGt3RlpMYWg1ajB3OWliMlA1cm5BLWZkYnhwbUYxTElkcndURDM?oc=5,"Thu, 01 Oct 2026 22:30:00 GMT",2026-10-01 22:30:00+00:00
Why Is Mastercard (MA) Buying Stablecoin Infrastructure And Building AI Commerce Safeguards? - Yahoo Finance,https://news.google.com/rss/articles/CBMiogFBVV95cUxNWnYyZVFhb0tGYjlYSFJPNDBKdG5WNC1HUFJIdkFINS10Q1c4eXBHYXA4TEFrQkxURk42cTk1dnJqX0F6RzRyZmRaNFlSbWo5NU1jUjZsWTBESG1kVlo4N3BzRmV4dDI5eU1BX09jcUJxMHBVdHFrazhBZFVDNThScUxwVy14TXZubnE4NzNEZVVOVlIteFlSb1hWTUVHM2Y2TVE?oc=5,"Thu, 01 Oct 2026 21:09:22 GMT",2026-10-01 21:09:22+00:00
Stablecoin Issuers Are Buying More Short-Term Treasuries - Altcoin Buzz,https://news.google.com/rss/articles/CBMijgFBVV95cUxNZkJjTDNfcVdiTEpYZHFWY3VRRzd1NHZXOGN1TXg4ZTkydHgwcldUZkczcHNkbGtkQmpheTRYcXliMlBhN3NkSFdJdF9lQm1mNm5vcEYtcWFBQVlqUWFWUTVPcy1qUk90RXZLTE4zZUVQR3NNbU9zVVAyS1Z4YnF0UVpOQS0ydEl3cjN5OWxn?oc=5,"Thu, 01 Oct 2026 20:12:09 GMT",2026-10-01 20:12:09+00:00
Open Standard's 'shared stablecoin' goes live - americanbanker.com,https://news.google.com/rss/articles/CBMikAFBVV95cUxPdDQyd2lqaDRUYkw0VkVORFJuOEVXYjVVTjZMdkZZcjRoZ3BYMUM0WVVzQTdBNTIxQzVfbDNIaE50Yy0zM3YyTWFwY2VsSDRkY3FRMXU4Smh5X0ZxNlM3ekZMOFFxazlsekZtNUp6UXljTFliMkxmdDFzSFFLblctLUl4SVBDUnJSc2F4c2pSMzI?oc=5,"Thu, 01 Oct 2026 19:59:00 GMT",2026-10-01 19:59:00+00:00
"Hyperliquid Policy Center, Circle press EU on perps and stablecoin reserves in MiCA review - The Block",https://news.google.com/rss/articles/CBMikgFBVV95cUxPTVZiTE0tRlRLcjZjSXd3eXdsanVHZ1VpUURKQ1lLVlRCQl9FbkdyRi1zV0Nqc3kzZkJ1alk4ZlNFYjNfX21NMllwR0hBZ0VQYjZvRzJtR1FtVllPWGVrM09vODRJUDFEczdXTEd4ejVUZk5RMGluT3VlS1VtWlBGME9qUnc3MWNYTVdCcW9Gekdodw?oc=5,"Thu, 01 Oct 2026 19:10:00 GMT",2026-10-01 19:10:00+00:00
Inside OUSD’s big stablecoin launch - Yahoo Finance UK,https://news.google.com/rss/articles/CBMiiwFBVV95cUxNTU5jQWVsT1ctOGpvaS1Gel9ncEZ4d3hzbHlwRFE0VHJHUllHQml0UlJVZThJWWFfTllIYVA4R3VKVXdqRkVJcjZzdXdmNk15MkgtcmFGY0hGZ2VxREdmN1dqdWFDU2VvNDR3amV4QlZmMXZ5M0FmaEtJcWxVQnVnM2pDYTNXSWF2TVFv?oc=5,"Thu, 01 Oct 2026 17:00:00 GMT",2026-10-01 17:00:00+00:00
Inside OUSD’s big stablecoin launch - Yahoo Finance,https://news.google.com/rss/articles/CBMihwFBVV95cUxOckk3RG1MQWhhUFpXRlVabU9ybXlwa1FieDJEU3pkdHo4UkdkQ1pOQmZpSjJfWTZxT3pVWTA3US1yNHM5Y3o2ZkFsRWZnWjBqQlZ4UnhpR005QW9GYkw1ZUhYYTBaa1NnbkxCR0JTOVU4bWNrdGdDQlgwZDJqQWpveXdEelFyNnM?oc=5,"Thu, 01 Oct 2026 17:00:00 GMT",2026-10-01 17:00:00+00:00
Visa-Led Consortium Launches OUSD Stablecoin - Yahoo Finance,https://news.google.com/rss/articles/CBMinwFBVV95cUxOci1fQjlrZjl6VUJwWWw2QkFHMVJCZFBlUmtUUjk3RThEWWlQOTRkSXJHTV90Q2UyYUxBWjhjb2dRclRDOFl3clg4MFUzN3dSS3dCWmcxMVhUYkwxZnpYQWxZSnhDSllPLUVLUkNjY09BekNZU2NQSDFzLXB4TW9NS19nTndOMlVrbDNjaDllUUMtbHlqUEVMeUZ3a2dJTkU?oc=5,"Thu, 01 Oct 2026 16:14:00 GMT",2026-10-01 16:14:00+00:00
Fiserv’s stablecoin system starts - Payments Dive,https://news.google.com/rss/articles/CBMimAFBVV95cUxPRUZ2M3hPUGJidzdTR1ZyMF8xUFlndVlqaEdPN0xpQXRycC1lMHg0QnE0N2YwU1lfTDlBNFhkMVh5d1hqal9UWGpYRGs1ZWt4YWhGYXhpN2w1OXRaZ2F5OTAyUl9VLW9aXzFrOGVBenBJZUVkUmdMYzRVdmRxMzNsV2NVTTl5ajFOODg3Z1Rad2RVcFIydFhudQ?oc=5,"Thu, 01 Oct 2026 15:58:58 GMT",2026-10-01 15:58:58+00:00
"Fiserv Digital Asset Platform Goes Live with Financial Institution Clients, Advancing Stablecoin-Powered Banking and Payments - Investing News Network",https://news.google.com/rss/articles/CBMi5gFBVV95cUxQN0IySUdyTTVLSElvd05mLV9SUEE2Q0ZBTWVkVG5IcHJvSnMwLUx0RjFGRk1jb3hVTU8zRXFycm9VZV9XVmZaRXFQZmZTTjhKd1R3SFRVbHZyQzZSc3BSR2RhZXhVZGcwNjBib3p1UlQzY293eE5hRWJJOFItd19IaGdyUFZySkY3SEZIZDdKQnh6WkRwQWx0TzAyVV9LRW5kV2tVNDZGYktZdGVUcjVTMFRyOXdCMTJDdGwwM1lTczNPT2UwM3J3TlRJaHJkcUJqejgwU3FFa3BfeE5YZ2xXb3VzRFFtQQ?oc=5,"Thu, 01 Oct 2026 14:58:09 GMT",2026-10-01 14:58:09+00:00
FASB’s Stablecoin Proposal on Cash Equivalent Classification - Forvis Mazars US,https://news.google.com/rss/articles/CBMiqgFBVV95cUxOZjBmUVhWaEtFcVRlU3Q1RDMwM1lHTTJkZG9rdUxLUC1RQ292UGN2bkJXUUJocDNkWUo0bVJXbV9qNGh0NXVWaXE5Tm0zRWtqQWhvMmFENG9MMU9SRHRXSGY0ZGd2UXM5M1AxR0hSSmRTSXZCVndkZVMwbWdScHQ4MjdGVFlITXBfYzRrZzNZTnBHUlRhUWU1N01CdzZUNF9MaURvQ0NQMHZ0dw?oc=5,"Thu, 01 Oct 2026 14:55:19 GMT",2026-10-01 14:55:19+00:00
Stablecoins Get a Boost As a New Fiserv Platform Goes Live - Digital Transactions,https://news.google.com/rss/articles/CBMimwFBVV95cUxOd2xTSnVsbzBPRE5maWg5ZHdyVloyc3BVbVZsTHUtdXJsVlg1UnhUeEhQQmUyMUl2QVZRTW9GZjBsNzZLWEQ2cVM1RUxCdzh1X01FR3d4S3BEa3dzSDQxMkpBdkpaSF9aVWt6Y251cVUwZ1RFOVVaRWpzMWxDS0oyQ2lyLU8zWlVhMG9xSzhIVURGQ3FDZHVXaEoxTQ?oc=5,"Thu, 01 Oct 2026 14:48:33 GMT",2026-10-01 14:48:33+00:00
Treasury will let states file for stablecoin approval before finishing their rules - cryptoslate.com,https://news.google.com/rss/articles/CBMiqwFBVV95cUxOa25aZkd3dFBkc1AwRDNtRGJKODJGWWRIWjdPQWhJeTNvRlVfWHlQeTRuaEZjUTN1bUYzU0JHZmdyTlQ4UnVYVnhJVmVYNktZOGJwWmpxTXVRb0w1cnZ2X1E3UDVRZkVqR3dmb3RMbHBVVUpfcHNIU0NJQjJ5aWdvQVNGSHRYNTZVYVFuaGJndUlqQUdpQ2JPRU1aYnB5U1RucDkwZ2dpU1NMbEU?oc=5,"Thu, 01 Oct 2026 14:40:06 GMT",2026-10-01 14:40:06+00:00
Treasury publishes state stablecoin certification procedures under the GENIUS Act - ledgerinsights.com,https://news.google.com/rss/articles/CBMiswFBVV95cUxNSGcyeWwxTF9jbnM4dUhRZUc2RVpXNVY4eXNQMVlHSDVIRkpnZ0VyX3dfdDdSWG9qSGJCVU1sQ0hjTmxPZUdSZFkzckJwY0k1NkMzMnloaU85R1ZaLVAyRmRQRTAwUEhKMjltTTNOSUtzYmJwN3htX0xEbUVEVU05R2xtWFFFYmVwNWpDVmRvOFN3Q1JDSDVsNVh3TUluN2d5VDlQeG5DQVU2VHQ0M1RlTWtzZw?oc=5,"Thu, 01 Oct 2026 14:38:26 GMT",2026-10-01 14:38:26+00:00
Circle's Response to the European Commission's MiCA Review Consultation - circle.com,https://news.google.com/rss/articles/CBMingFBVV95cUxOc0Z1cUU5ek1ORDNSaFpMNDlNS3QtMERxNm16WXN3M1RaRlREcnpHdWxvcU90SVRseFVVQy1xV2ladjRGYWJCYlJIV0lOUm1CaXVQTFFuV0cxeVRZa1BjUXZUVjNmcWFpQUlkSk5mdkJBMjBPamxGWWdJY0FUX2hMZWl2X1FSNGpYZ2I1dFpQWGI5MTVoTVBXaGxBd28yQQ?oc=5,"Thu, 01 Oct 2026 14:35:43 GMT",2026-10-01 14:35:43+00:00
Hana Card teams with Tether for stablecoin opportunities - upi.com,https://news.google.com/rss/articles/CBMimAFBVV95cUxOaFBpMXF2eVl1TjZLX0M5Q0hxUHRXT1RNa3d3d25OQlF0QmdFUExCT3dHbGcteDV2SExkdEJmNWxaUUlJUzRVNWNzeGtZcUhBM1c0RVhobVhjOHV4OWZ4U0FiZ2xWVU1sVll3WlpXYWM3LUZlRWotQkRxb1ZSTjRLN2JVOXBuemZ1NUJuYUwzSE4yTUlCdmhBX9IBngFBVV95cUxPd0JiSElfS3VybjAtREUtc0M1WjJ5WEYyaEtiUUNSS055RnhuSlFFWU5CZUJiOG1DNzdnTk5RRUlXRFVkbFU0T2J0MjE5clpndmpabzE2cEVOWkZDWktaeTZrdTRpb3dBQzc0b2dPUG5mSHpUS0VkSTJNVFByZHdnR2ZlNC1LZUg0eVNvdlhjM0xPY21RdXJkZWY1MndIdw?oc=5,"Thu, 01 Oct 2026 13:55:58 GMT",2026-10-01 13:55:58+00:00
"Fiserv Stablecoin Platform Goes Live, With 90-Plus Banks, CUs In First Use Case - CU Today",https://news.google.com/rss/articles/CBMiuwFBVV95cUxNc1VVN2pzX3NJTWc0emVRSG44WGt5UDlqX1VWQVFfY011dVhvaXhGSk4teTd4UTRkNHM4WG8zcmc0LXNod3NNSlVUVGhRZFgxWUJIZUdtdm9FTlpEQzdrcDQwajJ6ZGJka3A3RmFRY0pLU3FqR1VmSDNVbXpjSzVxaEJ5RFFHWk0wYV85aHJhdmVGNUNMUWlEU0tqRldBSjR1emxPemppeUdOZEYyMXZRVkg5RjZfTzJyZHVF?oc=5,"Thu, 01 Oct 2026 13:22:42 GMT",2026-10-01 13:22:42+00:00
"Fiserv Stablecoin Platform Goes Live, With 90-Plus Banks, CUs In First Use Case - CU Today",https://news.google.com/rss/articles/CBMitAFBVV95cUxQNklMWFJPa0ZQeENsYkNIRlFoRkRUWnF2RVE5ei1yel9uUWNlNmRudzZFVjdEVWlUbTA5UXg3TERyNWxodWhlZFZXTnFrRTl4VGZxVThtUFhSMkJUWm41dEVHVGtUTW5tWEROdmZlbkxPTzhkcFNIcG9HclJOUHhhLXpMNDBaYVVBRlUwSGFXMHN4YURXa0Z6bnJuVk8xV3NiZG54VGtQQ1N2TThlYUNoX0YyY0U?oc=5,"Thu, 01 Oct 2026 13:21:45 GMT",2026-10-01 13:21:45+00:00
Levl Hits $10B Annualized Payments Volume as Stablecoin Adoption Surges - FF News,https://news.google.com/rss/articles/CBMiogFBVV95cUxPOTdUOS1lLXhJaTl1Smx4QjNRZGdmZUxCanNlbHlGbkd1em9jblc2M2FENmJxZ1pUUnZOUFRXd2ZDZEx5cmQ2TzdmS0Zoc1NwMkpERUp5RjV0aGhCUHVJSUhBenlUUjQ1Y19mQ1RzMmJKb1lzbm9Ka0VDQlA4SUFZRmljTFhlaWtfbFotdEZhaXVIMlJaWWhuVndkUDNpQ0JLZ3c?oc=5,"Thu, 01 Oct 2026 13:00:44 GMT",2026-10-01 13:00:44+00:00
"OUSD stablecoin goes live with Visa, Mastercard backing - The Paypers",https://news.google.com/rss/articles/CBMitgFBVV95cUxNQnUtZGMxMUstOXd0TGp0ei1yTnlaQjVMZEp0TngxUGVRLTZnd0d4bGd5TFN6d29EaE0yV1dRN0xuckhVR29RR21qN2ZfbnpQcG9XeGlySzQzaHF5MlZ5bGRnUjRscUxOT1ItNkNIdERINTZhcU81b2NmTTJKbkoxUkw4ZXlSd2dtWnFqcWYxWXI0cjBVTHhwVlgzWFFPLTR5ejNoM3Y0VFM1QlJTR2RSR29lRUZHUQ?oc=5,"Thu, 01 Oct 2026 12:31:39 GMT",2026-10-01 12:31:39+00:00
"Fiserv Digital Asset Platform Goes Live with Financial Institution Clients, Advancing Stablecoin-Powered Banking and Payments - Fiserv",https://news.google.com/rss/articles/CBMiwwFBVV95cUxQRWlRM0Zlbkp1RklYeXcwUFNlTkZuSWxMVjNaWEVZbzc3VWMzTnFkSGhkYXRVNUhYQ0o3TkVfSDROTXZCb1FndnF1Q0kzRUN1LUs4T3doRW9LUGJDd3BVbnlqSlBVc2p5VGtqSm9hNVpjaVVGaUU2QkIzbHZZY01BT29CeXVxcFVFTXg0TnNaWk0tR3ROUmJCZ0hONUphSlhUSzBmZTl4NnZuXzdmRng4SjAzdGF0enR2SzNuNFhmWFRvQkE?oc=5,"Thu, 01 Oct 2026 12:30:40 GMT",2026-10-01 12:30:40+00:00
More than 90 North Dakota banks and credit unions can move money with a dollar-backed coin. - Stock Titan,https://news.google.com/rss/articles/CBMivgFBVV95cUxQcXMtd3lfSVRPbnlyZzkwc2ZjRjJMSGtfbEhET1UxT2NxLXZzWWpWVmdGalVpcE9VVWR2bVVTMUdLaE1wYmNVZUtOeGZGTzJ4R3Q3XzNyQXdmaXQ2V3hXR0trY2VLT3duYWl1OUI4a0U1NFQ3OTQ4VmwyMWxWRmp2UmxlT1BkaFpZcTB3T3RTOXM5ek12d2RuVFZycXVzSjYyZzhmWWNOM1VVYXlaWEdtMmZaeHI5TmdlM25jdnJn?oc=5,"Thu, 01 Oct 2026 12:30:00 GMT",2026-10-01 12:30:00+00:00
Senate tax bill frees stablecoin spending while Bitcoin stays on IRS forms - CryptoSlate,https://news.google.com/rss/articles/CBMioAFBVV95cUxQX0hNSjMybzBGYlFjVkN0MVlZdlVqRFBUQ1drSFNHQ2hfa3gzYjNMTE1iWktmeFBPa2daTl9XRXJfbXg5cE9DZ1NhUFR6RjY4WGtid2VKRFhOQXEyRGZDejYyWDB3enJvQ0poX3ZsMUFyMUVnN1YtbDlQN3c5c2M2Qy12bWl5Rk05enljZjRiSzRjd3ozOXFvVkJRc3ZEb0s3?oc=5,"Thu, 01 Oct 2026 12:20:50 GMT",2026-10-01 12:20:50+00:00
"Stripe linked Open USD stablecoin goes live with Visa, Mastercard as backers - ledgerinsights.com",https://news.google.com/rss/articles/CBMiqwFBVV95cUxQTVAyX1FWOV91V1JNVzFrZkp5QVRoQlVMOTg4N0szSWRXNklha2NWTDl4SmttTHVEMGowQ3MtN2RTbzRIQWVpWEN4V3VVZ1ViamJIQzhvNjEyaXl2SEctRzZpWmxhNzZiZ3JCVXVJZjNDQVM4NUhiQl92amhtM3pMSU5IcHRpeEFSeF9MdkwxR1l0ZkdRVm9VYW5QX0JxLWktaWV4M0NHY1ctdFU?oc=5,"Thu, 01 Oct 2026 12:19:15 GMT",2026-10-01 12:19:15+00:00
"50,000 Europeans Push Brussels to Allow Stablecoin Rewards - Yahoo Finance",https://news.google.com/rss/articles/CBMimwFBVV95cUxQemVHRV9WZTd4bERmdVktUUUwdVBJYkRaRWhWYko2TExOMWNFc2R6RF9JUUZHcDhBWF9iYTQ2SmRXNk82dGdaRlZyQklReFJyaWdZNU1LdXVyMWdRQkhGQ1NvQXY0U2YzdGc2elR2MFdQcy1JTVBXYm1pUGNCc3FueUY2ajE4aEMzemtzb3RDSHhrTHFFU0VQenUwdw?oc=5,"Thu, 01 Oct 2026 12:06:00 GMT",2026-10-01 12:06:00+00:00
The amount paid through Visa card programs linked to steady-value digital currencies grew nearly 200% in a year. - Stock Titan,https://news.google.com/rss/articles/CBMirAFBVV95cUxQWFFnQWVuWV9qRzU3eHpFUjdQckJDYmdEQVZwbW9FMzI4S1F6bFNFTkpQQTlra2FfNDBrVWpUa2lVVU9mNzRTb29jYlgyTy1HbkdfTmpFaGNTTXVkQ0FIUEpHNWhWbnowU1oyZmtDSTNqUkNXN3hGN0JxMTRUU09LNlMyazlmRWRRRU9PTk1ROUJrX21fWjhDTVdsZjFUMThzUjJ4OW1zS2NpOXd3?oc=5,"Thu, 01 Oct 2026 12:00:00 GMT",2026-10-01 12:00:00+00:00
Monad Price Jumps 15% Amid StraitsX Stablecoin Plan - Altcoin Buzz,https://news.google.com/rss/articles/CBMigwFBVV95cUxQdERHMDNQakdjcGRtSGhtZ1lfWjRsc2JtT2NHaWdDc0lmbzRPX19JUEVpdENEbUtiTVhSdVpPdXRFTE9ybXpULW1ZMVBsYmh1SkJ1MVNYZG9iSGZ3TlNrTGZMNjF4bHpPNlJSOVdpMzYxR2JxbnR5TmxZekQ2UExJN3dsbw?oc=5,"Thu, 01 Oct 2026 11:48:18 GMT",2026-10-01 11:48:18+00:00
"WasabiCard to Join TOKEN2049 Singapore 2026 as Gold Sponsor, Accelerating Stablecoin Payments at Scale - markets.businessinsider.com",https://news.google.com/rss/articles/CBMi8gFBVV95cUxQdU1UTkNuV09uSnFOT0xyUGQ2NzhZbllmSkZ2TGZuazVSd3RlZVIxLWVxLXNIM2FuMFFrX3ZHQUVoME1FalZwMkVPWGh3X1dPbEcwM2NaYXZBWGpqSEJNNzR0M3VJOWpIM3RGeGY1NzlReEZ3Y3Y4S1V2LTgxNUdDTVFKQmhPZ05DdHFyYjhtRG9sMGREb2hGRzBTenRWNXlDRVlLaFFuNWZaY0JpUGpqd19BcWZxYnhzOWw0MFcyc2pvaFBmNjlHMTlOcjB4ejM4YWVEaER0dTNIVzkxaUczcmQ3RlhDVUdUSDVLMzdNY1BMQQ?oc=5,"Thu, 01 Oct 2026 11:18:34 GMT",2026-10-01 11:18:34+00:00
"Lloyds, Visa test stablecoin settlement for faster cross-border flows - Yahoo Finance",https://news.google.com/rss/articles/CBMipgFBVV95cUxPakx1cFlDNmJJb3loTWpzT2JQbElvRVkxZDZxYmtMSFdHTnFMZDdCaWNSeVg4Z3NLOFNiNFhEZUNJdHBfZjhBYnM2WFRRSnNWRThoNk9yRmt5b3gtLXpqMktubGp6UkY4Z0JiSmEzclhXdUIwMXFpaDQxMDA4NEFJa3NSNF9MZGRtZlFwNnRfcjRpR1dZNGNjSXBiSGMwUmNveThZcUhB?oc=5,"Thu, 01 Oct 2026 11:18:19 GMT",2026-10-01 11:18:19+00:00
Jeeves Secures $110M to Scale Stablecoin-Native Banking for Global Enterprises - FF News,https://news.google.com/rss/articles/CBMiswFBVV95cUxPNHVEc2RkZW1XejZGVC1CbUVsdk93TW9ZOW9XbnNpTUJlY0NDeWR2VEdlaWIxSlBPNmJxZmZyeXNIMmtORWtBbHM5SW56T0UyLWs4VjJWcjJHTWM5T1YxSGpoZU9Fb3J2N3ROTWxRclZXeVlVNW9hR2xQQVBsMmZOZ3hRNTkyWXRIdzctX2hvUURGN0NUeWtQNXUyU2RsdlBnTFg4N0VTSml3U3NYWTdJTXpTMA?oc=5,"Thu, 01 Oct 2026 11:10:31 GMT",2026-10-01 11:10:31+00:00
"Lloyds, Visa test stablecoin settlement for faster cross-border flows - Electronic Payments International",https://news.google.com/rss/articles/CBMivwFBVV95cUxPWnFmQ0Y2enFRQWNhaVYxeFRRUW10STBvamlWdXB2RHVkRDNiNHpZTkVpTHZDTnhQeG80NHhTTVUyZm1hbWlRU3M0X3FXdy1RYmVQOV91ZVRhMER2S3kybU1GMGszMjB6akhjeHNOZjdxUE5OSldUbHBxWWhGRVp5d1BoXzh1TVdkdzJEUjNiR21vakxseno3Wkp2eXBKbFNYc2V5MGd2YjhHVElZRHo1Mm1ONEllbHJEMUp5bll0VQ?oc=5,"Thu, 01 Oct 2026 11:01:17 GMT",2026-10-01 11:01:17+00:00
Jeeves secures $110m Series C-1 funding for stablecoin platform expansion - FinTech Futures,https://news.google.com/rss/articles/CBMipAFBVV95cUxPWEo2Z3g4bWQ2TGFsVTE5cmJxRVpTd0lqR2U2TFZqbzMxZFNEb1daZHBsMUdaQkhveVFsdkhka1Exc2Fsb0R4b0FpSzExMkctbGlrRVNRVEdoRmljeURibmhHeTQ4b1hPTnppMlhWNWxpNGE4VURpNzhObVY1SkxCYWlmNlRsS1daZDVxQ1BiMzBJSFZLQnU0N0tmVUdWLVVjbGVCdA?oc=5,"Thu, 01 Oct 2026 10:52:39 GMT",2026-10-01 10:52:39+00:00
Kora Launches One Rail to Enable Stablecoin Payments for African Businesses - TechAfrica News,https://news.google.com/rss/articles/CBMiogFBVV95cUxPeUNmMTZKQTF1cjNCSkphQXVURkNDZ0hkTTNpVlpQWVl1X3lwSjNmaV9UOVlwM2pwcmVjUmY0UTlKcDljdE9zWlBzUU1fMXhCLWgxRzJEZnlRbTAxNXJTX216N1EwbXRaSzNKRHhlLVBKVFQ5ZTZ1NGp4b29zc3o2U3NQYm4yeEwyaVpLN1haVlcyeVR3SkdfX0VJUklNdWZqM0E?oc=5,"Thu, 01 Oct 2026 10:05:28 GMT",2026-10-01 10:05:28+00:00
"HSBC Hong Kong stablecoin gets a name, euro-backed tokens soar - CoinGeek",https://news.google.com/rss/articles/CBMiiwFBVV95cUxPZmFSVjRFSmYza3hfdDZnNlFqdkV2b1VNZXpJTjZ2MkdHcWRGQ2kyRkk5OTNmUmJ0cUdtMW5JZGV3S3pyVFdpN0preUtoSHRrWTNYcGRPOVRlNGNnMk93RjRWd2ZuTllpSVVnNDBYcFpJTk9MNGpUbEZUTUJDWWc1djB4ckJOVkNpb3dr?oc=5,"Thu, 01 Oct 2026 09:00:00 GMT",2026-10-01 09:00:00+00:00
Chainlink Backs New OUSD Stablecoin as $1 Billion Liquidity Push Goes Live Across Four Blockchains - Bitcoin Foundation,https://news.google.com/rss/articles/CBMiiwFBVV95cUxPa0FtemtfNG9uNnYzcDZZaFItS1R5M1BQOEw4OTY3NjZtbjZNREx1RDc0anBtb0dkcFpSVkwwLTRaTDd4VVc3bzR6QW5qWFo5OGlDZGpIbDBTYl9Wa3ZtNkxmSzJlR3BweW05VFN1MEp6SEk1TlRrSDZ4TmZHSHBpQ3NsRGhHZjIzWW1j?oc=5,"Thu, 01 Oct 2026 08:16:27 GMT",2026-10-01 08:16:27+00:00
European Stablecoin Issuer AllUnity Launches USDAU Across Six Blockchains - Altcoin Buzz,https://news.google.com/rss/articles/CBMiogFBVV95cUxQU2xobTFKQTZyNWZoSTE3M1N5TXRnQmxHNVcyMkxna01mMHhnaWtMOFB4MkNGa3BtYlc5aURWcW1hU2tIQktCV0tLMjFWOVNFcDV4Z1lEb0pveUNJRHZnVHAzMkc2SXVQNkpZbWN1Z21JQTNMZWxkTDhyQ29FdTY2MExqOFBQQjlHd2pTZ3g4Nl9KdV85ekpNRTJMTzdjQi1nb2c?oc=5,"Thu, 01 Oct 2026 07:31:44 GMT",2026-10-01 07:31:44+00:00
HSBC Names Stablecoin ‘HSBC Redcoin’ - Markets Media,https://news.google.com/rss/articles/CBMickFVX3lxTE91dWtoQ2FVaURrTjg2Y1JqT0RCalZFbEk0NGJDQW1nUVRqaTd6RFdDVEY5Q0lGbGNXbi0zZjE2cDRFR2NTeU01WjhscUZiem4tYkx6QjhZZV8tMThRdWQ1QWZTMjdzcUFFRFlBLS1zN0RyQQ?oc=5,"Thu, 01 Oct 2026 06:18:29 GMT",2026-10-01 06:18:29+00:00
Bloomberg Taps Allium to Bring Onchain Stablecoin Data to its Terminal - finance.yahoo.com,https://news.google.com/rss/articles/CBMiogFBVV95cUxOeFRHV0xOY2I4T0RFTGpzeklrSllLcXNhWkpIeEFWLW5oNmJtUkR5TllSUEhmRmZ4Z29LRG1SVHZFaHRkZkc2RGpkZnlHcWtzNndBS3ZvZnhSamdwdXZUUWFqRzZPYUl1X2dHamJwdXM1Ym5pNzZmMmVpc24zZk1PZmIwVGNrV0ZjT1ZZSk9kazBSdk1JZnJsUjdHMjNaelJJQ2c?oc=5,"Thu, 01 Oct 2026 01:35:00 GMT",2026-10-01 01:35:00+00:00
Treasury Sets Plans For State Stablecoin Regime Reviews - Law360,https://news.google.com/rss/articles/CBMimwFBVV95cUxNVGNPM1RVd1N2c2ppY0ZJWEFqZ3M5TVUtXzhKWkFOSHVVQVY5VDRITG9zMFVVWkxuTUViaWYyeHRoSkhEdy1nZ2VJeTJJWjZraW5DVHdPMzA4Z0M0SDI0b1pqblY2dnNUS2dSdzlyU2ZYM0Q3WndIZmxwM094YW96ZHRaZ0cwQVhFTlRmbzlzTjFta3FDd0wyYkd1WdIBVkFVX3lxTFBpMHp6Ykl0WDZSck5Nd0E5eTZqVHhTYll1WFZ0Q015a3pvaUZGSVREZHdUNjd4NXBYdTU4MFdScHp1bTdkRDR4TVRuR2V5YkNVdFRnRFh3?oc=5,"Wed, 30 Sep 2026 23:08:10 GMT",2026-09-30 23:08:10+00:00
Treasury Sets Plans For State Stablecoin Regime Reviews - Law360,https://news.google.com/rss/articles/CBMiVkFVX3lxTFBpMHp6Ykl0WDZSck5Nd0E5eTZqVHhTYll1WFZ0Q015a3pvaUZGSVREZHdUNjd4NXBYdTU4MFdScHp1bTdkRDR4TVRuR2V5YkNVdFRnRFh30gFWQVVfeXFMUGkwenpiSXRYNlJyTk13QTl5NmpUeFNiWXVYVnRDTXlrem9pRkZJVERkd1Q2N3g1cFh1NTgwV1JwenVtN2RENHhNVG5HZXliQ1V0VGdEWHc?oc=5,"Wed, 30 Sep 2026 23:08:00 GMT",2026-09-30 23:08:00+00:00
Inverting the Stablecoin Tax: OUSD and the Equity-for-Usage Play - Yahoo Finance,https://news.google.com/rss/articles/CBMiowFBVV95cUxNeWhHZ0F5eXdnVUszcUN6T2NPdXpuUHBYaWp3LUdGUTc1TlhObTk4el9VcG1JY1RKVGJzcFNiR3U0Qm90ZzVWVm5WQU92UEZpVHMzVk1fd0VITWdwU3dkLUFVYVlZLXpzZUVoZnZVTWJEMnhWTm04QkVhT2h4WEpQTEoxSmwyS1R3YlpCdlA5RTFoaUFEb2h5LW03QkF5Wm1rWHZN?oc=5,"Wed, 30 Sep 2026 23:01:48 GMT",2026-09-30 23:01:48+00:00
Jeeves Raised $110 Million to Scale Its Stablecoin-Native Banking Platform: - HedgeCo.Net,https://news.google.com/rss/articles/CBMisAFBVV95cUxPWXpyUG1sekhlOE5uWXJYZTVaTGJZM0FiR0l0OUpjTldNa0UyLXA4eFFtVGRPUV9yVm1Ic3ZhUkliRmRnYmtMQVdhOFdhbHFCT1g5Mm9LZjNMYmtXSGlnalpUWUN3Q28tdEVMVVRGWWhfMXJsTmtmZks4WWJFQUdFSzF2MnlVdThKSi1TVzVxSW5pdFNyMm5fQ3ZxR1RvbG9UaUY0SmVDNEN6SkNHckdOXw?oc=5,"Wed, 30 Sep 2026 21:44:07 GMT",2026-09-30 21:44:07+00:00
"OUSD Stablecoin Goes Live With Visa, Mastercard And Stripe Behind It - Forbes",https://news.google.com/rss/articles/CBMixwFBVV95cUxNQkFpdUJWazNydDFqVGhzOWNKcUpVenpPV09rc1FpRU1ZazdnRXJoODBfSjFUbDJNR3B3VFNWNTI2UHdNa1JLWnNnMWlscnpWUXVheWFMVXdfdlBEU00wM3pIdFA2ZlFoQzBpVXBDLUVGUXFWS2ZzLTJsMVBjZldIeDMzNXhVX0pRMXBwaUdrMUUzS3dObVRPZ3JublpNLVRBcFUwNkowX2lRbjdCQjV4dWpkVHZaSmtzT3VhaXJfSXBGS0pQVkJZ?oc=5,"Wed, 30 Sep 2026 21:23:01 GMT",2026-09-30 21:23:01+00:00
"OUSD Stablecoin Goes Live With Visa, Mastercard And Stripe Behind It - Yahoo Finance",https://news.google.com/rss/articles/CBMimwFBVV95cUxOS1JJa2tPTXJWVHNFajNueHlSWTJqS2lTcnNwa1VUdEYzNGlGV0RoZTFyREVJcFhSc0hfQXppV2hwYmJ0Mko0bmpDTG9GbFpSVU5JVzcwLW5uMk4yc2xZdEdDN3lGNm5yTU1LM2hZc0VXUENCQ1pjcVNYYzlCSDJzXzNORlhudkJNbjNVRkQ4Z1NGYWJIWi1fSGV6WQ?oc=5,"Wed, 30 Sep 2026 21:23:01 GMT",2026-09-30 21:23:01+00:00
Coinbase Global (COIN) Opens Regulated Stablecoin Payments To Merchants - Yahoo Finance,https://news.google.com/rss/articles/CBMiowFBVV95cUxQTW8zeXEzb1RGTF85U2djTElua3MySGxkZWswR01aekFjWUs5d09nNFhqRmRnOEhta3RiTDNpRGM3WXVPRmRLcHMweWlkemZjRmZHMVpJd0xpczZMUE82WnI2UXZjbXZ6bWpyajdZTE9PZUZiQnNCdWRJclJrWTZncG1kWVdvTjVqazJZQ1Q3a3RyOEFmcEN4VE5HUjRhanhSSDdn?oc=5,"Wed, 30 Sep 2026 21:16:37 GMT",2026-09-30 21:16:37+00:00
Jeeves Raises $110 Million To Scale Stablecoin-Native Banking Platform - Pulse 2.0,https://news.google.com/rss/articles/CBMikwFBVV95cUxONWRUS2VON05rUl9PZkJVSFRSbmtCRW5rX05DVFIyd3lzdXlTNDBZV1l4NWtob1ZrVk5iTHhOTmtINlJxSk1wVERzd3FaZnhjY2ZaLTl2bFpqdGxFc1h0SEIzVHdaV0gtSF9MbUFEMWROWUpMTnhpQUxwMGVlQjU4NXZtTERpWFAwU1d5VDJUTnEzSjTSAZgBQVVfeXFMTzVxU21yWnVlZ3pPZjJZa1RGckNjbmpNLWRZNUdaa1NJM3dYeG5OSlZ0V2diaVRMNVFaNjAweTRBZVVScXA0Q2dqb0dDSFBTOEZxaW9FRWxCLTRSeThQdzNSX0ZiMzJueTQ4bTZHdTM2c1RuUk1OX2RoUW1BTkthT2xCVFN3UUwwbWZHcnN1TnVXQmlCMkMzc0s?oc=5,"Wed, 30 Sep 2026 20:38:16 GMT",2026-09-30 20:38:16+00:00
"How Mastercard, Stripe, Visa and Coinbase’s New Stablecoin Is Changing the Industry’s Economics - PYMNTS.com",https://news.google.com/rss/articles/CBMi0AFBVV95cUxNblZKOWNNN1pUX2lWd0ZlLU9wdjRPSDRnOXNtdllMd0RHclFOSTJCV1MtTVZvdlYxVDhBWEt6VzRhdDBvdUxJVFFyblNIQkFCS09hNFJDVHAxSXFnc0ttSkZyTjlxSkVQU1M3SGszSGl5dTRSb2FDVlFZcHZOLVJVSmgzUWY0X0Z2dWN0U0ZpMmdrT1hkMHBkeTBKc0dPTXpESmNuVHVLVnp0cTEzU1NXWndDamRZcXNDLUNGNDNYQWk0QWpEM3JFWjRnSmFpZUhx?oc=5,"Wed, 30 Sep 2026 20:27:40 GMT",2026-09-30 20:27:40+00:00
Lloyds and Visa Speed Up Cross-Border Payments With Stablecoin Settlement - PYMNTS.com,https://news.google.com/rss/articles/CBMiswFBVV95cUxPTWlibjRlT1Q2dkdnUC14a0ViYWtGdEFybzAtd2VBSVhoN3ZsY2Zwc1VIT3pxTjdDLUpZRWE2RlhXTUxBTXZicHAtUjBkdFItVVV4NDFXMk5PTlY2TUxTN1NyY29ub0plZkFDdWx3ZGlWWW1iRW5XREN0R2kta1J0cGgtSWZwU19rSVNvNnM4c1lualU4ODNMRXpJdGtTNXpuWVN0TmR6cEZ3X245clFfQXRTNA?oc=5,"Wed, 30 Sep 2026 20:03:49 GMT",2026-09-30 20:03:49+00:00
A Senate Bill Would Make Small Stablecoin Purchases Tax-Free and Close Crypto's Wash-Sale Loophole. What Changes for Bitcoin and XRP Holders? - 247wallst.com,https://news.google.com/rss/articles/CBMiowJBVV95cUxQeDd5S0czTUs1cjFueUNwX3o2MndWUVFLdmg0RzhGQ1hqaEZTaFpRSzdkdnZXLWV6VnJzS1NoaWduZlZLYTItM1BwMUFwcUJwVzllcU0tZW1IRWVsVnk4SDVlRDRFQi1oU3NQY0s4dzQ2MjlEYmtoSkxaMGZLbTBWb2RJUE9Id2RRNDFMZk5HTFlvc0VkSzRaZnRuX0xhdWJlOGJ6TVZLTXE4NWY3VXpNU1RSS2cyVmFNcl8zZnlZbExOWGY5OGRlV2xvaEdmQ1FxZUE3cXVWMzVoT3FWNGJpT2xIR2JVbjNMMDlLa19OMmljcFVrZUU3b2x5VDhvWldkMDhlVGpKZHpHRzY5TTVqWWQ0akpWRlVONkJVY1BfVm5JY1U?oc=5,"Wed, 30 Sep 2026 19:57:00 GMT",2026-09-30 19:57:00+00:00
Payment Giants Launch Open USD Stablecoin to Kill Conversion Fees - PYMNTS.com,https://news.google.com/rss/articles/CBMirgFBVV95cUxPeEJLenZNNEd4UTVia2NISWVpU29vUG1RNUZUVlNRUGpWXzZwaF9mNlZ6R080ZVZPWndBdmFrQ2oxd05vd1JBdllFbjJ1VndSbG5ja0hYRWRxSFpZdGtWMG5ZRENITENjQ2EzRXFHNFEtOUc4U0xjeHk3Zkt4czYyVVMydzEzVHltVEhNZGpiR0dyLUxlbHBMZU94eWRrZlRTREZRakRvSXlBN0dKYkE?oc=5,"Wed, 30 Sep 2026 19:52:29 GMT",2026-09-30 19:52:29+00:00
"Mastercard, Visa, Stripe-Backed Consortium Enters USD Stablecoin Market - Benzinga",https://news.google.com/rss/articles/CBMiywFBVV95cUxOaEc0YWl3Snl0dFdYYzFrb0Y2aTJXTG8ybFFqdzlPUmNMM0Y1WVMzM3BJMW9ENzc3NGxmUTd1aDJiYWZrNkIyQlFMNVk3WElsM21mcEY5Nk9pZkRmamtSaS1tNzBoN1dRaW9OSk9kbV9BMWZYbWhTeldjWXR0djQ3Yk1mdnR3OG9OMDBaeFprTW9VVURDcGNnRUFNaWg5a1NRZkNRUzFTMGhsYy03Nl9xckV1bWo0M0pPdmtxNGItX1pobmd2WlpNbFRqVQ?oc=5,"Wed, 30 Sep 2026 17:52:07 GMT",2026-09-30 17:52:07+00:00
"Stripe's Bridge Launches OUSD, the Stablecoin That Pays Its Distributors - Yahoo Finance",https://news.google.com/rss/articles/CBMipwFBVV95cUxQR19QS1RaMnJLbXpvMjVCUU9aR1JzSFRwU1RiMGRtQzMwVzF2TkVSajBYWVBSSlNab0hYNmR1bm5YU2hacFQyUzRmb04wSXhBMjYtaHdwM2JvTkVQR2h4WHMyQXE0NmNIbHpfcHNOMW92ZW45U2RTeDdmMkhpeGMxSmQ1RWZLaWFHeWszbk82UmdnVzVNSlNOVGlQVnFiclRrMzdjNkt1dw?oc=5,"Wed, 30 Sep 2026 17:45:57 GMT",2026-09-30 17:45:57+00:00
Ethereum-Based Stablecoin Issuer ENA Could Surge 600%: Standard Chartered - Benzinga,https://news.google.com/rss/articles/CBMizgFBVV95cUxQR1RkaTJXQkhteXJwamVxTXoxeF9wUDhxN3YzNnA3bkd1Z1NLNmdWb2xCWm9nNkFncmxXTFBYekJWS01oNXhWOVY1aHJBU2loNUNqbU96dEI3OE9XdHN2RXZ6bTZPVm5Ib2hRTHhka3E1NjlKZmhPQ1A3VC1WSUJHMWRXaktpZ3Zrem05MFFsWlhmNjl0LU1BWWwzR0RNLTBIbWxxTFlMT1pHVWRiS190dGhld1h3cmJRNEpVdFNVVVZpdFpQX1RiNjhVaUJ5UQ?oc=5,"Wed, 30 Sep 2026 17:09:34 GMT",2026-09-30 17:09:34+00:00
Cloudflare just announced a tool that lets businesses charge AI agents in stablecoins - Fortune,https://news.google.com/rss/articles/CBMihwFBVV95cUxNTTE5eXB3MVF2eXR0bExuNHBIVEcyUWVSNEJYY1lTMDdpejdCUXJXTnFSMUZXczNUSkoyWWZJS1V1cTVkelZmdUFUb3UwbFhqdFIteXRyWUZEeUJuWUVWalV4d1duRXFjdFJGd0l2dG1GWU11M2hjXzVsbVU3T2oxTXhRTUtmNkE?oc=5,"Wed, 30 Sep 2026 17:06:00 GMT",2026-09-30 17:06:00+00:00
"Stablecoins Could Harm Monetary Policy Transmission, SNB Says - Bloomberg.com",https://news.google.com/rss/articles/CBMisAFBVV95cUxOT2t2VUVqSVZMbTNaX1ZsV2w0ZU9QQ040RXNMTkU4U29iamQ4NHVQdXNuQ3VfUXVZXzNBek9wMDZOelZPMGRqTkNXd2JlQ2F4aXI3MFJCcmtHMmtjSWNHazFxYzE3cExydXR0bnEyd1ZVWnVrbUtpWFliV2dIS2t0eTJQRVFONzFRalNlRGQ4MDJwSGRrSWQ0NzFCcU1mR2JDbG80VFBSaTNCeVpGUzJoWA?oc=5,"Wed, 30 Sep 2026 16:59:07 GMT",2026-09-30 16:59:07+00:00
Ripple Expands in Brazil as Coinbase Pushes Back on Stablecoin Taxes - PYMNTS.com,https://news.google.com/rss/articles/CBMipgFBVV95cUxNMlNkeldJMm9mNzVuc1p3SURLcmNWakx1bHV3Ml82TElPcW1IblQ1RzJCREZkc2ZjeWtrbDhQMkx3UTlBaFBCemp0TXl5RFZJLVBrUThnVU0zemlaS2lKd1hoVE4tNFhDbldGLWxjZEo0dlVpMzVEMElleGpkZ1E2SEduc1dPNFZLNTlxc0lCUjRUTlotVFY3NVZrbFRmVmhKOTc4VTVn?oc=5,"Wed, 30 Sep 2026 16:56:37 GMT",2026-09-30 16:56:37+00:00
"Open Standard issues dollar stablecoin backed by Visa, Stripe, and Mastercard - Yahoo Finance",https://news.google.com/rss/articles/CBMipgFBVV95cUxOS0ZKaEFjNDhVTlBpUnZRTjNwX2E2d1c1d3dHYXVTaF9jWTI4Mmo5OGc1c3NHa3pDdUdzemNZX3ZDcmpwNEhwZDZxS1c5STFlZW82R25QOVZXaWZMOWVsak1tYjRHSE5SazltQnV2SWxoc2JZNk0yNXZaemFPMTVyUWt3Vzg4dXZudEo1Nno3YlUyRzE5YnltR0hGWUJTZTdwYTZONG9R?oc=5,"Wed, 30 Sep 2026 16:54:42 GMT",2026-09-30 16:54:42+00:00
"Open USD Stablecoin Goes Live as Stripe, Visa and Mastercard Open It to Businesses - unchainedcrypto.com",https://news.google.com/rss/articles/CBMirwFBVV95cUxNdXhRRVlCTUlHZFlELTgxeGJvM0Ruc2xOV05vWklmT3JuZXV1MW5wSnVBaTRueVh3UTdGdWdrTnBkeHJXNHN3MTM2aUdobk9hczBzTE1zd3BRdTJvMmhiRHhJeUtIM1dWdk9aZXpXS09EdGhpLV9vWVZ4Q053YjBXN0pGQkEwN2R0UDBRZWZYZ0RGUmpWc0p3YzFUNndySDJGNGtxOFJvekRncTdCMFhJ?oc=5,"Wed, 30 Sep 2026 16:49:00 GMT",2026-09-30 16:49:00+00:00
"Stablecoin Rulemaking Accelerates With New Fed, Treasury Proposals - CU Today",https://news.google.com/rss/articles/CBMipAFBVV95cUxPY1FSclNWR3NmVS1XOGF2cGNlMENnX01SNGNLVzNkOG1FRUZReHZFaVFwaWhlU2lUQnoyYzkyWlN3dGM4OUpjd2tGRW9PV2w0VjZvamMzM1VPVGN5cGJqWmUwT1BOejRTajhLZTN1aWtQZWVoeFJBekdmeGNnTU4yQkp0S0ZVLW1jd1dYVmtXMG9INUZ0Q1Jzeno1c3cxRE54UEYyYw?oc=5,"Wed, 30 Sep 2026 16:44:45 GMT",2026-09-30 16:44:45+00:00
"Stripe, Visa-Backed Consortium Launches Dollar Stablecoin - Bloomberg.com",https://news.google.com/rss/articles/CBMiqwFBVV95cUxQMkJDcFBrZjZZRDljc1lwMmxvNzhXNGtGSi1aZ3JyV01LejlmSXBDaWtWNkItMnJqVktfMk5uY01sdW9WQ1h0aGhpNkxYcGZvSUZRVWpfbzNmaFRKUTBuNW9XWFVtQzVQZ0VWNUlPemNsSVZLZGRmbW0xc3VmekVCSmwzUUtBd2R3SWdnZTBXNGJLc3lUdF82djhZQzFlcVQzRDkwSEVjOVVveUk?oc=5,"Wed, 30 Sep 2026 16:26:21 GMT",2026-09-30 16:26:21+00:00
"Open Standard issues dollar stablecoin backed by Visa, Stripe, and Mastercard - Investing.com",https://news.google.com/rss/articles/CBMizwFBVV95cUxNRzI1eFRtd3Y4MS1fdmE2TGlRYldoMFBrSmYtVkxUNGpTdEdjZEw0Vi1zTnUyMEdUbklRTDJ0VVZhNGNCaVZUVjJHdUJKQXktTldESC1FNFNaclpPbHRrdlp4Y3dXMkM3dEVRMDhqUjc2UDl2TXdjdHMyR0dmRFN3ejRvaklMMXNlLTVnVjl4TmR2Z0lvekpXY2xoVTBZZDgtRlpfaDJ2ZTNKVUtOZWFfdnQzM2VjbktEc1VWaGlyQWh5UnFnY2FNVUwtTGxHRFE?oc=5,"Wed, 30 Sep 2026 16:26:15 GMT",2026-09-30 16:26:15+00:00
Stablecoin cards enter ‘hyper growth’ mode as monthly spending hits record $1.17 billion - CryptoSlate,https://news.google.com/rss/articles/CBMirwFBVV95cUxQVTNLMWNjaWRKLXNPenJrenBpYkR5cHVpczZVMmNGdkdkenNyM1FfbVl0c0xsekhOV1FCbGhrYXlBczY1aHBIdHcxU0xJTlNybC1tUGFmLV9TaEo3WjUtVWZwblpoZVMtQlpfb1h2X0hTRjE3amNjZVRZaGd5VGFTaVhtVktvRDZDOFZ2Ny1FOGZDYm1mT3dEMmI0amJnRWp4R2s4TWU2TUV6TmJKRGc4?oc=5,"Wed, 30 Sep 2026 16:20:48 GMT",2026-09-30 16:20:48+00:00
Jeeves Raises US$110 Million as Mexico Revenue More Than Doubles - Mexico Business News,https://news.google.com/rss/articles/CBMinAFBVV95cUxQcXRoTnhRb05CRndBT0pKdnpLRlFtc09EZGFfLVIwS09taTBjdUVjT3dDaHluZEowUjVyTm8yZExWYl9HcUV0eHN4TDVvN0hGYnozMFF4cGdZUER3Mk42ZHBWaV9EVU0wTWczVVVTd0hvTWplM2ZudkxVQm9QN05uVXNQbldNdjVCa1VMZGFwbk5Zc2VuY3BSZzRVT2E?oc=5,"Wed, 30 Sep 2026 16:20:48 GMT",2026-09-30 16:20:48+00:00
SNB's Tschudin voices concern about stablecoin impact on central banks - Reuters,https://news.google.com/rss/articles/CBMiuwFBVV95cUxNYVFIT0ppekZ3b2JCOXcwakFmNGRyaWtHVWVMSktnSnV2dVZHTi1KVnBQODVzWUNBcWtWZEhRMEVPU2RZSzdtUXVPck9WeGhoNEh4MnIwa2ptdlNKbU1RUlpjdjJGeExKWU0wdUJFYlpmU3pjTVZkLUFSOTRhTmZxdWMyNms3NkdxNTV2R2UxejBGSGNzZVA4SkdIdklKTTVCQXVNaDE3bl90QkZYcHFwWXdkSDNfN0lmOHow?oc=5,"Wed, 30 Sep 2026 16:15:44 GMT",2026-09-30 16:15:44+00:00
"New stablecoin Open USD goes live as Coinbase, Mastercard, Stripe and Visa commit $1 billion to liquidity - CoinDesk",https://news.google.com/rss/articles/CBMizAFBVV95cUxOYUUyZzBReEpiOHdwYUFqREJuVGVFcUdVNjBnUkNOalpIMXE4b0pBV0swSW5GekFQRl9sNTRGWW05RV8xN2tPNUIzbEpoMFdBZGJUM3VvdDRPZkVQNjhCcXlLcEwxdHBEcURyUDhZNzU3QjRlQWg0U2xUc3dIRXNZNEFqdnVXQ1FlUF9RWE1oNEtuUGRoempiYUl4WkVxNEJzU3psWEhRQ1JSeGUzZVhCMDJqb0FFUHZJUU95bTRDUUkxel9tekNTM0Rfakg?oc=5,"Wed, 30 Sep 2026 15:34:50 GMT",2026-09-30 15:34:50+00:00
Jeeves raises $110M to scale stablecoin-native banking platform for global payments - SiliconANGLE,https://news.google.com/rss/articles/CBMiuwFBVV95cUxNejZjWGZYWlkwRmhSSEdmRnRZbGI4VWVvdWRaWW1pcGNENVVmYmQ0RndXcVpTNmhCWGNqZHo1WTdwOGhnc2ZFSl85MlVpT1pyNGd0V1RMNWJ4TTRlM0w4NWhIa3JBbEl1b1VJTXkwcGNla1RqS1JfOFZuQnJXNHhjc2luNk9zWWxNb3k4Uy1HVFFNUkxBU3dHZUFRZGdadExnOEdNZ3VhTWMtYTlId2dQZFZxb0dFSndPYVcw?oc=5,"Wed, 30 Sep 2026 15:30:00 GMT",2026-09-30 15:30:00+00:00
"HM Treasury Consultation on UK Payments Framework Closes Soon, Potentially Impacting Stablecoins and Agentic Commerce - fintechanddigitalassets.com",https://news.google.com/rss/articles/CBMi-AFBVV95cUxPQUFRcUlURW4xcDVETDREVUQ1bzdSZ3VCR0gzci0yQVk2c3RlM29PTHgzSGJFUHdxdWwwb241TnZXSHd5LXgxb2d6aDVLSVB4djZtNHZ3Mm55NzZrVG9BcGRKZ21talVld2VxRHN1b1pPZXMxQjFSVmJwYlJFV2w1NE11QnZTaDZtM2taNEFZanpMZzJ3TE9WeUNWaXdYVk9Gd1BDSzZ0c3ZHZ19BZGFXQTJidXRpRWJyOENLY01XeU9nRDB0anhKQk1GczY5cDZDRllIV0xKRWxXQ1RpZkJGMlN0WXMwcXFRbGtGcDNDRDk1MU56dDdWdQ?oc=5,"Wed, 30 Sep 2026 15:13:17 GMT",2026-09-30 15:13:17+00:00
Jeeves bags $110m to scale stablecoin banking platform - FinTech Global,https://news.google.com/rss/articles/CBMikgFBVV95cUxPVjlLeXhpQUMtd0s4SmFRR0hTZjVVdXdPU2RfallPajFUXzNiUjcxc3JOcnhLZ2dlUy1fdXNsWHVwUHlWcThIVTZnVUdCOGRVOUJMcHJrdUk4QTlWZVFydXIxZXRwcXp5bGtDTWoxcWNxY1NEQ3dCOWVmQjkzMmlYaV9XellkckhBVWg0WC1STVVldw?oc=5,"Wed, 30 Sep 2026 15:11:37 GMT",2026-09-30 15:11:37+00:00
"Fed, Treasury Advance Stablecoin Rules With Credit Union Implications - CUTimes",https://news.google.com/rss/articles/CBMipwFBVV95cUxOX1pxZnlsTV9qRV9CRk9RVDgyTHd2c25QY2M0YzI4MGtqTkZCV20zQ1VsUXlvQTk1eEhqNHFnSWROYXhaZ2tOV0UxeHJ0VkpMRGNLR0tqTzZzWE5JRjNrQU1vS0JFU3ZJekpHeFRvLXhkVGtkalk2cjRybEZ5ZVpaMTNUNG04bWpNaG5HODR0SU9RRGNzcldMYkM3WGNsZmt2VEV0SjF0QQ?oc=5,"Wed, 30 Sep 2026 15:04:23 GMT",2026-09-30 15:04:23+00:00
Jeeves raises $110M to take its stablecoin play global - Refresh Miami,https://news.google.com/rss/articles/CBMijAFBVV95cUxNTDM4SjkyMTlrcW5wMVp1SFUwQWkwYVRCVE1JaGN4MDE0MUh1Ymlxei04RGF6RnREeTNEcWZEc3ZUM3BNRGdYN0ZnWkNyZHJCLTgtckZOOGRoVmRhTWFFakt6MG0zS1BRM3ZWSjRQQmFieFVLRFBvRy1NMFVwaU5CRTJCWlA5NTJNOG45RQ?oc=5,"Wed, 30 Sep 2026 14:30:00 GMT",2026-09-30 14:30:00+00:00
HSBC Unveils RedCoin Stablecoin Ahead of Major Hong Kong Launch - Bitcoin Foundation,https://news.google.com/rss/articles/CBMisAFBVV95cUxQNHNDdzNCZDFTSXY1NE10cFFOakNWRl9sX253d3VkcjY2OGlMUGJWck5JZ2dqQWxneGd3dnRHVS0tRzViR2FHZ2Y5WDBCeTI3WUtyUzlFMm0yU1RlVDdOLUpMWnEzZUhSaDZqYjBjckdtQTl1VEQ2M2tQWXdwbFdDVHIweVU5N1FJSk41dE1YYXlzVWtZZ3FQZURHdHJ4eEJ2RVlkekhUczd6Y3VvSGRNSQ?oc=5,"Wed, 30 Sep 2026 13:56:20 GMT",2026-09-30 13:56:20+00:00
White paper: Stablecoin compliance in 2026 - FinTech Futures,https://news.google.com/rss/articles/CBMiqAFBVV95cUxPU1lqc2RCN2FSRjBRVDJYV25QNUZoQ1BWSlpDZTBCOGxRVkhMUHhqR2hTLW1uQmJFNGpraDhGU3RoeWRYRTJoRUR2QzNFcVQ1ZXQ5ZGdMRjB3Z0plbThSUnYyV0MwdEEyV1o1d3luTFhKNC0wVmpHRlltUDN3bWcwNTZqcW9CZlluWWw5elpVQk0zbUY4VVFlV2NiclJxWFczbGRmVF9rS2M?oc=5,"Wed, 30 Sep 2026 13:45:58 GMT",2026-09-30 13:45:58+00:00
HSBC RedCoin Verticalises the Distribution-First Stablecoin Thesis - forkast.news,https://news.google.com/rss/articles/CBMikgFBVV95cUxQaWRoNVE5ak1ZWHI4UTBVY0hHaHh2V1VyTXVIMzNzSks3VUE5emlsMFlMRnQzeERONUlLa3hHanpJQUtqMHlMT1ZUVlNHVWJKWlhQb21qSy1ZbU9FSC1DN01XSHVhVzQzWkNRRzBWaEpsa1NZVnhXQ2p2TE5UMjJrUVlmQ1hzVExORzlSXzE3Ym1IQQ?oc=5,"Wed, 30 Sep 2026 12:53:38 GMT",2026-09-30 12:53:38+00:00
HSBC RedCoin Verticalises the Distribution-First Stablecoin Thesis - Yahoo Finance,https://news.google.com/rss/articles/CBMirgFBVV95cUxPVWEtNS1TOWZFR2pEY2xOcU9PQTNqdGZTODhBV1VZeEx2eW1IQTZpbUdYMnMwS01hMlMwaUpaVmhyejU2Y2tKbU13S1N4b2hVTlYzQnQzNXpITWFFNWdnZ3Vqc0VKWW0tejRBVVY0VWZualVZdmNJQmVyOHd4cDZldVB3Vi1TV2QtMzlyTktva19PTkxpTFNEMTdtODY3YnkwbXMzcnhaQ3BZRU1Qemc?oc=5,"Wed, 30 Sep 2026 12:53:38 GMT",2026-09-30 12:53:38+00:00
Bloomberg Launches Stablecoin Dashboard on the Terminal Powered by Data from Allium | Press | Bloomberg LP - Bloomberg.com,https://news.google.com/rss/articles/CBMiwgFBVV95cUxPS0hRbDB4c3ZqQXZiZFdJQmwwWTJMZnZ3WDctc0xjT3VfbXBxSGZYeFAtNHNhMHFHWnhUQUdJNFFSZHBRb0hvRWRfLW00eF9ZZXNOTzBTdUgzX0pRcFdjZUg3d0dqVkJBYk5rSUlrTlFfUDQtRFYyUWtySElSMm54dm51STVpLTdpVm52TWtubGhycFBjWlJZc2VpUnB3QXNiMTZRLXhUZXUtaGlaS2hPdnp3czJDZ2VkWkswZDFJU044Zw?oc=5,"Wed, 30 Sep 2026 12:46:38 GMT",2026-09-30 12:46:38+00:00
Bloomberg Launches Stablecoin Dashboard on the Terminal Powered by Data from Allium - PR Newswire,https://news.google.com/rss/articles/CBMi1gFBVV95cUxPNnhKT00zVmR4Ykp5UG5lMjJnLXVQU3E0VUUzclYySlJFUWxsZzRSZFp0NXo2bmtUM0Q2WHZWdllyMUw5T292cENUOHhRUUdtZWY3c0hKRE5xWDE4ZHNhUkx3NXNqaGxYTWpZNWtaNGZUaHhmR0NETk5PQ3c1UG5RZnlQRE1iWGloNnV3X1RHaDFZbGNfOXhXRFJ0Yl91a0c5LTZNZVF1MHBnSG9mMWhRcWt2TlFpZ0l2ZTNldncxUDZVdGNiOUo2YklLSkZHeHZ3c1hGYlZn?oc=5,"Wed, 30 Sep 2026 12:30:00 GMT",2026-09-30 12:30:00+00:00
HSBC reveals Redcoin brand for upcoming Hong Kong stablecoin - ledgerinsights.com,https://news.google.com/rss/articles/CBMilwFBVV95cUxPY3RleEhBMlRHeHZod0RtQWhYY2x5M2huRDVYdTIyQWs5bkFnR3dpVElCYUtaZ1N2a1cybFNHWVRSb240b2ZoMkNjRE5fUklZWlZFa1pzWEJSbmM4Rlphc2xHQ0dja1hCYmh4R2xjcHQyMF9WUXdBbUYtZTNCclRpdUpZY2dlaGJRZHl5Wmx1WHZZQ0pHZV9r?oc=5,"Wed, 30 Sep 2026 12:19:46 GMT",2026-09-30 12:19:46+00:00
HSBC Names Hong Kong Stablecoin 'RedCoin' Ahead of Retail Rollout - The Defiant,https://news.google.com/rss/articles/CBMiswFBVV95cUxQdGFweEFpMWtSZGpjVUU3OUFhbS1qOG84blVUbzMwQmxWN2xkOW9YUVBSMF95R0VNSC11MmN3T2lLRzQyLTYzVlJPbnlEUjZjcy1CZE04NnNWX09OU1pQWXp2cDF0emp3TDhrV2ZNV0NRSlQ5ZWFkRE1MbzZBLWRJRW5SLWNHamxCMHZOWEFRRk9uWjdqQWF2WjlCemNnQ2VOeWdGekpzaGRpeVI1RE1Jek03cw?oc=5,"Wed, 30 Sep 2026 12:04:44 GMT",2026-09-30 12:04:44+00:00
"AllUnity Launches MiCA-Regulated U.S. Dollar Stablecoin USDAU on Ethereum, Solana, Base: 10 outlets compared - NewsCord",https://news.google.com/rss/articles/CBMi6gFBVV95cUxOTTJUbjM3WjBhY3QyVmg5bXduVHdPYmlob2otSmNUYlZhLU01Y2hNVWk0V1hDblRpcWh0WFlKQ3BFNElKRFJWTnlzS2IyYnlzNi12ZFliNHdTOTlYZ2NZdmhCbU1VM2V0N2ZEcldxUm9VZUdJbzNuMy1tc0hwVDZmc2FtenJzR1RRUE5laUU5eXBtXzd3dS1GR2tJVjlsSkp1Si05RUowSnpiajBKekw3bHZNdEdWQXU2bG16THpTQXZnZVRKal96N1ZRa1A2YzgyMWNabGlFTk5aRksyOWhKQmQxTnhLbVlaTnc?oc=5,"Wed, 30 Sep 2026 11:21:11 GMT",2026-09-30 11:21:11+00:00
"HSBC prepares for the launch of HK$-backed stablecoin, RedCoin - Finextra Research",https://news.google.com/rss/articles/CBMipgFBVV95cUxNQTBPYnktTHpFcDBBS1NuYU8ySzVoV2dIaTNUanZFZ3BFTTBkdTdYWV84UUk0YURVeW9Nekh3cUgwMS1QdWlGYnlvano1cF91clpGQkN5SVhRUWljYXNDUWZTZDhaVU96OVVNSEVkZ1owVVNqS3ptbnZ5T05kY25FWGZtWGJHTlE4SHZBb0xVV3FiZ2J0QnZWRXIyLWJDNVpEVWtObTNR?oc=5,"Wed, 30 Sep 2026 11:05:00 GMT",2026-09-30 11:05:00+00:00
Sibos 2026: CBDC timelines and stablecoin debates dominate day two - FinTech Futures,https://news.google.com/rss/articles/CBMipwFBVV95cUxNUjc4REY3eTVRMk54a3dYSVBVRFNQbnJYMm9ReFllajdGZ3lNSVVMbnJYbEhTVEtOWWRDWWJkcERiaDY2OEluVV92Qm9zbVUwVDJyWXFDNGdLVkxyOV9rZHdPTE5Nb2M5cm1UdF9ZakRGUVQza1RET255bUx5VVVWb3hLcGdaNThyOFkyRElsNGRWMjZPUU1fbWl0WHdOdXc3ZEtuR1gwRQ?oc=5,"Wed, 30 Sep 2026 10:47:06 GMT",2026-09-30 10:47:06+00:00
Miami Fintech Jeeves Raises $110M to Expand Stablecoin Infrastructure for Businesses - citybiz,https://news.google.com/rss/articles/CBMivwFBVV95cUxQVFRvU3JNZEt1TTlSYU1hcTdUVmJJSzVqZmVLMjMzSkJYcnJwZEFyRklmdTYtWWZKdWVXMHZsNEpKZGRRNDBhTEVrS1k2VERqWVkzQ1hVa1FoREJQTWp4Nlg1b1RlZUJscjl0amtLdElGRFJOa2xZYmliRldFVndfWVVXUWoxMHpPSGZCMHdQRDBpdkJMMng2dzN2MnlGZjRXMU8yUUpEekQ1cFNOLUtUMC10MkR6M2JnMEdxU3BTaw?oc=5,"Wed, 30 Sep 2026 10:12:57 GMT",2026-09-30 10:12:57+00:00
Visa and Lloyds complete live trials of stablecoin settlement - Finextra Research,https://news.google.com/rss/articles/CBMipwFBVV95cUxQSVJENXo5WWloZWtkclktMlJtOGlzOVU1aGljWUVfRkduX1IyRE9VSGctbGFJZF9SV1RGdVNnVENReWVpVnVqZEhZSW1GaXpuaXAyVG5fZWhRUHpUWU9vQUlaS2p4ZlljQXIzREtKck01LTlaQ2ljZGZhSTNxRUxiVHZyWlgyb0lPdHBnbnpTNG5ic2JWMWNjV0t4dlJTRDRoeGdVSmRUZw?oc=5,"Wed, 30 Sep 2026 09:44:00 GMT",2026-09-30 09:44:00+00:00
El Salvador picks USDC over USDT for stablecoin remittances - CoinGeek,https://news.google.com/rss/articles/CBMiiAFBVV95cUxPYm4tZ3B4c0x6cmRHcFc5cS1sWi1NMHhmbjJrUW5lcVVvOXBLSUtsQTdNTXZtMDd4MTJJQS05Wm5OV2lyYXJlOUdIZW9JVFFIT2xZZHYtejFPMS1kZUVoYlliQVBBNUhHaGUtektxRlpIRG11TE94a2hyMWtNaTllSGRTQ1lBOXdt?oc=5,"Wed, 30 Sep 2026 09:00:00 GMT",2026-09-30 09:00:00+00:00
NEXUS and Fasset Sign MOU on Stablecoin-Based Financial Infrastructure - techafricanews.com,https://news.google.com/rss/articles/CBMipAFBVV95cUxNWUhTalE4MTBFdjNSMlp3dVA4S19DWXd1d3lxX1FVUHl6TnNiR1Ewcng5c283WXJfN2dIazdGbXFOUUR4bHhZWXZjdUJMMjAycjI0WmtTb3l5OEdWQmhieG9aOS1NQ0daQlQ4cE54bTNiZmFaazllRDBneGRDdHVTV2ZLb2kzTGZaMTlzYjV2R0h2WU5xLVhwWnNRaUgwbXBmZFd0VA?oc=5,"Wed, 30 Sep 2026 08:39:39 GMT",2026-09-30 08:39:39+00:00
US Federal Reserve proposes new stablecoin rules - Reuters,https://news.google.com/rss/articles/CBMiowFBVV95cUxPY25jeWJ2LVJIWmg5cThieHN1M3RDYjNGcGRyR19sNVN0cHBXRXlCUmEzbS1Zb3ZsNnhSM3VmcFQ4QkUzNG1VRXpkTTF2elFfNDhYa19ha0pJZlNpRHFhUXIwcE83ckdBM01Sc3FvRW1hZEY1MkR1RF9ZNFVDUTZkTmRhRXhJanlzRFF2OTdLaWZ4dWJjejJHR0FKRVoycGgzaklV?oc=5,"Wed, 30 Sep 2026 07:00:00 GMT",2026-09-30 07:00:00+00:00
SNB’s Tschudin voices concern about stablecoin impact on central banks - wixx.com,https://news.google.com/rss/articles/CBMinwFBVV95cUxQNXlvSk9ucVhpRm4yaUszb29FVmFYVDA2ckUzZVowZXEybVRmX1B3M0dyenQzVHZrODR4NGc5b0VwLXB1ejBhNnhoQVoxODh5eHNydHpHVGhxRG05cVlYUFV4ZURTS3ZIYUluLVFqRnQxTGNfUmV2OWUwRnkta1owekk0VXQwdVo0X1d4ejRYS3E5azFiRzgwemZfcUFUVDA?oc=5,"Wed, 30 Sep 2026 07:00:00 GMT",2026-09-30 07:00:00+00:00
"Stablecoin Treasury Growth Partly Offsets China’s Retreat, SF Fed Study Finds - thedefiant.io",https://news.google.com/rss/articles/CBMixAFBVV95cUxPc016SEw2Nm9ITkdzX3J3NzQzQWFSVG5MM2R5b2xpUFhwOWU5aGVBRXM2UTJwY1hfcElaQ1puM0xwMTZsbElkNElPRDhFUEROaHYwR2tZbHZoZk5KeU5vNThGUGMxaDBDRXEzNHNfRnFfbFhObkRfQy05c1FucmhTa3IxZWIyNFNPbm9RWHh4ZW9SSUtsYkRaTm80OEJUWURGY2tlaGx4ZFltWFFoMDN1OElnWGZyd3laVWwxNVB2aGxad2s3?oc=5,"Wed, 30 Sep 2026 07:00:00 GMT",2026-09-30 07:00:00+00:00
HSBC names its stablecoin for 3.3 million PayMe users: RedCoin - South China Morning Post,https://news.google.com/rss/articles/CBMi0AFBVV95cUxOSXU5YTctVUp2c2lHbUo3RUV6V2dxcXRKSWVscnhOSFZ3Vi1LOG1PWlowTnhBWWo2enBYY01WLURWYS1HUlE1ZHY1SFBaVmV0RmhxS3lkYi1EaGxKeUFTUWE1aF82QzlkOXp0Vk96MVY1U0ZqZkFWZ2pTazVuMTFSQXg2cWdWTXhUdEZDTi1HNmpWendILTQ4a05FcDh0RFlqMnFHdEFra1JUWWZ4MkF5RGJDRUV6XzJwZ2JicGhBNzN2MC1Ydlc0enRqYkNNb2V30gHQAUFVX3lxTE8wbU1yZ2QtekliamtmaXFsdVNEdUNBSHFWeWoteXloLURTN0xDal9sQWN2LVlnLWNmdGxLZ1Q2UUJoTzVTVmtjYVdFQU8ycHpJQl9zWXhabFRPMUstRXlFMzNJS2FRcGpXYXRBS1ptNlhvS3BlVmZ3cmZNMUpNbFlGTzFwVlpRdEZJeWtOUXhSM1NXNDFFS1Jfd3dBMmwzSG5MRmVUbFRfRVNCOUExLU1aTnFXeklrNDJHU3VSeW92YlNVWDd1VXAyY0JaNTRTMFI?oc=5,"Wed, 30 Sep 2026 04:18:24 GMT",2026-09-30 04:18:24+00:00
Circle and Volante partner to help banks integrate stablecoins into payment operations - Finextra Research,https://news.google.com/rss/articles/CBMiyAFBVV95cUxQY0RzZHhZeFZpcjlRdklYa2JkclhMY1dZdDVtS0RBeTZYX29mQld6Nkd1SGVmRl9RZnhpSDV4eXVheXdxaTMzS0g1SzRjNFo2ajJIZnNiVmhnVk1sUFVQWnB4VU4zYWNTTDBXdU9BelBodDZsSnZaWGU4ajIwYnVhRnA0eHM3WWc0ZGJkZGo1UFU5Wmh4RzAyRk5yOU9FWlZGenVtSEI3bVlsNWZnVXRSajFiLVEzb1hDclVNQmZ3YjEzY1JtemJLdg?oc=5,"Wed, 30 Sep 2026 00:01:00 GMT",2026-09-30 00:01:00+00:00
FINANCIAL TECHNOLOGY—Treasury issues Stablecoin Certification Review Committee interim final rule - VitalLaw.com,https://news.google.com/rss/articles/CBMi-AFBVV95cUxQRmpndkFscHZscHoteThHRGdTRHRuc2JYTG52VHd1SlhfZWxjVE03Rl81QmlCektwR0FSUklTVThUeUgwd0dVM2kwdTI3cDJQTlJucllmN3dMMjVfazViZ0Z0U1RiaUg1b0JEaEtIUXdNSFJhTlhreHpNY2E0blVTNFpEQ2pDaVZiSk9zbU1PSDQyak9UZlNsU1ZQRTJoV1FyeHZwWWNUOXRPMEtlVGotQVlKb0VleXBlN3dvOTRNbnV3blFOa3JKYU9TTHhaWmVETmhWQVpPa29hRnBLN3VkajRIODZKeTU3dTQ3TzlZcjEzWGJ5NUNyQw?oc=5,"Tue, 29 Sep 2026 22:19:14 GMT",2026-09-29 22:19:14+00:00
Aztec Labs Relaunches zk.money Privacy Wallet On Ethereum With DAI Stablecoin Deposits: how 11 outlets framed it - NewsCord,https://news.google.com/rss/articles/CBMi6gFBVV95cUxQeEVsOV9IVUc0ZG5NYkxQSWktc1gtcHBWTkF2dFc5YWtENFNfYVdvZ0xwVHVuNlZ6T0NicHJBbXpDNXhReVRvUjUwczhOcnd4TTgzRDdKcENTc3BYLXEtVjNCdEJKTFVWa0Z4dGFVdDBhOHBZUm5PVTdCcy1kbkxXWWZqMVY3QmdKaU02R1lEMFVrOWRIMXg0dERuY1JEb1o4ek5hbm1ZRHB2dDNkR1NRM01NZlJwdW9aVzZGU1VReUlVUVpISll2bkdCSjRNWHBqcDR4bjQ1RFROR0tpUkxTQkhwSVpubDVMZ3c?oc=5,"Tue, 29 Sep 2026 22:02:26 GMT",2026-09-29 22:02:26+00:00
Jeeves raises $110M to build stablecoin wallet and AI agents - Dealroom,https://news.google.com/rss/articles/CBMimAFBVV95cUxORHBtcVZSR2xZUklONTY3b2E5OWRhNlh0SkJHWnozcVFnVXZyZ0Y3cWM3Mkh2Qmo1TlQ0WllFVGMzMHZyNUNJM2tmQ2VTaDA2U3dJWHZuVzJFR2Voa3M1UVpqdGFvdjhOWV9YZmNESm50RENaZ2VETDVkZXBPd0dKclg2S3B5aWRqRExORXVscEJDZDc1OVNDMQ?oc=5,"Tue, 29 Sep 2026 21:34:41 GMT",2026-09-29 21:34:41+00:00
Polygon Passes $3 Trillion in Stablecoin Transfer Volume - Polygon Labs,https://news.google.com/rss/articles/CBMigwFBVV95cUxNcGc4SnNLb3g3aEVrNVVENUZ4ZXV5OEZKU2x0YTJYZ185OHMtQWNwMzAydmZPb0gwOGtVT09OTGlJRjhjLUNyUDBjalM4OTE3NDZ0VmZaY25xWVppS3lfODZrX29pc0x0SWNsMzJMdWFIWHhjRFZieGxKZ2g2c2ZZX2hzTQ?oc=5,"Tue, 29 Sep 2026 19:58:45 GMT",2026-09-29 19:58:45+00:00
"Fed guarantees 2-day stablecoin payouts, but $76B remains blocked - CryptoSlate",https://news.google.com/rss/articles/CBMikgFBVV95cUxQdHhWVmM2emJKSUg2WUVFR2JxUGtjYjdKOXlPUnNHZ0tTTGdLTWtUWG84UW1ZaE0zZ212aEIxaURiQV9FRUxsQ2h5QXJmczF3SERqWDdNMnQ0dHRpbFhWb3BUWWs1cmcybGh2amhQS1duTXdDQVRsNEt3N1pIenNWLS1STEZfWG8wQ2hDZXRLNmt6UQ?oc=5,"Tue, 29 Sep 2026 19:50:36 GMT",2026-09-29 19:50:36+00:00
Private Stablecoin Payments Are Back on Ethereum – But Is the Software Legal? - Yahoo Finance,https://news.google.com/rss/articles/CBMiqgFBVV95cUxPUF9NbUVpeDJJSXJDY3BzMVQ4b1NSQnphZzZacnNlLTh6TTJwXzZBSHpnRWNoWFZIc0hiRVlXUlJmR2xXX29RbnVHb0ExMGRKcTREWEJ4ZkZlOTEtb0did2pFS0FrNUx2VDUzSTZHcVpTR2xhMWpNOEVBQ2FnTUU1Mng3V1kySExHS1VBNnlraHcwY0dYckxnczBNVUZ1MTFNWTNRTG1HQ3hYdw?oc=5,"Tue, 29 Sep 2026 18:47:19 GMT",2026-09-29 18:47:19+00:00
Citi and Coinbase Move to Bring Stablecoin Payments to Checkout - PaymentsJournal,https://news.google.com/rss/articles/CBMinAFBVV95cUxOLTNuamdFZjJaWGxKMFltRzJKMGF0YXBtSEdFSUsxMWE5UXdXT19MSThDV0VMRHFhNnlkR1Y0NUhFUmZjTjR3dl9BY0lhWGxKUXJMOHg1cWxpOThNbE16RFg1MTRnSktqUWEycnhVWnNiWF9HRkFKRU5xRjBwcUQ4and2VzVhN2RUM2FKUzlhdlpXVEhsQjdZc0RLTUI?oc=5,"Tue, 29 Sep 2026 18:30:00 GMT",2026-09-29 18:30:00+00:00
Jeeves raises $110m for stablecoin banking platform - Finextra Research,https://news.google.com/rss/articles/CBMimAFBVV95cUxPQVJOMjZ0ZmRIc3FHUE5kaFFVRmh1UFlSbFVTUS1aZUd2MGdLaDFkM0JYWTJacHEwX0tsaTgyaHRxMUNsY0ozQWRUbGdLMzBPUXp4eXMtS0FDa0VydDdSSXR4Z3B5SUZKR2lfbmlzVFF0eExfRjBHeVQ1bllzUXRkYmp4YzBsQ05DaGYtUXhDWW1ieHpsbDlHOQ?oc=5,"Tue, 29 Sep 2026 18:26:00 GMT",2026-09-29 18:26:00+00:00
Jeeves Raises $110 Million Equity Round to Scale Its Stablecoin-Native Banking Platform for Global Enterprises Across 35 Countries - PR Newswire,https://news.google.com/rss/articles/CBMikwJBVV95cUxQZGdFX1RzekpaNWU0Zzg1eWRXY2dmZTU4Q1pZQXBEdGV3SEEtcVVNQkYwNmxOeUF6Z29oLVlkUTFUXzZ6bktKOEVvM09QT0dhblQwTFlfVE8zbUhVSkR1V2FCNlRGdk1DTWpQMlF6dmtIdldSZ091di05TDlyNEN2VVZ3cDVpbnFqTUNuSGRYMkRSWEdRamJ5dUdpMzE5Q1JnVGMtS19wNXd4ZzZhQ2R4NWcteWh4NXJqTWM3SWpTcVFLUE04S3VRYmRpT0pTa25ZMjdMQmxHeDZuWnh2dzN0a2t1bThfNWhhZmtqejhENF9wVktMdjVPN3dqWHloSnJ2bEtMeS1Kd1ZBeEFndFFEek96UQ?oc=5,"Tue, 29 Sep 2026 18:00:00 GMT",2026-09-29 18:00:00+00:00
Citigroup Deepens Stablecoin Push With Expanded Coinbase Tie-Up - Zacks Investment Research,https://news.google.com/rss/articles/CBMipwFBVV95cUxNUTlILVRjRDgyTXNKREtXX1ZJaGt4V0dKaTNUX1R3RTd6NmZRMjY2US1XczYxNUk3U1llT1ZRaE1XMUptV2ZfX01OSlFJRGNRSjhzQ0l4X05TZTZfX0h0UjVReEx4VGNtb0NWbzM2Ukl2cWg4NEZQQ2NVN0lwLW1tYTBKakdQaUhSd1F4VUlVSWRySDVmQmxvZjdNRV90OWJBRy1Pd21yNA?oc=5,"Tue, 29 Sep 2026 16:30:21 GMT",2026-09-29 16:30:21+00:00
New Open-Source Stablecoin Tracker Maps Global Usage and Regulatory Rules Across 200 Jurisdictions - ffnews.com,https://news.google.com/rss/articles/CBMirwFBVV95cUxPaWh6NGlsYUJCNUN3YWcyYmFXbkk2MElFemFaSEphdThQRlkxRVlTWnVDbW9rai0xVXp6TlJsYXUxNWxQaVc5ZTlpOWpud1FteVBHc2xCNm9kVDd2Z2RlbW9HNTVUSk9RbEJDYmM1cVdxQUVkR0ZVT0k1YVh5RHRSektnLXEyQVNvVE5wcEVZdENPNzhwUnNrWjhSaVROZmZyTFZGeF8yaDl3NmJFQXZ3?oc=5,"Tue, 29 Sep 2026 16:15:30 GMT",2026-09-29 16:15:30+00:00
BTQ Signs Three-Year Deal to Bring Post-Quantum Security to Kaia DLT Foundation - The Quantum Insider,https://news.google.com/rss/articles/CBMivgFBVV95cUxOcExkby1EU0tBRFJPUVBqeXB2anR1WDhjRnpwVGFVdkFRalNkai1kaDBFV1FHZWRNeUZIVG1zdzZBLTgzSEgwb1lKaDNBX1lTY3BuWUdFYWwteGEtZW1TbzNwa2VLWlhRZ19qSkRpSElvcF9qX2luN1JmVjdxdHVPV3ZEYmtvckdoZE9Sc1ZBdV91c1BNYWNmb3dfWU5xa0x5UXdVbkgzeHg3bUd0a294TzJub1I2UVU1djBCVmdB?oc=5,"Tue, 29 Sep 2026 16:10:32 GMT",2026-09-29 16:10:32+00:00
Citi and Coinbase to launch bank-grade stablecoin payments - Yahoo Finance,https://news.google.com/rss/articles/CBMihAFBVV95cUxNVnJwZjUzenVhUG1Jcnp5R1I0T19scHdmLTRScHdOb0w5LVhhYkgyX3ZYM3RsLXFucnBFcFRpY0dCcUgwOTdJNkxxTERVbWhzZ0pncVVjZ25aaG9rblhpb2dJVko2TEdwWkJEcW5SenRhcHZXbEpXWnJyYnVlcGxMU05CbGE?oc=5,"Tue, 29 Sep 2026 16:10:00 GMT",2026-09-29 16:10:00+00:00
Banks Want Risk Controls Tested at Nonbank Stablecoin Issuers - PYMNTS.com,https://news.google.com/rss/articles/CBMipAFBVV95cUxPb0daWjIxWEh2VzR4R1BiaWJHNWdlTnAwQ1NfbmRjcEdadTZFWTNTaDlxSWZXVFNJS2o0aWlYcGVIOFF2cVctYWZjcm1ueTZWX2xEOFpESWRtZ21KcUtvYjF4czMzb3FSc1RFTHg5Sjlqb0s2QTh0c3JrdDNKZWEzLXVtWWs3Y0dMYXBJYkhOZ1pnaGRqOXk1TGRxV3ZIWThVV2lmRw?oc=5,"Tue, 29 Sep 2026 16:04:46 GMT",2026-09-29 16:04:46+00:00
FIS Expert: UK Stablecoin Success Hinges on BoE and FCA Regulatory Coordination - ffnews.com,https://news.google.com/rss/articles/CBMiqAFBVV95cUxPbTBzcko5V1lEY3hKVURDVUJUQUk0RnNDOXFPdmVrTi0yNnBSVW5zSEVnOHdMZEVNdjE5SzVaS2VYcW82anByWS1IQnphR3ZPUTRJRFh5ZkxTU3lKTzZHY1dzY1JFVm56QjVfb0VwNlVZNXZuWlFFSWhkYlpFTEFXOWNrLVlTNHZJbnJvT0t0TUY3b2Npd2liQUl6MGdDQm9scXFXSnBwT2M?oc=5,"Tue, 29 Sep 2026 15:51:46 GMT",2026-09-29 15:51:46+00:00
Senate Report Claims Iran Is Using Tether's Stablecoin To Evade Sanctions - Engadget,https://news.google.com/rss/articles/CBMiqgFBVV95cUxPYWlNOGVnNmE2Y043VFVmczk4WkdKNTlKU2VYSy1sNE40X2RHWjBCRVdmY1FBeWVmWUcyZUc4MUR1THdNUkFGZlozUGJ1dF9NWFNpZUZYdmkzOU5QZ1hRS0V1b1kxaExOcXFScDBTcEJRRVQ0bXhKNEJYV2RickhHZk9Sd1htYWV4R0ZfbUJ3N25iYTdnN1lGMnBKUXhBQnhTeGRSZ3FLdXNBUQ?oc=5,"Tue, 29 Sep 2026 15:29:32 GMT",2026-09-29 15:29:32+00:00
Stablecoin demand for U.S. Treasuries to hit $400B by 2030: San Francisco Fed - tradingview.com,https://news.google.com/rss/articles/CBMi0wFBVV95cUxNRnNHMl9pMVpHVWdDT21JU3d2RHc0VDJza2U3WDJONTFmSjF4aTBpdW9QNWZvV284elNnOFNiamFSU1ktZ0w5WV9acURoN19rU3BSb3NsWjZTclZqRFRiS3NJM0I1Y0hRbzlCNEF3ZndPZ0I3R282bDJYMW5ESFNOdDlVUHFlcjJBbmJQLWg3X0hlZ2lrN1BpaDE5ZDZTQ2JfRWxaWW5vNzQ4aUt6T1NiRUh0Zlg0VTJzWUhjU2RQNG1CQ0QtT1RmWkJmenZudlNnaDlJ?oc=5,"Tue, 29 Sep 2026 14:42:06 GMT",2026-09-29 14:42:06+00:00
Stablecoin demand for U.S. Treasuries to hit $400B by 2030: San Francisco Fed (USDT-USD:Cryptocurrency) - Seeking Alpha,https://news.google.com/rss/articles/CBMisAFBVV95cUxQdnJ6M0VEWUN6ajJfWFpRRHAzeDFJNHdJcXpVb0JERTVvMDFGUlh3YVJWMGtFUmJWZHhVWnI1Z19CVmFXdkRZQ1paYjRDMTNVd1dHbXZCYngtOGZ1VjhqbWkyMXNaTl9jUDZKcmpWQVZiMS1NdTFNbXVFdWdPOUU1b2g1TEtRc0M1Nnl5bjJFSGZZSWVFT0llZzhXTHM0QTRyaFd2QUVUamgxa3NXcEg0Vg?oc=5,"Tue, 29 Sep 2026 14:42:06 GMT",2026-09-29 14:42:06+00:00
Coinbase Deepens Citi Tie-Up to Scale Stablecoin Payments - Zacks Investment Research,https://news.google.com/rss/articles/CBMinwFBVV95cUxNUThtUW1NeUhQcE1Ec0RZRjRtSmoxcGdqLU5URHpDRkFBblpuRHk5SnN6eGtSWU9KVU9kWkpsOVVvN2lBX2lXNVZvQkdTdUwwVmVXYkRnYzNIRTFEQTdZX0J3MlZiT0JZalJtY3h2MnFkNlZmU0RYUndTX0htN1ZMU29xbndfWDc5VmloUmV6T3JYNHljcEx1bW56QmVjdW8?oc=5,"Tue, 29 Sep 2026 14:34:30 GMT",2026-09-29 14:34:30+00:00
El Salvador Shifts to Stablecoins as Bitcoin Payments Wane - PYMNTS.com,https://news.google.com/rss/articles/CBMipAFBVV95cUxQaXoycVROUVRIUzZJN3o3aFBxTVRsNE45T1pQTnNfaHNDaTctVDlERDBZcDhoNjV6RS1kU1hDZU83OUlybERlSzF5OU9fb3RBVjBkbkNFVlMwTl9LUS1sdjdtaVAtS2UxblNKNGkzaUlhMGc1LW0teWxDVzNvUTVGWXh6VE9uaVZHNGZpQ0JHamluNVR3VmtQbE5QM2EtcXFnem01bA?oc=5,"Tue, 29 Sep 2026 14:32:45 GMT",2026-09-29 14:32:45+00:00
Coinbase Deepens Citi Tie-Up to Scale Stablecoin Payments - Yahoo Finance,https://news.google.com/rss/articles/CBMinAFBVV95cUxNbjlEeU5vQUd1WnJNNEVFM1VrdGpFcWU4NmZFU3lBeUlZZUpYaW03WkR6XzIxVUdzUVRheXFFME1LbURHdVM3ZXZha0lwSmIxbTBrS1NWRGhuUlZwRFVOVFk3d1NoT3M4Zkljb0cyQ0M0WkdUT3FRMTRKNTFpOEptQXlROTItS0ZyZG1MbHlHLUc5dlZsVHdwVWYwbEU?oc=5,"Tue, 29 Sep 2026 14:21:00 GMT",2026-09-29 14:21:00+00:00
Coinbase Deepens Citi Tie-Up to Scale Stablecoin Payments - TradingView,https://news.google.com/rss/articles/CBMisgFBVV95cUxQQkNZU3VNa0ZGaTVZX3RYcVNHX1dEbFBrSTlFU0Z1TUxMLXY3cU1Hd1J5RWpFMC1Tam0yM3ZTejY4Njc2bDBoUVh5YkQxM2o4a0NkTTFhNnduQ3NoejJHZzZDVEhKLWJlVzMxbnlGODF3T3kwd215RWJ2c0RhMzE1Z2Z4WHJKUTFObUVTVFNmcWlnQVViZmU1VzZmaFZjVVNmNUlUWkdsbVZsTHNMbG5aSFJ3?oc=5,"Tue, 29 Sep 2026 14:21:00 GMT",2026-09-29 14:21:00+00:00
"Jeeves Raises $110 Million From A16z, Coinbase for Crypto Push - Bloomberg.com",https://news.google.com/rss/articles/CBMisAFBVV95cUxOdmljVzFtZnduQ2N6LVYxUzJBeDJNd24zX2pWS1dsMWRnM1U0MzFPTVJpYkRxTTVyWUNnNVgzTmI1RUZRWGI0ZU1rN1B5ZHpXbGlNd1NhTlZQa0dIc3J6cFVlcTZrQnhRTGtsdW90T3Q2cHd6QTlXRmZvZFBqcDl4dFFmd2h2NGNaYkxNakJVcndtWFF1NVk2X2tiYXI3TWFBeVFiQjl6RkhWdEJBT19RbQ?oc=5,"Tue, 29 Sep 2026 14:00:00 GMT",2026-09-29 14:00:00+00:00
Citi and Coinbase Link Stablecoin Payments to Traditional Banking - Payments Industry Intelligence,https://news.google.com/rss/articles/CBMiqwFBVV95cUxQMDhLQ0RRV25XZ1lzMjJmVWxON3JDVktJYms2WHhjWXZjbm84cUF4aXF4MnRSSWxpR2N0NXRmUlpjZXBjeWpfS1BTaTcweWhaN0FzRDdPN2dQZkNydWl0VnMtV2NUN2RLZkMzYzRwM1BEaHBVQjZCMDRRU2poVXZndFRpXzRYOTI3QUplRFJoOW0xd2xDQmJ0YTkyelhPN3Q0Sk5EWjdMbGhVdlk?oc=5,"Tue, 29 Sep 2026 13:51:03 GMT",2026-09-29 13:51:03+00:00
Citi extends fiat-stablecoin interoperability with Coinbase - American Banker,https://news.google.com/rss/articles/CBMipwFBVV95cUxORHh3MzdIbjItcTRtS19vLTE2TGdYVzc1Y2JMc0RhekthUlRTREkwclExTl85bTRNelJScmpuM1pNUHk1STkwTHlRdXRKTXI0TUlqOTFsdUhzTkExUWlsQ2pNY3ZydVFfQ01xTHBxeFd6bHBpaTFXUmNFdFZUdUdfTENRWnZmb1BOUVZDYWNJS3pnT01WT25GZVl3aWZUaWJPUVFKeXlrOA?oc=5,"Tue, 29 Sep 2026 13:25:00 GMT",2026-09-29 13:25:00+00:00
Verona launches verUSD stablecoin - The Paypers,https://news.google.com/rss/articles/CBMiuwFBVV95cUxNWWZ6Z0F0MnBxV2pIX2VNdGtiOW9XSHJQY3lQR0RGSGlCWXFFeFBOa1hEQ2N4RlJyQ2w4T09LeG8tVUtOWHpfdXEtcmFHaWllTTRsQm4xNUJ5MzlFNmxnQUc5THNIWlJrTjNkb0pwUjNPNUtkcU1mN1ZNeVlsYTlPYU5BeElJLXpLYlV5ODBFRjBYUzFoZEl3ZWxqcTFaR0VBTkNaMFI0U3pLRmc3bllqNEZQRm1qQ0U3UElV?oc=5,"Tue, 29 Sep 2026 12:05:15 GMT",2026-09-29 12:05:15+00:00
The Morning Risk Report: Senate Investigation Finds Rampant Use of Tether’s Stablecoin by Iranian Regime - WSJ,https://news.google.com/rss/articles/CBMi6wFBVV95cUxOZ1R6WlFQNF9YNDZrUS1jVldCWkxaaHFCME1Xb3BKZXFnS3NrMVk2SUVkVkRGblVhaWVneHBqT3hfc3BkZThxNzFrM2trcWd0S2FwLW1QUi1tOWxPajgyRVplbVJKR1FucEk1eHBFbWhGbzlZQndrRVZBUnBRTG1BUFhLNGRGX0MwN3lrWDBOVWJZalJnYmo1WXhkQ0V6NV9NZXJqQUdEOXFscGJrU2l0cTFYUlRyMHhBS1MzcVVxanBCUDdmRU1RUF8tRzBOT1VNcDZCeEw4bmZwWUN2cDRpX1g3YzYwU0V5dDVr?oc=5,"Tue, 29 Sep 2026 11:22:00 GMT",2026-09-29 11:22:00+00:00
Bukele Turns to Stablecoins as Bitcoin Payments Fail to Catch On - Bloomberg.com,https://news.google.com/rss/articles/CBMitgFBVV95cUxOQnlZaEZoalQ4eGNab0N0QUJLRkZ5a1JhbTlFMUUzZkN5Y09WQjREd0FiVDNSaHpPUS1ZRHJYT3I4VVAxelcxNXJ4M0RxSC1lWWZyMjRCeXVFSXFpaWctdGd4eWgxUlB2TE0td1hIWnR4M29LR2h1SmxraVpQeF9GRUNCUWpwNlFVSFNKcXV1ZFN3M1hQRWp1SEozcWJrOWNmTFB2QlJpOHFaWEZ0eEo4QVJlaDVBdw?oc=5,"Tue, 29 Sep 2026 10:00:00 GMT",2026-09-29 10:00:00+00:00
Bitcoin-Backed Stablecoin? Michael Saylor Says Digital Dollars Could Offer 7% Yield - Yahoo Finance,https://news.google.com/rss/articles/CBMiqAFBVV95cUxOR3doS05PSEtqRndvV2Vpd0xqM2U2T3ZxUDhfY2Z6Q0hReVVCd3BlLWx1WkRNalZYNlRCXzlQcFhaY29sOGgwRTZmWmktQTV4S3YzU2FNRDlUWm56QUk0aEczQ2pyT2pzTU9aRlhCRmVILV9nd0QzZ2piZVo3ZHpfUzZSSEtiWURsVGk4MVBHMXZ1ZUpTb25oa0FBdEQ1cDBMTW96SjRrdE4?oc=5,"Tue, 29 Sep 2026 09:56:20 GMT",2026-09-29 09:56:20+00:00
Bitcoin-Backed Stablecoin? Michael Saylor Says Digital Dollars Could Offer 7% Yield - TradingView,https://news.google.com/rss/articles/CBMi2AFBVV95cUxOaFB3ZGhFSThucHVBdkpBWks5ckw0ZXhoMi1UZlJBUzd2N3FVTms4Ml9MQW9WUmNKaVlQcnFGUVVULWVvNERsQlFJOTBkUzVrM3laWU91TjN6bm5rbF9MRmxJbGhqcm1QY1kweWtzcV9rd1RNQmNsSVpibFAyOWJ0RjducXAxdG5CX0phd0ktOHhGdm91Z0V4RlkzS0ZpWVVhRTcwUDY2NVR4aGFuYmJXWVZGdE1Eb1pfWFV0TzA2QUtXRjFCUFdxbEZPVlowSEVzVEl5ek1HREg?oc=5,"Tue, 29 Sep 2026 09:56:20 GMT",2026-09-29 09:56:20+00:00
Could Citi’s 24/7 dollar transfers slow stablecoin adoption in Japan? - Crypto News,https://news.google.com/rss/articles/CBMikgFBVV95cUxQTWNRYkpoRUhTZkVUV2VmZ25kTlF2Y3I1cjBOUkdBejJxSmNFbV9sLWhvVVo5M1dpRVRTMjBsQ2RUMkcyOEpkUlZjQ0tkOUU4VHd6SlM1X3RoanE4Tm1OTkhqemt3LUplU0VPdTl5OXZmcUR3eThxZHFISDdYNU5oeFd4YUh5Q0txczZWVFBkSDctZw?oc=5,"Tue, 29 Sep 2026 09:49:56 GMT",2026-09-29 09:49:56+00:00
Does RLUSD Hurt XRP? Ripple’s Stablecoin Keeps Growing While XRP Sits 59% Below Its High - Yahoo Finance,https://news.google.com/rss/articles/CBMilgFBVV95cUxQQUVSSGwzNnBaQ1MybFMzelY5SWVMckctLXdBRHdKNkVvbnlOLUdVcS11S3dtejFLWVZwMUNLSi1ucGRPNkI2eEN5SnBScHZFdGlVYlYtbWxpdVpmSWMwMlRQdU83Z2dxZTVhN0tveE84U2ZOa3BVdnViVjhVQjVjU2EtX1BackNyZ0UxVXdRRmFjZ0wyQXc?oc=5,"Tue, 29 Sep 2026 07:07:14 GMT",2026-09-29 07:07:14+00:00
Does RLUSD Hurt XRP? Ripple's Stablecoin Keeps Growing While XRP Sits 59% Below Its High - 247wallst.com,https://news.google.com/rss/articles/CBMi3AFBVV95cUxQc3l6U3pycUZ1UUNLNUVTejU0WEJTRThjTjhPLTRPQUtOeERRU3ZEMnBYRHhlcV9DWEZpWlM3TnU5SzVKWXRqUUw3UmMtek9SWjVTb3JOUkZ2Q29UZ0lCWlBPZ0p6M3hrYzJ2aWRDYk5IUld4NkNhaDROT3MzUmlPcVRfejNqelRtVHNxUmNrR1VDRnRwMTRwallvTXlLX0RPNGZLUEw4aW9PR2NXeVoxVkFfZlpTdmlmTnl3ODhYMXZtbk5aWkVJelJlZk56NGpBSmlWYkx5VjE5VkZD?oc=5,"Tue, 29 Sep 2026 07:07:00 GMT",2026-09-29 07:07:00+00:00
Alloya and Appex launch controlled pilot of CUUSD institutional payment stablecoin - CUInsight,https://news.google.com/rss/articles/CBMiwAFBVV95cUxQOHZqN3YtVW4tYmZkQTJTQVRCRE1fSkc5RlFMWFdBMS11bURacVlQbXRjdXIyUm1OZWw5R3JlS01nQzBWMXlEdHBGdm0zOF9aTENOTlZZdmNZMnJhb0FqQWk2b1ppTm9UUng3aW9TM25QbkI1RHdDNHNpaEZnVFlZYkRiWFkzT2dqNVZ0WXVmckdPU3UybFdua3hSMHdsLWM5aWJpcFFZMkJsdTRsRVZqcmtCd05qU0k5eGxLN01MTHY?oc=5,"Tue, 29 Sep 2026 07:00:00 GMT",2026-09-29 07:00:00+00:00
Open USD Launches as Stripe's Default Stablecoin - The Defiant,https://news.google.com/rss/articles/CBMinwFBVV95cUxPMGp0cThyTk1QY0lMeHhxcVpwVjF2bjZ1YlVhMHhjTWdPYnllNHE3TTBtWHV5ZENGNm1LSmEyVXBpN0tEY1ZlVGxxS0MtVmROWEdvcW5uZy1CLUFTTVpyM0hDOGUzN1Y0NWUzVmRMTllnUjJ3WEZiZWpGT3pMS1N1bVhac21OdWhTa3pJZ2pyVlNjVmpHaVVrcy1RS1VUTTg?oc=5,"Tue, 29 Sep 2026 07:00:00 GMT",2026-09-29 07:00:00+00:00
"Coinbase powers Citi’s new stablecoin rails, and corporate banking faces a major shift - CryptoSlate",https://news.google.com/rss/articles/CBMirgFBVV95cUxQc3h1aDZ2UndaS2xGMXBDOW0tRVlJaHQ1VFJFN2YtMTI1ZmtzNlJhaFlrN1ZzZWtkMHpsa2NabUs2UEZURXltRnM4Q0tVLWlEU3JsdWNGRGlaV2JXa0pfZXg0VUtNVnpmcERnNTBSQmVqbDNmR0lYRUdndjF6TjRxb05lRm9FNWpmcjM1cFJqeW5yX3QwbjZOaVZWbFdjU0ZVbjRwOGhTeU9GNUNyV2c?oc=5,"Tue, 29 Sep 2026 06:00:50 GMT",2026-09-29 06:00:50+00:00
Volante and Circle partner on stablecoin payments for banks - Portal ERP,https://news.google.com/rss/articles/CBMikwFBVV95cUxQcWRWdkdSaC1vZWhINDNFTkxHZUhuSXpCcmlxaDlQREV0dlNVcFp0LWRiWXp3cF9za0YwTGZZXzVnS3NYY0dzTFY4ZFlURmlFTXBMYy1YNTNpZFZCbEd6MG9ucGRhSWFPc1lCd2VSc25YM1NvVkRhLWRieE5lTTAtc0xzY1pnT1VFcUhlUDRxbllBelU?oc=5,"Tue, 29 Sep 2026 02:17:28 GMT",2026-09-29 02:17:28+00:00
"Tether's Stablecoin Is Iran's 'Lifeline,' Senate Report Says - law360.com",https://news.google.com/rss/articles/CBMiuwFBVV95cUxNWXU0aG5mazNYNXB1WjVJQlUxeDJmcFp3R05VbGw2OF9jdnAzNG5qa1kzMkRwUFJXUDJ1NXVtQ1RzMU5namd0YzAzV1c2OVFzY1NmYWg3SUZsVktFM0lPaGxXalhOUVNjWERfRzh1SndTZy1OczF2ZC1aX19LY050MHQ0TjFLMjdCQ0pQNjlqWnJrdG9hZW5LMDExTFNGNXdJY21IZkVwSVFvTzl6Um1ZVU03bWJ4Y29FOHNn0gFWQVVfeXFMTXRnV2p0LVNNNnJvSTIyY3dQc3AzakVla3hxODZGanY4aUF1RmpqMHgxNUhTdTd1X0NxY3h0Y1FmX3hoUWswbGhESzVVTTJZXzdIbUw3eVE?oc=5,"Tue, 29 Sep 2026 02:11:26 GMT",2026-09-29 02:11:26+00:00
Citi turns to Coinbase to help clients accept stablecoin payments - Yahoo Finance,https://news.google.com/rss/articles/CBMingFBVV95cUxPQzFENjdudXJHTFZ1Mlk1c2FVUUxOcDlFai1La0JibTRGN0JNRnd6dm1lVmpoQVlwVlE5Y0x4V2EyS3FBNm9uNDdZenhJeUpQSzN5cDhMQ3FwaFFhWk9jT3JibjhncFc4S091UlZRenFNV29hM2tUU2hBeTdSQXBuRlVIUTE3TlRHQVc5ZEZkOC1KT1dlbXdiZVdjd3hfUQ?oc=5,"Tue, 29 Sep 2026 01:10:00 GMT",2026-09-29 01:10:00+00:00
Citi turns to Coinbase to help clients accept stablecoin payments - Yahoo Finance Singapore,https://news.google.com/rss/articles/CBMiiAFBVV95cUxNaU9GaTJZb1FhN0Y5Yl9sRTVxSlAycGhYZUwtTUZjR0RyT0RKNUk2M2hCTWw4WHF4cW5PNzI2M3hmRDFYb3pxWm1sVDFkbFRnVmlhMWV2eVk4QkFyNUVKdXNMd29rVmI2b3NxUDk3QldZa0h0RXBDSXZ5UHFTREk3U0FDYXJwMWZ5?oc=5,"Tue, 29 Sep 2026 01:10:00 GMT",2026-09-29 01:10:00+00:00
"Watch Citi, Coinbase Team Up To Let Merchants Accept Stablecoins - Bloomberg.com",https://news.google.com/rss/articles/CBMirgFBVV95cUxPa2Q4UlMwQXREdDRLZlRsUC1idVRhYmMtNkVoUm0zdWZrM3JxLTNzU1Zra081RzdmeTd4X3lJdFh6d29VNlVvWmQzUGNBREVhRHBMZlFMeElxam55R3dWNi1iVVBKMEIxN3poaUFFdmxOM0c5MEUtcVRQdGpSRlU3TW9xVm9TQkpDRUFRUEF4aGpVbDExMV96NW9lRW5hOG5vOThnaUxTdHhmRGRMUHc?oc=5,"Tue, 29 Sep 2026 00:00:00 GMT",2026-09-29 00:00:00+00:00
"Circle's Arc Goes Live With KuCoin, Binance and Kraken as Stablecoin Rails Go Mainstream - HackerNoon",https://news.google.com/rss/articles/CBMirgFBVV95cUxQcEtweU95MmVhc29ReDRweklXUWdhOHhFWjBtTWNNNXFaWnVDYlluUTZLZ3Y4Rk1uN0dIc3RBOXJHREhTa0o2Rmt3Tm1VNkNTUmp3SVY5cnFlSlFlQkVXZ0xlRVd3ZGNKTXZqVm11TTRGenNxcjdWY1JqUTkzSW5iV2QwcmV3aHY0T3FQRHFZc01ITUZyY1F6VVFTbl92WFFXVmMwWDhhOW9uWGVvV0E?oc=5,"Mon, 28 Sep 2026 22:33:32 GMT",2026-09-28 22:33:32+00:00
"Citi to Offer Stablecoin Checkout for Corporate Clients, With Coinbase Handling the Conversion - unchainedcrypto.com",https://news.google.com/rss/articles/CBMivwFBVV95cUxPVTVvRHdJMTBya3VGNnFxQjYwOEZfVU4tVmhVRkN0bm9Bc0JJTFFLbXFqTFVGdm5WN0I1U1U1aEhnNjA4VE5acmZZRU5kbkRIclc2TVpscDBDRWlnM2JURUpjMHpKSnl1REZ6MmlzeGMyaDBucDY5aU13YzZEdnM4RHAweUpqWElBX0VlVGpIaWhOZEpham1CQ254M00wLW5LVVpTSnlMNDZVa3MzOXRqY3RjY1poNUVzRXhrOUdGcw?oc=5,"Mon, 28 Sep 2026 22:00:00 GMT",2026-09-28 22:00:00+00:00
Citi Clients Can Now Take Stablecoin Payments Through Coinbase—Without Touching Crypto - Decrypt News,https://news.google.com/rss/articles/CBMiiwFBVV95cUxPVlREWjYxa3ZfdFF5SHFNT3RBWE8tbFhzRGs5QW9mWW1jZExlTWJlODFnVFdhTFRGS25rRGREbTN4M3YyZnc2cnAySkZMMmVaM3R0QW9OTVNRdnVNUG9LdjJZaDJxOFFCeG5lTjBCcmJ4eVhFRHhpZnlYNjJEaUJPQUp5UHpZT1l3WDdv?oc=5,"Mon, 28 Sep 2026 20:36:03 GMT",2026-09-28 20:36:03+00:00
Citi Clients Can Now Take Stablecoin Payments Through Coinbase—Without Touching Crypto - Yahoo Finance,https://news.google.com/rss/articles/CBMiowFBVV95cUxNay1OeWd3U1hHM2RMdUZSSXZxVnl6RlVFZ1dnTERIclZubVBUYzJyU0ZEdmdETEIteGRrTmRxOEg3MHR2V1AwUzI4VmFnVlBQZm5ERjBZU05nTTJVS3h4em1GWVNUd19kbFBfXzlucGNIS3AtS3dwakxwRm1ocV9WQktJLWlwR0tYWUFfajhkQ3U1ckRWckpwTzFiREZOdzJ6MXMw?oc=5,"Mon, 28 Sep 2026 20:36:03 GMT",2026-09-28 20:36:03+00:00
The Stablecoin Yield Fight Is Far From Over—Here’s What Comes Next - Benzinga,https://news.google.com/rss/articles/CBMitgFBVV95cUxOWGthc0N4ckZzYUMtQ2l2MW1IeVVHQldxbEp2dEJuSHR2NExHdUpGSkp4bml3NjVFU0ZzNFFFdWpVMW9hZzc1Vlh1YWdKV1laVzhjN1piZ2s5WjV5bWpOMXhtb0hHVGJoQURtMWdpSmVWbGlqT1lyZlNYdW1ENVdQNmo3N3l3TFZZWmxxNTVZb0F5VVJwbkVuaVdjc1ZodlFmQkMySktoYjNZakJPNkZPRlZOZ3RrQQ?oc=5,"Mon, 28 Sep 2026 20:03:06 GMT",2026-09-28 20:03:06+00:00
Citi and Coinbase Working Together To Build Stablecoin Infrastructure for Businesses - Bitcoin Magazine,https://news.google.com/rss/articles/CBMidEFVX3lxTFBfTklwLWxJWFFHVEpJZUV2ZjV4NnJXcXpUSmRLVUxsZi0yT3FOTm5zdzN5QWNQVV9Pd3NwYWpPY3MzRjdIRGt0ZHJHYk04NjdtcnE0ZTB1Vk9HQzY0SnJTUHRvNzNvVEdqS0laTFJQd3NQMzRw?oc=5,"Mon, 28 Sep 2026 19:36:21 GMT",2026-09-28 19:36:21+00:00
OCC conditionally approves national trust bank charters for three stablecoin and digital asset firms - jdsupra.com,https://news.google.com/rss/articles/CBMihAFBVV95cUxQUmpWUFdzTU1DWDVQVmZCTjB4YXh5MnFPX0k1dXM0MDZYZTU3MTF5eVFPVVd5UTN0c0lTQWNQX0U0U3B4elpnelotUHI5emJJeG53Sk1sc2YtWVpBMExQNzlPTm9rb0RaTE8yczZ3c3NzLWtkeXRuNDBRUlFoUUgxRzVYRUg?oc=5,"Mon, 28 Sep 2026 19:08:22 GMT",2026-09-28 19:08:22+00:00
"September 2026 Global Regulatory Brief: Token securities, stablecoins and tokenized bonds - Bloomberg.com",https://news.google.com/rss/articles/CBMi4AFBVV95cUxNeDFreEVEUUxpUDh4QVVpWjVUalhydUUteUNNdlRlVDBoRm5kSUpkd2lWd3VNZFdNSENfSWVRR0hSM1VCckVmNUFxb1FmWktNOHNJYmZic2tnSzNaa3gwQU5ubHJ6RG1rZ1ZORFZiUHEySldzekJMZkFwX0dZblhIQjFYTmU2SWdGaDFVVUlmYUtDUDZGNVI4aGZJQ3ZYU05BQXpxZ0FyU0hyMTdiNjA5Z29ENWNrTXRVd2Nya0tvSV9YTHFQYkVMQTRqTWRyVlZpV1VOMjVOZnZybGVKLUhYSg?oc=5,"Mon, 28 Sep 2026 18:36:48 GMT",2026-09-28 18:36:48+00:00
Citi and Coinbase Put Stablecoin Payments into Business Flow - Altcoin Buzz,https://news.google.com/rss/articles/CBMikAFBVV95cUxQeFlMTG5TNEZKQkFiaVUxNjVHS0NSZTJjOFFhLUVjbF9LWmhwZUhPa25OajNLdWNfVjZ0NWFXS1F6RzRldXB3N3R3dnN1ckY5THItZTBLeXNnZG9fREM4d1ZJdzB2dnhOT1M0TFptTnlVR1B5VEppRDVqbTNsRnJQS3FrR1d1OHFsMGRhSmhBZ2s?oc=5,"Mon, 28 Sep 2026 18:26:19 GMT",2026-09-28 18:26:19+00:00
Citi and Coinbase deepen tie-up to route stablecoin payments through bank rails - eMarketer,https://news.google.com/rss/articles/CBMiqgFBVV95cUxPUXQ0ZmFxM2d2ekFqLWVQY1FzZnhKZ2F0RUE3Y2VmT2VneEZSX1dxTzJiMHQ3cHJWSDdjN0dzTXpiQnV2Z3hDZ1I0SUlPRGZXWVYtNUt4SHo2dXJDYXpTTXA5NVBOeEVZdFg3TU4waVNfTXpwcUlJSlR3NHZjMnNXZ3JBLXRGMFRpNTZiY3VuNGF5RlVHMVBvM2Z0dWk5OEFjWTNxMU9pUnE1UQ?oc=5,"Mon, 28 Sep 2026 17:55:45 GMT",2026-09-28 17:55:45+00:00
Circle executive says stablecoin restrictions could cost the US $1 trillion - Crypto News,https://news.google.com/rss/articles/CBMigAFBVV95cUxQS0hnYjc2MDdFaF9GTUExZUQxckJyTHVHc2JVcE04QzhZenFfNHRkblE2TzdRS0szbFFZaXc1NkxndXRQc1ItOXV0d0tMX2dUNFdFM0R0cVhUOURGTzdHVktlRXRMbTh3VlMxSWQ4Q3FnYm1lVDFZMUtRaVdva0hNeQ?oc=5,"Mon, 28 Sep 2026 17:54:17 GMT",2026-09-28 17:54:17+00:00
"Tether USDT aids Iran funding, Senate report says - Rock Hill Herald",https://news.google.com/rss/articles/CBMigwFBVV95cUxPZlJJZFZ1VVBTcnVOOVd4WEE2UF85bVYwUnMydDFidENMTmhwbzAzR1FyY3lZZ0RMdUlDTm1wb0ltY0ZEXzFKWjNlMG1CY0o5SDFial9HWXlwYzQ5TmhvS3NiQ2FqelBjU2F2clpqa0lkTWZfd25JMy14Um1XSUExSk92OA?oc=5,"Mon, 28 Sep 2026 17:31:00 GMT",2026-09-28 17:31:00+00:00
"Tether USDT aids Iran funding, Senate report says - The State",https://news.google.com/rss/articles/CBMifkFVX3lxTE5LZm5VNV9WU2Q5bWRoand4TWVVMEJKeTdpU085cnlNUE9FaTk4U1M4b0tPQUpobkV6d2VtX3FKUHZWY1I3djVDYmlOQ1VSeTdCVzd3TDNoMHpNQTNaMDlaYU5JZnBvWElVUEV3Q1Faamd2OEFPQ0lsdzNRTTFJZw?oc=5,"Mon, 28 Sep 2026 17:31:00 GMT",2026-09-28 17:31:00+00:00
"Tether USDT aids Iran funding, Senate report says - Reuters",https://news.google.com/rss/articles/CBMimwFBVV95cUxQeTFWcFFUbzgwQjJVWElLM051dkpBTS0tcFBQdHNOb1V0VFh0XzROWjJWOXFxRjRfcUpmSnhNRFU3TDhnWDlSaDNlWDQxNUY2ZUFPeDZJZ0RmUVVPSURrdGRLaUM2VTFIYmtvV1NfTGhaU1BSakF5dFFTMEpTUUVtazVuOUtlYjRYc2ExZUZZQ1YwdkgxVGlFYjdOSQ?oc=5,"Mon, 28 Sep 2026 17:26:00 GMT",2026-09-28 17:26:00+00:00
Citi expands Coinbase partnership to power stablecoin payments for businesses - The Block,https://news.google.com/rss/articles/CBMiqwFBVV95cUxNbEpPV0dBWlpYY21wMnNYanc2RWg3WDA5Y1k3eDVEWVk1ak81aE5xcGpZc001NlRJNEJ5VzU4TmN0aUJfc2tiNTNIQVByX3gxcTRmUVVOLUY4b0F1anBqdnVrNEZYb2I5SXRPMTVHYjg2WV96eU9yQWRvT1pTakp0WU1yTGMxS1hrYURDUHpITkxJXzBoVlNyV3ZKVGI5N0tXQjc5ZWRuQTBIa0k?oc=5,"Mon, 28 Sep 2026 17:22:00 GMT",2026-09-28 17:22:00+00:00
Citi Merchants Can Now Take Stablecoins Through Coinbase - Yahoo Finance,https://news.google.com/rss/articles/CBMipwFBVV95cUxQZVVyTXBnX0ZjalpmbTFBVDV1MW14RnVCZTBTaXNiZUo0clBYSjd2UkVHSHBjRV9zbmpMNjRsdElaS0NEU3NmSmRweFRlcTJSRldIVkFBRFBOS3FZYlhGR0kyb0lhMWVoMDdQVnVHUGNWVlF0R1hVamszMlVjVWhld0FROENvZjdrSVIzS1lmRzM4cnZVOEdLdUZ4RENOb3dObWlGaUVMMA?oc=5,"Mon, 28 Sep 2026 17:06:04 GMT",2026-09-28 17:06:04+00:00
Could Stablecoins Threaten Visa and Mastercard? - The Motley Fool,https://news.google.com/rss/articles/CBMimAFBVV95cUxOSEFOaHVUNzFVMEdDX2hXREJTR3VBNnJQSDBvQWJxRFNBZkcxaGI0dFBxb0JqMW1CcFBtMlNwR3NlY3d4a3dLTmdWRE9tRXBWWDRwNkhkSWZvWmpuOWVqRm9aOGRHWFNTT1F5SUtCUEFqLTM3SlNPanY3dDNsbk9zMjNtWGc1Q2d2NnpDVmdrbmdjNDhiVmFxTA?oc=5,"Mon, 28 Sep 2026 17:05:00 GMT",2026-09-28 17:05:00+00:00
Stablecoin Issuers’ Growing Appetite for Treasury Securities - Federal Reserve Bank of San Francisco,https://news.google.com/rss/articles/CBMi2AFBVV95cUxObkpUanFfSmgtdTdxSElZTzloandNcTd2VjBpcWJhSGg3MGZ3dW9oeWVueVhkSjEtc29ueDlWb0NiY2F4c2lyUXZDVGZWMXVpTTdybEg4cXFRN2VJNldBXzBkcGZEOE4xQjh2aTFldnBVLTNnRVA4RU5LeWQtTG1HaUVNMGpmS0hsWmlodXlaOUNWdXZwenlVLVRqZW5BUnByZVk5dE5CbEpyUnoxZ0p3M3hST0E3cWJzbGhjalhISkdCQVRzTDBXMG1XQ1MtWDJXRmZMMXpqVE4?oc=5,"Mon, 28 Sep 2026 17:00:00 GMT",2026-09-28 17:00:00+00:00
Citi and Coinbase Pair Stablecoin Payments With Fiat Settlement - PYMNTS.com,https://news.google.com/rss/articles/CBMitAFBVV95cUxPQTl2emdFTllkdml3NzJNdm50UHNqM0tNTnpCdXJaM3NVdUJHWTZFUVZ4YS12RmoxM1N0S1hiSVJoSkNPVVlyaWptOE1YY1ZpNmZBZVhDTHQzT00tT1o4TDN4a0Y2cUpqZ3VnSjR4UlU3d3BRSEQ3aFlaUVgxQkpJV1VfMTBxblBYblpiNjFyajRzRWxIeGg1TWFCMVF0SGliWnJFOWl3QUJxb0hoT2JtdFJrU0Y?oc=5,"Mon, 28 Sep 2026 16:54:32 GMT",2026-09-28 16:54:32+00:00
The 3.75% Yield That Makes Citi’s Stablecoin Play Work - forkast.news,https://news.google.com/rss/articles/CBMif0FVX3lxTE8yUHl0VHQzYjZNTUNUUEY5VFpVRXFfQk4xS0NvMExsNmlLZEdDUlUwU2d1Q1RQS0xVa1lHbGlKVklPUG1rWWFLTC1yZ1B0ZzBVeE5rLXlrejREeGtCQTU1dE1YMFB6QzJTME8xbnBuZDFWMkpiQXFPS3YzZ1NpZjg?oc=5,"Mon, 28 Sep 2026 16:06:32 GMT",2026-09-28 16:06:32+00:00
Fed proposes stablecoin rules - Payments Dive,https://news.google.com/rss/articles/CBMie0FVX3lxTE90WXhLdUhtY0dxT19vYl9icmdSWWN5QmJsdVc5VG96YlFQYm1kMFFaMEJlRG5iVVdwY2FZVUN0Y3VyN3QyOFZ5LUMtSUJZeTh6SV9XVzZ2RlZvM0x2RkttZ2trQUJVbFlZVUVkekZJejFlQTQ2OXhVNVplVQ?oc=5,"Mon, 28 Sep 2026 16:03:35 GMT",2026-09-28 16:03:35+00:00
US Looks to Stablecoins to Bolster Dollar’s Reserve Status - PYMNTS.com,https://news.google.com/rss/articles/CBMingFBVV95cUxQY05PX3NfUHdFeFZKRF9VY1h4bWxpMmZDRTEzWEpHTTNLNnRsVnRnUm1lRm9WbDBQc0dmSzlMM25qNGNHeklaeTg0NF9aaXlBaFNTY0hCT1ZXejJVVW9hbmdiSkw4VFdFc2xvZTlHb0NpcTFYUGZVdmhLZUx2TS1xcUpLTTYzZ0ZnZ0E3Z1Y0NWktdmk3NFFENUlOek1tdw?oc=5,"Mon, 28 Sep 2026 15:49:19 GMT",2026-09-28 15:49:19+00:00
"Citi partners Coinbase for virtual accounts, stablecoin acceptance - ledgerinsights.com",https://news.google.com/rss/articles/CBMingFBVV95cUxPMTdtS19PZXlrNEZ2eUdxYVc1YjRVeXdVTVpfdlRON1VhMjV3WlV5bk02bEIwODN5TklDNWhNVlFockRHMEdZcnV6OE5HU3BKV0htdU11OU0yQ05EdVU4SmtyS19ldFhQaG1CNXI0a0dVYTFOMXVPQ0NLUWxzZDB0cjdZX1pIeDhXbkllbU9EZFRBc3NPMlVWS0wwU1dwUQ?oc=5,"Mon, 28 Sep 2026 15:44:32 GMT",2026-09-28 15:44:32+00:00
Fed proposes stablecoin rules under the Genius Act - Yahoo Finance,https://news.google.com/rss/articles/CBMiigFBVV95cUxQNmcza0R4bTNmY3p5VFBaN1JidmlXRlN3V3BqUWVldVZYVF9KamVhMzJCdEJZcm9YaW4xQmlabEk2WTZCVzJJYmZrdEVPc3BRa0NlOXNWZVNVbmxjWDZ1UFBRMGJBM2xucUt0aTkxMEkxdDdqaWtlOHp0WDhWeWNZTHZmY1E5MHNMdUE?oc=5,"Mon, 28 Sep 2026 15:39:39 GMT",2026-09-28 15:39:39+00:00
Fed proposes stablecoin rules under the Genius Act - Yahoo Finance,https://news.google.com/rss/articles/CBMingFBVV95cUxOcFRuUmRPTmpSSTRlRF82NVdEZld4U2hwclEwZ05nQ2N6VkpPdWdxeFdDYmgzRTBySUs2WEczRW9vdDRyYjJLN0tUR2xnREd6dm52VmdNVlpET3A4eGNVOVhOSXd2ZWxjamZzUEw4ZElQV1MybGp2Tm9rUXBnU3MxZUI0TGh5YUVpYmEtU3V0dEt6dV9PYzMycnhMbXYzQQ?oc=5,"Mon, 28 Sep 2026 15:39:39 GMT",2026-09-28 15:39:39+00:00
SoFi's Stablecoin Push Gains Ground: Is SOFI Stock Worth Watching Now? - finance.yahoo.com,https://news.google.com/rss/articles/CBMioAFBVV95cUxNaklaSVl2X1NWUnpSVVhIRWJxMDJfMzFtLXAxWDJJMzQyVDZBQmpkY0h1OUROVUZGR0dOaWpJcnA2N0xpV19YM0x2WEZNOGZ2OEJHOS1XRVI1RmJfdlRhbmh3bVNjVkhCZU1nODRBaUtrSTQ0YkEyMEdPb0RYX1FlaTc4WWhWcEhPeW50dlBpVXZ5WmQyUVFSclZZbG5BbkFG?oc=5,"Mon, 28 Sep 2026 15:27:00 GMT",2026-09-28 15:27:00+00:00
"Coinbase, Citi Team Up to Bring Stablecoin Payments to Businesses - Yahoo Finance",https://news.google.com/rss/articles/CBMiogFBVV95cUxOYnFBRjhTMncxdXg2WnUtUlhyMFNEMjNQdDl2c000czF6VzNzR2J1blJxLVIyazlJTlJsQmUtUERUTHlackstZnZXRER1Vl9TNXZEbW1wUUUzcVQ3OFdwR2lEc2ZMbGt1U0xmcjRVaERlUmI3YlhXSVMza3BUU2Rpc19BQmlPa2NaOXZwX0pjcmhoM1otTXdFakZ3eExQV1J2a3c?oc=5,"Mon, 28 Sep 2026 15:19:00 GMT",2026-09-28 15:19:00+00:00
"Dollars In, Bitcoin Out: Breez SDK Debuts New Stablecoin Feature - Bitcoin Magazine",https://news.google.com/rss/articles/CBMickFVX3lxTE1ibGVSY0FKSGNBYUVveFVQcXh2RGxMWkZuQXQ0alBUNjlyNUxUTWg1MGtjdkVRSlpyTWRlVUl5SG9FalI3T1o1WUE3YVVEajdjRURDbDU1eFZmenN6cDhlbm1CaVVxeTRmQWVxRlRGZTdfQQ?oc=5,"Mon, 28 Sep 2026 15:15:14 GMT",2026-09-28 15:15:14+00:00
Citi and Coinbase expand partnership on stablecoin services - Investing.com,https://news.google.com/rss/articles/CBMitwFBVV95cUxQcDRhV2gxUlJmR013TGd4NnNyUm9Jak9lVS1VZmRfMTE4N29iRWhOMnNWQVl6WFJ4ZXZ0Ym1ZNEtWS0lFNFQ5dFczaE9mNllnSDhGLV9kck9hZGlTa2lTQjF2R2NmSk9zY0RUbVBrRFZTVUpYaXRtSGh3SzhldGdfSWRERlR1WWlSTnhhRmkyUFRjN1RFMXhNTTJHV3ZRLXhQMUlzMFNWbVNpS0dMbUFKV0M5WW5HWTg?oc=5,"Mon, 28 Sep 2026 15:14:04 GMT",2026-09-28 15:14:04+00:00
Citi Taps Coinbase to Bring Stablecoin Payments to Large Institutional Clients - Benzinga,https://news.google.com/rss/articles/CBMi1wFBVV95cUxOWHZrSDNSQWhuUmlUVE1fUDBpVC1OUkJEMWh5SGdZeTVCRXV1TEptTzRJV2MzY3M0ZjZQU3FqZExqdGhpYS1vZ0t1SjlqYUJDZ3BleEYtT2FTSXJJazFVNWNBQ3hLY0Rkd0QwOVpqVjVGNW95Y3U3UmlUWW1vTFhmZXNTOXowSWo5UndZT3l4YlRvamx2QjhYSEpWczhUX1RtaXRaNlJ3Y3hlOXp1c2ZoTXpMeGlncG5RN2lsTlVxYUlneUFPQnJqaW43WkM3ZHVQRy1IbnhNTQ?oc=5,"Mon, 28 Sep 2026 15:00:11 GMT",2026-09-28 15:00:11+00:00
Citigroup Partners With Coinbase for Stablecoin Payments - Barron's,https://news.google.com/rss/articles/CBMilgFBVV95cUxOWml2Ym85VE5kRFpTaVc2ZjJRUGdkdVJVaXY2aVVoYW9Pc3dSd09kWWFkR2IxeGxMR3NoOGJfSGR0Q3dLUi1OMzJBalh4ZTRxcFJWQTNzQkN0RmMtcVV5dmxzN3ZzVlpJR254VmlsM0ZrbkIxRmFDOEVLdjc2TUJHRVNpUEI1NVVwbG5yWE96NVM2X2oxdmc?oc=5,"Mon, 28 Sep 2026 14:58:00 GMT",2026-09-28 14:58:00+00:00
Citi and Coinbase partner on stablecoin payments for businesses - qz.com,https://news.google.com/rss/articles/CBMifkFVX3lxTE1Ldno3U1ZjWmZ1TzVnS1QzUFFYN1Ntd2JVUUxfV0VfQUFIOGRIYkZrZkdoNWNtSlFUV0FFclBSalFXUDF2a1RZMm1DamxYWElLZUJuWWUweE95ZlBiQnBmcHRBV1hfcWZUSnRrMWotUU8tMHd4bW5IODFQRlYwZw?oc=5,"Mon, 28 Sep 2026 14:56:48 GMT",2026-09-28 14:56:48+00:00
"Storming the TradFi castle: Stablecoins, tokenized assets and AI are claiming their place in global finance - SiliconANGLE",https://news.google.com/rss/articles/CBMi2gFBVV95cUxPa0R6dWtWaVhoS1ZVSWE1dVFPeWk3M3pTMHc5UVlJSjNpam5Kc0c0ZkJpeXZ0WklxTjAwaVFiVk9fTkZaLXJ0ZWZOMm1XQnhJTExZemxFeklqVU01UUk4NlplTTlueVduNURkM250NU96b2g3b0xkTGtkYkx4Sk9DVGFwMkpMbC1CREZCcjZTb2tWSG9YWFZ1bTBMSnRjY3pycHdmSmxsdjJwN2JrUTRUQ1dvMGdyaEZqY25wb2h3eXZOaXpNbFVFOWhGZ1lyV2J5OWY4U1RHT1RLQQ?oc=5,"Mon, 28 Sep 2026 14:52:00 GMT",2026-09-28 14:52:00+00:00
Citi Teams Up With Coinbase to Let Merchants Accept Stablecoins - Bloomberg.com,https://news.google.com/rss/articles/CBMitAFBVV95cUxPQTVZbGdIZGJYbWhNdUZId2djaU02Q3pvSVlqbEhURjBnTW9VbDNxVEEtZHZpNUo0MUZUdFMxbGpsUlU2V0pRX2hnYmh1SldMLUhoLUl3QkUwOU04M2ZmTVZIMG9Ld0ZESFNIWDFiSFZwV3VnWDNBQk5rS2h4cmE0MGtscWdCTklwVUFaajZGT0hvam5hakJLenZRZ0ZqMVJ1T1Z4MFBKa0JNX3prbFFDSVE2OVY?oc=5,"Mon, 28 Sep 2026 14:23:17 GMT",2026-09-28 14:23:17+00:00
"Circle, Volante Technologies Team Up on Stablecoin Offering for Financial Institutions - Moomoo",https://news.google.com/rss/articles/CBMitwFBVV95cUxObmFzbERkbFJwdUJVaDRMRkZLdm1EUDlwTVVINk52SW1HRXJJcS1UTzdRemVlNG1PTmxLNU5FRkxJaXJFOW9PcGtGRHl4b2VwdjBkcGliWnBvaUJCOTRISlhOcUh5c3BBeHIzZ3RlRFNiOXJFN1llLTJ1SFJPQ0J1QWw5QlhCbFd5YmtHYjRUUnE4QmlMSUtDNE42NTNTN2ljQjQxY1VpTXc0MkkxQ0xkSm5LelhYelU?oc=5,"Mon, 28 Sep 2026 14:10:41 GMT",2026-09-28 14:10:41+00:00
Citi Taps Coinbase for Corporate Stablecoin Payments: WSJ - The Defiant,https://news.google.com/rss/articles/CBMiqgFBVV95cUxPTnE1TWxXWHVPRGNpUHlPU2FVRHA5U19kaURhNGJfTHNyVHprNmtIXzR3QVR4bFoyakFRVkhON1pFTTluQkM4dlJNdFlaNFZLaHRGR09IWGpoOUFMcEp1T0FTbnM3RWpfMkVqeVFRQ0JqV19FckFxV3A4YnRpUmlXRHFUOHlKT0MwZW5UNlhxUWEyYnhHMDFIOGZ5Mks2TXJfZXBpa0tJWkhaUQ?oc=5,"Mon, 28 Sep 2026 13:35:09 GMT",2026-09-28 13:35:09+00:00
Exclusive | Senate Investigation Finds Rampant Use of Tether’s Stablecoin by Iranian Regime - WSJ,https://news.google.com/rss/articles/CBMixAFBVV95cUxNZXVHRzhGY0lDdzJJaEZlRWRHWGFkUl9MYjNRWlN2d1lzNjdMVWRtR1NQTElYVFg1RXlVUVFrWU9sanlPRTQ2VHlXTVl0Nm9GcFJRZHVja3lRVnltV3JJWmRWbnZFQk5oakFjb0lqeURDYzc2SENHNXMyM3pXNWNiT1l5dzZnTGwwbjMtZW1Oa0twOVhuN3JqTEdaVmtQVUVQdFdyMzY0YlprdkNIb1VzS09Ob1BuM3Q2WFRGWHNJLXk4Znhq?oc=5,"Mon, 28 Sep 2026 13:01:57 GMT",2026-09-28 13:01:57+00:00
Market Chatter: Citi Taps Coinbase to Enable Stablecoin Payments for Clients - Yahoo Finance,https://news.google.com/rss/articles/CBMinwFBVV95cUxNcEZ3VWNmdERnOFdmcWNZRUZPbDh1a1lxMVZIM0JUNWdnWHRZRDQ0aDc3YzQ5UEd5LVZiOTNxWlhvbFpOUkZpRVkzRl9rV1dNME8xU2xNZUZyR0MwSzhtQTRsbmtiQVBLM2pSUVRLcERtc1VTM3A0WUhleGlMQ3hHUkQ1TjhuOERiT1RYYm5WVFl6UzRtOVZYQjViVm41Vmc?oc=5,"Mon, 28 Sep 2026 12:27:17 GMT",2026-09-28 12:27:17+00:00
Exclusive | Citi Expands Digital-Assets Footprint With Coinbase Partnership - WSJ,https://news.google.com/rss/articles/CBMisAFBVV95cUxNV2oxZXh0cnh6Skp0UG9DMkl0VHlLNnVKUjV5UnowVUg2QkxPMG5RT29FN1ZKWksyY21vWXl1WEdYN1hEU3dEZHpNQ3diNEN2WThSVEo1NFgyYWo2MHRteHZ4M3RhcHFnQUZhbVdKdHMxVlZFOWMxbks5alJPV1k0Qi0zT3VVWVZDcWhudmZTTzZVczd5em4xOUNJTlhKSFRzSzY3cWFqblZnczVNR241TQ?oc=5,"Mon, 28 Sep 2026 11:30:00 GMT",2026-09-28 11:30:00+00:00
US Federal Reserve proposes rules for stablecoin issuers - thepaypers.com,https://news.google.com/rss/articles/CBMinAFBVV95cUxOSDNQcDlpMWtNWVFnZ05mUEFDWExFZ0lhTnNxWkE4YVVRb2hjTTVEYncyS0VKc1VLdF93R25GWm5PWS0yRFY1aVJUUjJsOS1OenM2eEFuREw0Z3JmZ29iQlBjR1VmMzgzaU5SeFhMdkZQRHpwd3FWZDNJeWpnLXlxT0FnTWJveGw2cmYya0RpLVJ4SHVpQXdTaXctSVE?oc=5,"Mon, 28 Sep 2026 10:34:28 GMT",2026-09-28 10:34:28+00:00
Stablecoin payments firm RedotPay completes financial audit ahead of planned IPO - CoinDesk,https://news.google.com/rss/articles/CBMiugFBVV95cUxPRGtjd21sT3ZFQnZUc0NEUmFHN3hFZEpPYnNILW9HQlljLU42OGMtamxBbGo4RFZMZjRDcW9zcUZaSHMyZW9SYnUtRjBYVWtYTklPbzZZdm12eXlZLVhGeWtXM0F4ZGVXQ0ZNUkd1Sl9vM2cxZUNkYnNhU1MyVlZYeGUzalJPSDhsbE04NndLaGJteFhJelZmWm9IYXFRbFpqV0xkVl84SkhGbGZDR0xqNUQ2bVp3b3IzT2c?oc=5,"Mon, 28 Sep 2026 07:50:00 GMT",2026-09-28 07:50:00+00:00
Will US Firms Adopt Stablecoins? Survey Says They’re Not Enthusiastic - Federal Reserve Bank of Cleveland,https://news.google.com/rss/articles/CBMirAFBVV95cUxOd0psbHdISVFCU202YXNuX1dGN0JkcmpJR3hISVZCR3hvMGdIZ1M0RmpabWVVTENudWhIbEtIOVEtLXl5Zmk3c1ptTUpKbWRoNmNpdU5EdDNaZGt0c052ZDkwV1hNdjRtVWlXaXNnLS1HTGVpTXlqZ3dEdWRUWllla1NYdk14eVEwLXFkcXpRTnZxekl1WGxQX0VSUEgtSDgxb0NQOHZBWmlFYlNN?oc=5,"Mon, 28 Sep 2026 04:00:00 GMT",2026-09-28 04:00:00+00:00
"Coinbase brings bank-grade fiat and stablecoin payments to businesses, in collaboration with Citi - Coinbase",https://news.google.com/rss/articles/CBMixAFBVV95cUxOVUtkQzFkVnhSRVpVOWVtMV9PZmNPVEdXRnROTzVTWXZVQWRtX2kxb3B5VVRBUTdYeURBSldlVVlYZmVWajVCYlNiMmd5ZlJ2eDN2bml5ZFB5YU8xckxoV1BBd1lhTzliSHNfSnR0Wl9kNWxsUHhrWExhOTdzRGV0d0pwY2luN3dpYVlIbUk0ZEZMZ2stYnQtWERkX1oxbEpwNERqNzBTSzd1WUJPR1lCYkMzNjNSa3FXM0NZal9vM0ZsVEk0?oc=5,"Mon, 28 Sep 2026 04:00:00 GMT",2026-09-28 04:00:00+00:00
Visa Survey Finds US Stablecoin Interest Jumps to 56% With Bank-Style Safeguards - CryptoPotato,https://news.google.com/rss/articles/CBMiqAFBVV95cUxOTDNkOGxfSGtmOWYwSl9qcC11enAzOVlWMGdYaS0wYk1FN00zekp0bTF5ZzFfV1hWWEJFVTR5ZnJVTlFkVXZOZXU0ekUzb1dyWml0U1RtT3FtXzBXWGZiQWtSM3k4dk5BdHo1bURrLTRQSWZ4dzJjQW9vT0FySW1fLWd4bEttOWFiSWJ0NklqQWZRRjBnNFJ2bVFIWU1zSlJpdVhZQlNXMmo?oc=5,"Sun, 27 Sep 2026 22:23:00 GMT",2026-09-27 22:23:00+00:00
Fed proposed stablecoin rule could trigger a 48-hour liquidation run - CryptoSlate,https://news.google.com/rss/articles/CBMimAFBVV95cUxPZ21FSHEtenYzMlZ3NnNCb3d0TlU0YTB4ZjVuNGZoZkZFUDRPbHdpN2RTeU1tUmNvRjUzZGxPS0Izb1ZFcC16V1owNW8zbm5tYzU0WUo5dDI0Y3M2LXhLMWI4QWhRTmpuY01Hc1BXdG5EcUNBZ1BsSVhwQUpvcUVIa091SEdhUUxjdmoybjItMjQ1dDJWWlFwVg?oc=5,"Sat, 26 Sep 2026 17:55:58 GMT",2026-09-26 17:55:58+00:00
From dual currencies to crypto. Is Argentina a blueprint for the stablecoin future? - Buenos Aires Herald,https://news.google.com/rss/articles/CBMivAFBVV95cUxNNlNfZ1VMSnpaRG43Vzl6Y2V5a1IycF9mQ1pOLUZXb2wxSDQtNTcxOWFVbk5kWkROc2VrSVZsblp2MEFQRjR6ckxHWHltUmVqWTNHbEl2UmVIeVRldmFvR0x6X2E4b3NjSlZLNlNKdkJkaG1McFlyZkhFckpLeHNlZHg5ZXVESktQWnpvREZneEw4VUkyZHlPWTlieVFJS0ppaXY4VVROR2xwYjgxeFJrZ21ZMGNQbFJkeGYtTQ?oc=5,"Sat, 26 Sep 2026 17:49:55 GMT",2026-09-26 17:49:55+00:00
Is SoFi Technologies (SOFI) Cheap On Its Stablecoin Rollout And Growth Push? - Yahoo Finance,https://news.google.com/rss/articles/CBMipwFBVV95cUxOUXlkUjQ3Vmp1cXlFVl95NUZweXgweGlvR1pZWkFndTdNQTRmYVFQRDhXXzBWMFdVMkZnUzg0NU83RFNTZ0pRNzJUeHNjT2NWUnFxdGNfRkZXelctb096WjY5MTRoSUNqOFIyT2NVLWFrZEZldDJKelZ5ZVI1UENkS0o5bHU3bHlUNkQ4N09UdG53SDRpd0VGZnZ0QXFHeE9xVC1LYXpjUQ?oc=5,"Sat, 26 Sep 2026 17:10:19 GMT",2026-09-26 17:10:19+00:00
SoFi Is Bypassing the Banking Bottleneck With Stablecoin Settlement - MarketBeat,https://news.google.com/rss/articles/CBMipwFBVV95cUxOUWJ2UlZld1g0aURRNVliR09MWWlBS2lHa2c0LThyYW9ZakpMbG83THpkaWtNQzVBTVFCOERpb21UamFFcng4RTVDTGFickxaWlVTSHQ2OFJiTmNLYW5BdUJwU3ozLUdaaUtOeXI2VURzX01Vb1VRUjNqTl9zcTh2MG1aNHNYRzBjZ2ZQUTZaOUFEa0t5dkhmWXg2YUlFX2gyMkFSN085cw?oc=5,"Sat, 26 Sep 2026 15:42:05 GMT",2026-09-26 15:42:05+00:00
SoFi Is Bypassing the Banking Bottleneck With Stablecoin Settlement - Yahoo Finance,https://news.google.com/rss/articles/CBMirgFBVV95cUxPRXh0LWswc1FOeFdWcUtfUDBCYkg1ZW9aeTNQaDVYMnRGcmk3dVNvdlVwbDZMMXFTLVFmUjJxQzlXbUFkcDNvaWI5VW0tQmsta2pGXzNRSWJid1BUWTAxQVBrS1RZV1AwMFZzaG02XzV2MFpfVW1rZ3M4WnN2dVo4QkZSWlc0czdtNGNzdEhhRjEzMXNXRmhRaTlTVE51TmhUUWdmeU9kTTdtR3FVTmc?oc=5,"Sat, 26 Sep 2026 15:40:00 GMT",2026-09-26 15:40:00+00:00
"Binance deal gives Circle a boost in stablecoin race with Tether, analysts say - CoinDesk",https://news.google.com/rss/articles/CBMivwFBVV95cUxPWUFCOEU1Mnl4cHp4M0ItU29DekdiZjE5SkRLeWtnUkVRNVBVRUhoQm95YXVvbHpJUV9fVW5NTWRsQ2U3eF8taDI0ZmE1TWtmR2UyejBkSHBHZXdjWjU1RE9fZWp2NHhQNngxU2k2aTR2Mk5UTWFJZGFGUmpERGdta2pteUhXU3EtbHVURzdvdVBrVUVNTkdwQ3lCTG1ocFdKaVFJZmIyM2NiczZVM3o0aVkzM0JxZV9vbTY2UUZJcw?oc=5,"Sat, 26 Sep 2026 13:00:00 GMT",2026-09-26 13:00:00+00:00
Stablecoin Payments Go Mainstream: Sept 2026 Rails - FinanceX Magazine,https://news.google.com/rss/articles/CBMizgFBVV95cUxOQnkxU2toaUtrdTZldF9pVGFXdjk0dHZHSnduX3VMUV9xbHk3OVhLaUpWM0RKUmZOZnhwMzNHTkhKTTJQLUdsbW1CNWwzOWsycGc2LVVZVklSV29XT0EzbmM1bExQM1ZEZk1MeGx0QVYtbHk0QWx5NWRjUHJiSV9WVk05LVJkMEhZSHZoMXRhZFJTYUJGaE1HdXI5UjhtWXB4VS1pS1lFYU9rOWpFcG44dWFtQ2ViU0J6UEJDOTUzbFhnZV9yV3pEWUxXZjFoZw?oc=5,"Sat, 26 Sep 2026 09:34:21 GMT",2026-09-26 09:34:21+00:00
"Bitcoin tops $87K, Fed drafts stablecoin rules, Bitget hit by $351M hack | Weekly recap - Crypto News",https://news.google.com/rss/articles/CBMidEFVX3lxTE53Wm10VXhPRWg3cUlVa1kwUExBTGZDUWxXRWdTcFVfOC13M2N5MGZ2czVzeC1lYWl2dWFQNEZHNE9TTGJyWkhlZ2toRDVVVGR3VFhkUDA2Y3lSZWpjR2ZzZUNRdnhTMlV6SUl6QWViMjNiQ3Rz?oc=5,"Sat, 26 Sep 2026 05:57:00 GMT",2026-09-26 05:57:00+00:00
Feds' Stablecoin Review Committee Rules On The Horizon - Law360,https://news.google.com/rss/articles/CBMiVkFVX3lxTE1xbU1aSTNRU2pneFNNWDRTZlA5dDdodU5ZYWlpd0YwR1QteGFxSU91VGJZMGJmQUpZR2dhcXFxVUtjNjhSUXhOcjdJcTFTYVgxTlg0eWJR0gFWQVVfeXFMTXFtTVpJM1FTamd4U01YNFNmUDl0N2h1TllhaWl3RjBHVC14YXFJT3VUYlkwYmZBSllHZ2FxcXFVS2M2OFJReE5yN0lxMVNhWDFOWDR5YlE?oc=5,"Sat, 26 Sep 2026 00:04:00 GMT",2026-09-26 00:04:00+00:00
FINANCIAL TECHNOLOGY—Fed seeks comment on GENIUS Act framework for stablecoin issuers it supervises - VitalLaw.com,https://news.google.com/rss/articles/CBMi-wFBVV95cUxNQ1hfaGxJZW9jWnZUd0lwdXpKSGhmM0cwQTdVZzloYU1aY0hsUW1FWUtjbFpxNzg4aWZ1ZWZqV2I1N0JwM0Q5cEpCbnVuendwRm9qRXh1ZUQtTEdRZlU4TkJmWF9hYnE0V0tGcUJjcHVSeTNVT1BxYzN2SzFINUVsQVlzN2dIelRsQkJhM3laNTNnQWVkSlZJajhWVFNGUWNvdHhjcE1IdXJMNFNOTlRBYks3STVYUGpfZFAxa0ItNXVqbXVCV3FfbEJ6czh6SzkwMlhUeEgybXZZRVV2LWtwaHB4VGJKMW1XcFkyLVg0bVVSNUUwZ1RjTlVSNA?oc=5,"Fri, 25 Sep 2026 22:45:49 GMT",2026-09-25 22:45:49+00:00
Stablecoin firm Circle finance chief Fox-Geen to step down - Reuters,https://news.google.com/rss/articles/CBMisAFBVV95cUxQVGVzOHhoSzBMYlFJN2Z6WmxsRkk3NS1LWnpBVzNJRnpyRUFibVR4TVY5OEdMb3NIaTVsc0RXenVUbGl5VnZONFAta2RnVndEbWp3NDVSVDN1aGFlTTY1Ymp2MXYyOTlmLVRHVDJGRFFQSV9yOTJqUllYR0p6a2RkOFNxOWtDN3JfTXZkbjNhTkFaYnpIcjdKVGkyQ3RkZVBhaHprbEJKS1h2U2o4VE9XOQ?oc=5,"Fri, 25 Sep 2026 22:34:37 GMT",2026-09-25 22:34:37+00:00
Department of Justice Seizes Stablecoin Tether’s Bank Accounts - Yahoo Finance,https://news.google.com/rss/articles/CBMirAFBVV95cUxNdWJZeDQ5UU1iS1YyR2xOYWFxN005M3BXTmhGbWVhX04xWHdGVlc2bDhrcS02R3FSMzlfd3o2OEkyY010djJTdkw2YUY3M0ttNEQ3a2lFY2swSmdCRHJTOHgwM3NnT0ZkWjZKc3NkN0JvUklYT0xmUS10Q3VPMHNzQjE4VEs4VWx0T3JUenNYNmJPbjlnU29jYlRScl85SVBLZms5ZmZoQ2Mta1lw?oc=5,"Fri, 25 Sep 2026 21:34:41 GMT",2026-09-25 21:34:41+00:00
Department of Justice Seizes Stablecoin Tether’s Bank Accounts - Futurism,https://news.google.com/rss/articles/CBMickFVX3lxTE9IeEsyUHR0eWVKNDVYUDFYWUhRQUUxb0lkU292OXJZWkk4cFFjbXEyT2VZU0FUdU1SRkViS2l5akZjeTJxb3hSYzk2QnFyNXNMZXVZbGZZVm9PLWUyYzB6bzRTbmNLSjZVclBZNkY0RkxqUQ?oc=5,"Fri, 25 Sep 2026 21:34:41 GMT",2026-09-25 21:34:41+00:00
EBA Floats Stablecoin Lending Restrictions for EU Crypto Firms - The Defiant,https://news.google.com/rss/articles/CBMiogFBVV95cUxOMVRydE0wN1YzXzV5R3I4Q3JmSjk2R2VhNEJLYUR4WnRMOERwS1NjVjUyaFYzWWhzd2xUZ3NkQ3ljX2ZWTUh1ejBKei1DaFd6M2hNYlFZcm9CQ0dzUDBlUzNtUUdBNE45TWFuSjRxRVl4UlhudFBjQVhDQjI5UlBjMFF5SUVWQ2lvR1lRTW1BQWdGV1psV2xINXR2Q2RQbUpicVE?oc=5,"Fri, 25 Sep 2026 20:51:33 GMT",2026-09-25 20:51:33+00:00
ARK Adds Fund On The Blockchain. Fed Proposes Stablecoin Rules. - Investor's Business Daily,https://news.google.com/rss/articles/CBMizAFBVV95cUxQd0YyLUFKb25CbmNrYi04Z0JMTk93YlVJdTRyeXhFSDZtYTlCNUk0ZnpQNVVZZEVPQXR5aUFVaTBpUjRFbjhQd1pMbktDMEI3YlBsLUJPeEVlX1dIY3U1S0ctbDh0WFJGeTd6d2tWY2xwUW44YjczVG4ySkZVVmZ1eXhTZmlEZTAyVTBITUJfRFJCVC0tU1E5T3Z1bHVxbFhrSUFmRV9FWWRnXzVMRFpZTXRKbFZkM3Z6NEo0YUFybWVLcVdHNFl0X2ltSFQ?oc=5,"Fri, 25 Sep 2026 20:19:00 GMT",2026-09-25 20:19:00+00:00
Federal Reserve Proposes Reserve and Capital Rules for Stablecoin Issuers Under the GENIUS Act - Crowdfund Insider,https://news.google.com/rss/articles/CBMi2wFBVV95cUxOQ2dhUldTa2puTmYtTm0tLTkzWjl1YmY0RlZPc3BsU0wzcTF4NnRScy1FOTNQT3U4ekRxR255MHNQYkxmYW5Pdnk0SWdPUjk0c2VXRHlFZUhXNk1hcGJqeFhXbmNaS1hINnZkRklmT1FQR3FlZVBGWHNVQ2cwdFpOTjBfRVFuSzRIWjFmOFl6WVRuTW53bm1TUS1ZT0xuMFBOYUtlTmtDWG00ZThjV293Yk1HbklTX3ducjNXeV91TXlnUjYtU1Q5djJ1aC1rOXhES3VEallvczFqSUE?oc=5,"Fri, 25 Sep 2026 19:38:01 GMT",2026-09-25 19:38:01+00:00
Fed Proposes Full Reserve And Capital Rules For US Stablecoin Issuers - TradingView,https://news.google.com/rss/articles/CBMixgFBVV95cUxOWXVDSC1pY0lVdk1wQ1BSOF96bDlhMlVGdnNsVjNxeFJMTEcxWGgzd1ZGeG5DdTFwSFlJNEFBcGJacklFd2RNUE5jQzE3NmF2b3VqLXdPVGswQjI0aC1zdUtYcHlnQ0JkRGUwLWNBNXM4ejFDaVRiZmdWSUNXV005VHpORGNUSnpkVU92TlJjUW0xajFvZm9PN0hJSU1EOVVaOGZvdGxsaU1ranpTUWI0R0RaYTh6TnFCeVNqdVpHY1pkZmRMUkE?oc=5,"Fri, 25 Sep 2026 19:30:00 GMT",2026-09-25 19:30:00+00:00
Joint Trades Comment on OCC’s GENIUS Act Stablecoin Application Forms - Bank Policy Institute,https://news.google.com/rss/articles/CBMijgFBVV95cUxNZ01BcUcyWUxtQW51SV9xOVFPUHhDRF92cHdEeDlpdWktai1lRTBUbXMyUE02MDQ0c2ZCRnVBR0h1b3FwamtfX1JldWZqYkg0OHF0TldLMFl4NGpnRHRxTVNFY3VSMkljWlZOUFVVVmxwaExPT0V4YThGa3VrX01TTUJ4QU5sNDNMczUtdnVR?oc=5,"Fri, 25 Sep 2026 19:07:50 GMT",2026-09-25 19:07:50+00:00
Fed proposes stablecoin rules under GENIUS Act - americanbanker.com,https://news.google.com/rss/articles/CBMiigFBVV95cUxPRmQ0VmxUeTlrOFVwS2VhRVhSS3RzNFNfekY3VGU5QkstYlBYa0NJQWJxMi1RVloxeDJjdDh0VF9fREJrZHgwdUxUb3FuN1pOSkM0Q3psQWhHejJXYUR1cFltSGQtbXlyY1NVUzh5andGaXc1bmtWaklsNGNvdklobGRXLXRYZ2ZDanc?oc=5,"Fri, 25 Sep 2026 19:06:00 GMT",2026-09-25 19:06:00+00:00
"The Fed Finally Wrote Stablecoin Rules, and Wall Street Banks Come Out Ahead - Startup Fortune",https://news.google.com/rss/articles/CBMipgFBVV95cUxNT3VqRlRxUnJ0MW5hSnpmUXl5dnYteXVIRkt2TjFEYWZGZnRhQm1kV3JHM0NXaFdhOWxhVVY4YXVOVEl3eVRRUjFJVTRoU19ETlc1UUE5azlYNzY0S1dHUzJ2YkdtMkJFNnpFV0pzVEE0Q2dnUGp3Yjc4OUd5YkNxa3IwRnZKLXZBc1NUYURrNklHcUFTUk1IX3VZX2FMZ3RHYlVLT2Rn?oc=5,"Fri, 25 Sep 2026 17:31:29 GMT",2026-09-25 17:31:29+00:00
Mastercard Stock Holds Flat as $25 Billion Stablecoin Settlement Goes Live - Yahoo Finance,https://news.google.com/rss/articles/CBMimwFBVV95cUxQTWMtZHJnNWppaUpjZTJWeDZ5QVZ1VFR4QzVQb0pZaE4xNTdaVGpWREVxV3pLNWNoQkp3Sk1uYVQyS3loYmdGdVp1OUt5aFpXZ3k5amJDQkc2TEdDNE4xZDdCTExtTXk4Vk9YRWo5RXBrZlczdDhXcjJhaEhWdzd0QkhQbHh2SlZWTTc1SXk0QTBLODAyOXA5S2NCZw?oc=5,"Fri, 25 Sep 2026 16:53:34 GMT",2026-09-25 16:53:34+00:00
Fed proposes stablecoin rules - Banking Dive,https://news.google.com/rss/articles/CBMiekFVX3lxTE5jdkxtalNSMUYtazJ0RVJNLTRoMDc5R2lCMUlkUkhJX0w3OTg0OW10ZnhhV1FQNi1uVnJZdmx1RVBaUUZ4a25iajNvY3V2TVZjdUx2MnFZbG1pS1JiS2pYUmdQMHlXbU53NHdLWGRfMkRVeXg1Y25JVWNn?oc=5,"Fri, 25 Sep 2026 16:29:35 GMT",2026-09-25 16:29:35+00:00
Fed proposes stablecoin rules - Yahoo Finance,https://news.google.com/rss/articles/CBMimgFBVV95cUxOSV9TUTRtaFBDRExURy1jaFhJSEJPS3FsOWJ0bkRYVVg1UlVQQTl4UkJra1Zac2VGLV9aSGV6Ym1xbmdzb2ZjcUFsb01rNHA1bmh6MjhMV3l1ZndKUHIxTEI5NklfbXN5cDYxTmxVLVBCNWVLejBXZTM1WWRXMWRFNHNUbjNBSGppZWdCUVJiVDdhUEFjVnJwTEln?oc=5,"Fri, 25 Sep 2026 16:23:22 GMT",2026-09-25 16:23:22+00:00
"Circle Foundation funds UNDP, WFP stablecoin payment trials - Crypto News",https://news.google.com/rss/articles/CBMifEFVX3lxTE5yVWx6Z1lnS0YweWphUjVTcF96Nzk4aXdISjdCUUxqbEpVSnJZR2x1SGszaUktMUhhQzJqc2U4Wnctc2hHcEpTOXdVT2tUZ2pKYTJKc3VyOExRS09iQkJLeTRzOVB5aV9UbkZrR0lmUW5vSVJJSmVWVGw2a0Q?oc=5,"Fri, 25 Sep 2026 15:40:01 GMT",2026-09-25 15:40:01+00:00
Open Standard's stablecoin business begins to take shape - americanbanker.com,https://news.google.com/rss/articles/CBMiogFBVV95cUxQT2MzdEdvMDFoTDJqM1k0WDh0SGJCNU4zYUhEcDdtZ05HSTgwSXh4bDl0aVJrQXlXSUd0NFluVDdJUVlsY1d5eTJlbXEwVEJ2WEdqcDdJWHVEWHl4VEVITmVFSzFJNTl6anNnc3dxY0NRV05BV2NFc3VydHN4WUYyaUJnM1Atc1dmY1RhXzl2RFhBZTZra0ZBcF9OckU3QnV4UEE?oc=5,"Fri, 25 Sep 2026 15:40:00 GMT",2026-09-25 15:40:00+00:00
Three Regulators Give Banks Three Paths to Issue Stablecoins - pymnts.com,https://news.google.com/rss/articles/CBMimwFBVV95cUxPMXducFNSd2lxemt2SFFlaE5Jam54Y1hpdE96b253X3BkSURiSUkxN2xfcU1oYVpKR3NwcXo4SUJLdnhYS3hlNUpURmlOSlBJSEtpNnkwMFY4UEdkcGVTa1pzeGx2MDNGMmt3V1h1ZEl3b3hzZTJxR1lHZVUweUlPT0VRYWxDU0tLOTF3ak04c0NsaDlqaW9wazZTbw?oc=5,"Fri, 25 Sep 2026 15:06:28 GMT",2026-09-25 15:06:28+00:00
Federal Reserve Proposes GENIUS Act With New Stablecoin Rules - InsuranceNewsNet,https://news.google.com/rss/articles/CBMioAFBVV95cUxNajFyelhReXlsZWxyZnItVlQ3b3pzZjJUNTFDRlVUZG56c0I5akViR1lqSmlDZzFPOUo2SHR0RnlUVFJ6ajh1SVRsMWRFcnJ4b0dQeUMtUW84bHpodkVWUDNIdzRYTWY1ajFPOGZncl9Sc0VEc2tJbzhrYkpxWUw0RUNjTklOREpPcVVUSmZaU2N3LUVqd1JMOXJQdWw5YXBy?oc=5,"Fri, 25 Sep 2026 15:01:54 GMT",2026-09-25 15:01:54+00:00
Korea Cannot Agree Who Can Issue A Won Stablecoin. Its First Spendable Stablecoin Is Japanese. - Forbes,https://news.google.com/rss/articles/CBMi4gFBVV95cUxOVHRneFpxUWVSVFBjYU9nS3RrVUdXMkRPU0NMMnNDbWxCQVVSV2UtVExsblg3Qy1TN1JReHplME5INEVQOVMyWGtodUs5VE5wYzRZa2ttajJiZDlodi13OTdzWTZnQ2RkdjRtQldvN21nSy1YTkUzaW9kUWhqdkVpTVNNZDRXSGR6TWRyOFJ6VTlaMXUzSk5obGFkVEh5ZVhGYy1TMUtMaXNkems4aW5ia0VENXBJVDM5VnRfQmlBU0hZeHc2TnlNTHBXVl82RG5EcFhCdWk3RHIxd2lCZGJwRC1B?oc=5,"Fri, 25 Sep 2026 14:54:00 GMT",2026-09-25 14:54:00+00:00
HIFI Raises $37M to Connect Regulated Banking Directly to Stablecoins - AlleyWatch,https://news.google.com/rss/articles/CBMivgFBVV95cUxOMmxoSVJ4VFNiRjYwR3I0SXBXcGxCOHB6T19LVWZtSy1UQmRKVERjcmJOYVplYV9VVE5LTzJUd3NMbHZTc0xBVHhLei1Cdk9Ja0ZTcWJ3cnJwS0xXZ1VFNnk5endnNGFfN1FmbmZlMnVReU56QzB0OVJhdlZzNndNdGJYNHAxZERUck9pN2JZeEJGMU1mSTA1dEJnT0FwQ1pnWERCQ0ptRDVMZ3lJRjZiWDNzdGFRNlk2bXoyVEh3?oc=5,"Fri, 25 Sep 2026 14:30:58 GMT",2026-09-25 14:30:58+00:00
HIFI Raises $37M to Connect Regulated Banking Directly to Stablecoins - AlleyWatch,https://news.google.com/rss/articles/CBMiuAFBVV95cUxQQmFnX1J1aVl3eEZFWDBfek1KMEtoU3A5YnFNNmMtdmJGWXlrelZ0eW9BX2tMS203TGhWTmN5NDZTSGI3bjI5VEpXVWdUUWdQQjdJTlNDQTdrV3hadmtFXzFJNXRsTFhPZmJqQmNRRWw4bDJ1LXY1ajNZM0dZMmNnQVkzZzhLb0RTdTZ5eGtZSGllRExqQWNvUVpqTlBNTXpmRU9USnFhbGtjZnk5RnhzTkRuWVI4dmFo?oc=5,"Fri, 25 Sep 2026 14:30:58 GMT",2026-09-25 14:30:58+00:00
JUST IN: Stablecoin supply on Solana hits a new all-time high of $17.3B - Moomoo,https://news.google.com/rss/articles/CBMi-AJBVV95cUxQbzFRc1FnSS1jYjhKWkNWSkxUdWNQN0NPc1ZYYlNsd0VuUUl5MERCLUw4YU8yc0ZEVEhfNm15WHJ5aVZ4cTZZZmh0eElIYUJXbHNNNEx2NVhMWmlNU2c3S01hZDdySG9JNkZ5eUtjdDg1MUNISUg1T0Vub3FvRXd2Rk5jdlE3VjJKRUJHaW40UTNKQ3F0UlU3bjV4TnNvMUZhVjdpY1I4SXYzX0ZIY0xLdVQ1bGI0X0txd01vaU5weHNlUFowUzBXY1c3cGx6TXVsVV9lMDVKcE1udHNMcmFOWnFNaFhtNlY3djNpc2pPQkE1bXYybHo0VVBOMENMY3FYaHJuUHM1WVItWUZUWDhTRkZ2TFNEcUtfM0VxdF9CeUJTdjJBZzZVcjgxYnMyNnJmS3J2SVZVRHpSZmNJNWEyTmUyVkJKc1pDY056ZkZvdjFqRGMyNnJ6X1pGUi0yZEZuT2pBMk0ycnNEZS1DOVRSZ3Q4UHZhcE1C?oc=5,"Fri, 25 Sep 2026 14:02:55 GMT",2026-09-25 14:02:55+00:00
DeltaForesight company profile — yen-backed stablecoin protocol JPYdf - Dealroom.co,https://news.google.com/rss/articles/CBMiowFBVV95cUxQdXUxTmJLTzFPeWR4MUZpajBPSGIxZkFHQnpFdGIwZWw4T3lYQ3dLcmpQOGRjaEhjM0o2Z1g2UDZpR1RQM2lqazdBbEx4UU5nQkY2eDE5QVRnam5Nc0xPOFJiTEVDRVFtWnBPTjA5QVI0MWZuYzV2UW43UmxDNG9ZRDBSVUpUMEdqb1JqNW1VS3E4cEFRT0QzTTU3R0t4akY4OE5N?oc=5,"Fri, 25 Sep 2026 13:37:33 GMT",2026-09-25 13:37:33+00:00
Fed Consults on Stablecoin Proposals Related to GENIUS Act - marketsmedia.com,https://news.google.com/rss/articles/CBMikgFBVV95cUxQNG03ZE1TWHpWbkVsREJ5TEVNeENtUE5pUTVYRWtSOWF0ejFleEwwQWR3eE1VZlFPZHF3N3lETWRwRkxMNXJCeFh6cHlSYkJjWFpGWm0zZWpnbWF5b2dXNHR5b3FmUXY0Nnp5akJRb3F6Ql9NaExDcmJ1eHlCMHdjcG81NjZ4MUpyWjlvaHpOY0NOdw?oc=5,"Fri, 25 Sep 2026 13:26:38 GMT",2026-09-25 13:26:38+00:00
DeltaForesight raises $2.1M to build yen-linked stablecoin protocol JPYdf - Dealroom.co,https://news.google.com/rss/articles/CBMiqgFBVV95cUxQS2dMWDIyM3B1VHFOV0pBU1dsa3BOXzlnamQ1cDM3MXlUbHJaRGpwcXdxU0F4YzNRdkJZcFFoclBSdXk0azktWFlienRvcDBoazBKNFhrLThsN2V6c015SE5kYkVwLURQbjFob19RakhST1oxNHJMMVJaSUw0VEg1NmpwMkZWUlAwTTJkTVlJbHEzajg1WDZIdnZ1RnFZem5vTXZGYU81YS0xUQ?oc=5,"Fri, 25 Sep 2026 13:15:24 GMT",2026-09-25 13:15:24+00:00
"Fed stablecoin rules go easy on diversification, hard on capital - ledgerinsights.com",https://news.google.com/rss/articles/CBMimwFBVV95cUxNbkdVUG9NQ0dpdHAzR3pVejNtSnpUYllvVkliSlVlbUZpTUlpSVpoanZadFY4bXhoSzhPQUt5RkpfeGFLRG94UGRzaU1UQ2hGVWItU0xqYjZpUkZZSGJqdF9UcTc1LXRaOUkyRGJna2pzZmJfd09GUGtGRmp6M0ZTMmh4dllyMHFLcUxxMGpuRWllMUZMYkdaZGt4SQ?oc=5,"Fri, 25 Sep 2026 12:26:42 GMT",2026-09-25 12:26:42+00:00
US Federal Reserve proposes GENIUS Act rules for stablecoin issuers - Digital Watch Observatory,https://news.google.com/rss/articles/CBMieEFVX3lxTE52TDBxQVVJWE1SVmpPSktDcTBMaXIzeFgzekJwNnpxNUpubmxKeDVMUlVQdmhMMGwyNFFPc1NsVjdoTzBqSGV5OExoQjZ6MlJrb1YzNmNRSmp6eDZKUTNBNnpELVkyd3lSSFQ4MUMzSmVsdUJFTmpnWQ?oc=5,"Fri, 25 Sep 2026 11:58:00 GMT",2026-09-25 11:58:00+00:00
"SoFi, Mastercard activate stablecoin settlement for SoFi Bank card programme - Yahoo Finance",https://news.google.com/rss/articles/CBMisAFBVV95cUxORkxqOWlQTHE5ZVBvYXNiS0JJOVJWcExIa0swN0FYOVBaMWJVT0FSeTJCbGZWMmdNbzVCZzhVbHRuVVpPYUVZR2xMQ1JLZmEzVEJEdnM0NERjNWR4NHU5RkFQVElZeVROa1FTWGlOaGdLYmp3VGhGOFVLTTM1TkltdHFxcEVYZHYzdnBYZVV1SjFjeXYydTQwVS1XVGI4djZZN2p5Z3pDd2JFOFRwZ2kxaA?oc=5,"Fri, 25 Sep 2026 11:48:04 GMT",2026-09-25 11:48:04+00:00
"SoFi, Mastercard activate stablecoin settlement for SoFi Bank card programme - Electronic Payments International",https://news.google.com/rss/articles/CBMiyAFBVV95cUxNZHNFUGFDMlZzN0lNY3FCSGJ6cmFVTmdlRWlxSEJzeWo0TWtORndJYkFFS3lYaWxPdUFtRXczWGhnQnlONnpmWjVJcGRWNmJvcmdtU0ZWUlZVaFM5cjd6MnJOSU5nd05aN212NUNUalFWeG5Xc0thTlhnNzBuQUg5MXBRRzlBSU1zNXlWZ29NOXh6UFhSRkdQUTU1MWRnUkFLQ2lIZjZnZmhRQjJEYkZ1WUF6NzFaZmpqdWV2OVhsTVoyQUVTbUFoNA?oc=5,"Fri, 25 Sep 2026 10:51:47 GMT",2026-09-25 10:51:47+00:00
"Binance stablecoin licence bid was about to be rejected by Greece, banks issue warning on EU beneficial ownership overhaul - LinkedIn",https://news.google.com/rss/articles/CBMimwFBVV95cUxPa3RfZ092NC0yNERKTXdzYmt1U1ViclhLcTdXZlhfZzVXQWFtQUZmSmVrZVozRkNlS0VkeUtIam0yQ1V1U2Z2dnZ3ckNRcUtUajM4S1lzUVVvQ0JWS3NEY19mVnZiMVNVMm01dW5KZ3VKZ3BSUWgxd1JkR2drN0otbzhyVVNHRDhLeWJvMXNrOHV3QmtnU1FpVXNfQQ?oc=5,"Fri, 25 Sep 2026 09:51:29 GMT",2026-09-25 09:51:29+00:00
SoFi Bank Scales Stablecoin Settlement to $25B via Mastercard Network - FF News,https://news.google.com/rss/articles/CBMinAFBVV95cUxNMjYxTjItRXBsU3I0enFLNHBoeVBQTWhodENhS3paQjdESHowYzNVcUxCU09NenBoV0VFT0RGdzVXb0tQTW5zMGhTRHlUNVV0SmZ1Z2N1c3hfM29neWFCZThGdkFRanc1N3oyMy1ZOTFhZHpTOWc2NzBSdzBSTjJuaTNGbWs2MjdMaXFhZlNwa0didGRqaFNRcVJpamU?oc=5,"Fri, 25 Sep 2026 09:15:22 GMT",2026-09-25 09:15:22+00:00
Stablecoin firm Circle finance chief Fox-Geen to step down - whbl.com,https://news.google.com/rss/articles/CBMikAFBVV95cUxNbVQwbDFXZEhNR2FfcFVYOTU0V2lhRHAzX2FObFAwNDZoOVFzeDRaNEhRSFNxQnQyOE1oMm5vbXVHZVdUd0luMmVJdklYTy1BMnRpQ3FmX3JDVmhxRUpTQzExMW1GSFVzSjIzSk5DVFFIaFFwblZQNjRScmgxQzVxQnMtbUhHNTlmNUh6SXVHTXE?oc=5,"Fri, 25 Sep 2026 07:00:00 GMT",2026-09-25 07:00:00+00:00
Animoca’s Evan Auyang worked in finance and public transit before crypto. Here’s why he thinks the blockchain should be more like a bus - fortune.com,https://news.google.com/rss/articles/CBMifEFVX3lxTE0xNXg1TlF3d0ViT1R3UVp1SkxPbnFnWHlYN0pUQ3ctdUpNVGhETlliUldPU25CR3hBbjJ6VnloSzRuOUlPVlZnUmd3VVNrcDhlR3k5WDE2dkIxX0RMNGs4ZUtCWlVOa1B4TExhVm8xZWxZdjdLenpWNzZDUUo?oc=5,"Fri, 25 Sep 2026 07:00:00 GMT",2026-09-25 07:00:00+00:00
Verify a Stablecoin’s $184B in Reserves: 12 Steps [2026] - shattered.io,https://news.google.com/rss/articles/CBMiY0FVX3lxTFBSZzNMb0VpWTVyN3BVelFOYjRBeHFXYzFWMDJ6WHRlOUhKUGtUTHNVdWxRMDdORlVoMFprTWpBbkZibTIxQzFmUDI3Y0FNM2IwOGNOTmhTdlJNeWJaWmxhdW5PQQ?oc=5,"Fri, 25 Sep 2026 06:00:00 GMT",2026-09-25 06:00:00+00:00
Fed Pitches Stablecoin Issuer Rules In Latest Genius Act Push - Law360,https://news.google.com/rss/articles/CBMiowFBVV95cUxQNkZPUzItM2w1STZMT2M5Y0w0b3VSdWFGZVo2ZWxWSk5nSnNNTmRmNlhDRUdtcnJzVWx5UG5aZzhPVERfSXNheTVncDNrU2l1a3NLSGVVMU1PYW1UU29pZGxhbE5FakpYam54eksyVmZTeFREdTZZalRoeXVxcG5QdjE4S3VLdlYzUkRjeVItMXRjdzIyS3c5OFRLenJlelhUakNB0gFWQVVfeXFMT2QyWUpaZEN0M3pnR0NTWUhlOXBUWXpBSlhJNWVoNGd0UDhfX01VeC1lajdESkh4YkNnY19MM0dZd3Q3SDlHbHNmT25yOHNDSGV0YzN3Vmc?oc=5,"Fri, 25 Sep 2026 03:13:00 GMT",2026-09-25 03:13:00+00:00
Federal Reserve Opens Public Comment On GENIUS Act Stablecoin Reserve And Capital Rules: 17 outlets compared - NewsCord,https://news.google.com/rss/articles/CBMi6gFBVV95cUxQaVkxd19iNE16X2RkNHh0RTBRdkptV0FDQXNkUzJJYTBzR1BhbGIxRXgtVVVnNWQ3RWVaNWhWUlZkX2daaVZMZ2pELTRmcDhBbGgteEFIY1VNZWdzZVZXdTI4djVYNFlIYS0yS2g5cUFueUtMZk4wUUZRaGZmSzBlQldJNnEzOUlJQnlIZHRyZWRObjdLUzdReE9WclRRYkdTSDByNkowZDNTOGFPdlYwOTlPYnViaHVyQlY4YkNueXJoYUhSU2F4UUpMN1cyV21iQUtLQUFzTkJjcHExY0hGZmFiZktQZnhCcXc?oc=5,"Fri, 25 Sep 2026 01:58:52 GMT",2026-09-25 01:58:52+00:00
Fed Proposes Stablecoin Reserve and Capital Rules Under GENIUS Act - PYMNTS.com,https://news.google.com/rss/articles/CBMirwFBVV95cUxQZHJoMVJQUWY1cnpzX2ZLN2s3NTRNNzVyN19JMmN4cy1yYWZRNTN4VC02X2pNMmlpTXUtOGdDUUlrMVRKUjdvTTd5Q2VjVG5RY3k2blJXMzFPUklUTDNxbzloMUxEdkxPNjFsLUh6ZjBDX0pncjZlazJXMTVlaVlONDB3THVCZWdILTVHYU9jMmlXOFY3RTBZUHltS1Q2Y1F0Tm9MSkJrcHpMU1pvY3FV?oc=5,"Fri, 25 Sep 2026 01:03:24 GMT",2026-09-25 01:03:24+00:00
BlackRock (BLK) Says AI Agents Will Lift Stablecoin Demand - simplywall.st,https://news.google.com/rss/articles/CBMi0AFBVV95cUxQWF9jc0Mxd3hmVnB4S1ZoU1pvNGdEcFY1TVh4NW9TX1o4M0lOVmowdU5CclZlU3dwSjlYN3JuYjBvS3RVOGU4VXFjZE9DSm5GNmNKYlR4UHR2SmZnSWw0cXJja0QxTEdXX201UlJ4RGNUZk5zU3BTZUdWSEdNbTRzMk9pWmFpNmtOaS1XRHdsdlhiaVFkUDZxSl90LXN1S044QnRZOGlFbS00ZWJhdF9XOFVPZFlaWF9jR0oyemY0NmtjbXBMWkxzVVhVaTNldTU20gHWAUFVX3lxTE14M1J6QVRDT1V3MXBjcnR6Z1RPWXEzRHhQZkN2SFpFZ3VVWFhQR0EwdE1SN2JKUHpLcE5Qc2VuMVJzYXB5X1lCV0wtZDJCdFFsVmJhMVlKUVFqZVdCOUdZT1k0WS1qXzhicjRfVzVybE1HZ0F0cHRlUHc4eUpRQzhKWW41akNESlJNOW1FUUZZZWhoSDFIMTdrMUZtdjNrcmhXbTZJU2xZX0liSmk0YmVIb3lTSGY2VU1BT3BpWW02TjdVdUJ3LXcyWFVzZHVYR1ZtbHdSd1E?oc=5,"Fri, 25 Sep 2026 00:53:20 GMT",2026-09-25 00:53:20+00:00
"Tokenised deposits, stablecoins and CBDCs: three kinds of digital money explained - investingLive",https://news.google.com/rss/articles/CBMitwFBVV95cUxPN0s3SjBCR0JFWV9sOEx5dkZMQTFfTE1ENGNJUXVfZExvaTU1ZWdRZlhjaTJ6bThzZlptVXk5Zm5kLVN0QlVUcm5qQktIZ0Y1cGRjdl9UYzJjMHI5eWZXUDlhdnF4eXR6Sm5BZWJYbTRwNzZzaHVLeFltTUotYk02WUVhY0dKNVdrRHVaQnZmQ0tlaFNYYmUzNFVFNHoyNktJZTFkTmR1VXdBUXBQenhWSERHa2NjOW8?oc=5,"Fri, 25 Sep 2026 00:47:25 GMT",2026-09-25 00:47:25+00:00
US Federal Reserve proposes new stablecoin rules - The Lufkin Daily News,https://news.google.com/rss/articles/CBMi4gFBVV95cUxNZlQ2TTVDNkpaNkthVDFqWlQ2c2ZsaXZET0xoSm9XdWxjY3NCSi1RVUlMelVqZk1CZ1JWU1JpTTNtWFJ1NXA4TDM3cnQ4VzVwZS04UjlpUVdNMTdqYU82enNOQzFfUXJkTGdQdlNNQVJtWC1LekhiRG5iOTA1RFZ3UnBTd3huZFlXUmlZS09VZ0pISGJ1bjJZNVdRWWlyZU56aFhuazQ0c29NckYycDNoQ0ZpaHU1VUxWZ0JELUk1cDliUHpUS2pDd3daNzNRTDN5a1d1VUFtSWlaczd2RGhBTVp3?oc=5,"Thu, 24 Sep 2026 23:27:05 GMT",2026-09-24 23:27:05+00:00
Federal Reserve seeks public input on two stablecoin proposals under GENIUS Act - FXStreet,https://news.google.com/rss/articles/CBMi1gFBVV95cUxPQ1NkWm43eXNxQ1ZsdWFBbkJsX3FfbW1VNWxOS2JiNHQ4bkszMmdSMktaaC02bUFwVG5BWU80MzBIM0JPVkllRHJsQ3VfUTh0ckV4clVjX1J0TVMxaWQ5Ym1jNFZtZ19WRjhOcGFEcGg5eDhybFFoSk1odnQ2UW1tckFaYTZLQkRkTGJ3SEdpejVzUXFvbzRfbGZxS01uV2RwcDNGYXZNOHRMa3REMjFZSmJiWlNqUzk1SXkyX0pUdEU0U0sza2ZIeFJOZ2dRc1BiU0dWV01R?oc=5,"Thu, 24 Sep 2026 23:03:15 GMT",2026-09-24 23:03:15+00:00
Does Stablecoin Settlement Change The Bull Case For Visa Stock (V)? - simplywall.st,https://news.google.com/rss/articles/CBMi0gFBVV95cUxNMDhtQXNMS2ljUGl1QUw4TGh0WTUzdmlDUGRSaGtmT0hUby1neXI2NUIxcXVLeTBlcG9HVFo3LWhRd2oyQzBDNTVZQW9tMnFfN2VtSllPUUR4aGRybFM5Q0Nyb0tjaFlMVnE0a05UU296SVhScjdIT0VvTDl2cW1LTm51dlYwdUxYd0dtMm5Nak4wUzdvQkpLR2kxclpTaElVUnVFVVJUSmFZSDV6a2dvUHlneDFFSThwOUhrSGYwNW9oNlpHNnBuYl9qU054RUtjQnfSAdIBQVVfeXFMTTA4bUFzTEtpY1BpdUFMOExodFk1M3ZpQ1BkUmhrZk9IVG8tZ3lyNjVCMXF1S3kwZXBvR1RaNy1oUXdqMkMwQzU1WUFvbTJxXzdlbUpZT1FEeGhkcmxTOUNDcm9LY2hZTFZxNGtOVFNveklYUnI3SE9Fb0w5dnFtS05udXZWMHVMWHdHbTJuTWpOMFM3b0JKS0dpMXJaU2hJVVJ1RVVSVEphWUg1emtnb1B5Z3gxRUk4cDlIa0hmMDVvaDZaRzZwbmJfalNOeEVLY0J3?oc=5,"Thu, 24 Sep 2026 22:40:18 GMT",2026-09-24 22:40:18+00:00
Does Stablecoin Settlement Change The Bull Case For Visa Stock (V)? - simplywall.st,https://news.google.com/rss/articles/CBMizAFBVV95cUxOLTkwZU15NzZZclNKMkt1QTdSMzNmbWZjMXFadkJUbGtPLXIyNGVTZVFRNXp6bTlybFotX3E1VG9KaVBJZXNXSmZleGxHNW0zU0hWaWRBZlA5OENWcW9nYkVoVDdqMU5UMGYtQU1BdjZXZkFmMjdnRmc3dkIxTkt3Wm1MazZqSjFRd0RaMzlzbWpyMVBhSENERXdmMHhXUzhsdWFOVTZDSm5YVXpwYVZlWTBqU1FVTjBnRWlSZWhGYWlaWDhISTMwVm9saGrSAdIBQVVfeXFMTTA4bUFzTEtpY1BpdUFMOExodFk1M3ZpQ1BkUmhrZk9IVG8tZ3lyNjVCMXF1S3kwZXBvR1RaNy1oUXdqMkMwQzU1WUFvbTJxXzdlbUpZT1FEeGhkcmxTOUNDcm9LY2hZTFZxNGtOVFNveklYUnI3SE9Fb0w5dnFtS05udXZWMHVMWHdHbTJuTWpOMFM3b0JKS0dpMXJaU2hJVVJ1RVVSVEphWUg1emtnb1B5Z3gxRUk4cDlIa0hmMDVvaDZaRzZwbmJfalNOeEVLY0J3?oc=5,"Thu, 24 Sep 2026 22:40:15 GMT",2026-09-24 22:40:15+00:00
Fed unveils stablecoin framework under GENIUS Act - Yahoo Finance,https://news.google.com/rss/articles/CBMipgFBVV95cUxQWmNyX0RJWVQzTUl0Qkk0a2E2WTlodXdkQ0dLRUdPaS0wOHNPclB0TE83TWRURHh2YXRNRzcxenNIOVdra2dJV2ttSGR3WkpaaFFoa19OTUVxeEdzQWExNGM4Z2tzaV9fczhBR0V0d3kzOHk0RmZfTzBBbW1sazNETV92SEdVNEMxYl9nNnBGYUk3d1pfdnMwNUU4Y3VLamc3YVVyUmxn?oc=5,"Thu, 24 Sep 2026 22:32:11 GMT",2026-09-24 22:32:11+00:00
U.S. Federal Reserve moves on proposals to implement GENIUS Act for stablecoins - CoinDesk,https://news.google.com/rss/articles/CBMivgFBVV95cUxQbUY3ODFfcExuOU91aFVJWDIwN2NManJRZEJRMEdjQ0MyU05ZTkZyczJiaDh6dk45Y3FnUFNKRDhlbm9nSm1LQ3h3SENzZzV1My1HOVg5bkZnSFBOY2dIdkN0YmpGZ015c0lPYWltSWdTZHZuc0lxRkQyd0o2dkVfZFQtMzZwTVctdmtsQ3JnZ09OSFpxMnE2ZG9aRlJ6dzN5aUVyMW51UTBOZnhGNzdZRTFEUlZkaDlXbVZmd1JR?oc=5,"Thu, 24 Sep 2026 22:28:49 GMT",2026-09-24 22:28:49+00:00
Federal Reserve Unveils Stablecoin Rules on Reserves and Capital - Yahoo Finance,https://news.google.com/rss/articles/CBMiqgFBVV95cUxOTE1wQ3piT1RDZVNBOEhsWFlVc04zTGVwM0o2UFpla0VWVmJhTWZpQTV6VUVsS05LUjZJT0t5b0JkX1lBdTRoTW1nWjF5NXp1cV9paVJYWmpiUF9vLWJicGllU1N6ME5IWld0R1dPenZod3VGdG4yQ2Zvc3FYc3RwOVhhN0N3WWRESm9vM2EzT21ySFc2czF2Q19oNTVGMEg5c1NWdndId3lyQQ?oc=5,"Thu, 24 Sep 2026 21:56:03 GMT",2026-09-24 21:56:03+00:00
Federal Reserve Unveils Stablecoin Rules on Reserves and Capital - Decrypt,https://news.google.com/rss/articles/CBMilAFBVV95cUxOOWVKTDB5OVliTEo4TTdQME5ETFNOQmFKdWdFbTF2Tnk1ODBqQUZuTVQtQlBvVVkxZzZtVGVDd0JhQzVET2RIQ1RWZEEtZ09yVHFVTnNJV2QybHBCSWk1anNQQ0QtOG80UzladGZNaDV1ckVFUFVVRUNJc09zMFVfUmVQQVFOSG5oNWQ2LTUyMHc5bC1f0gGcAUFVX3lxTE43NHRaRnRQRDVPUFdsc09SUkEwMFhPZkU3R0NMZkU0Tlp4eHpRSmFBcTdvOUVyMnNBRkNwb212d2lEQVBJNGVHcXJfd2VhMjNXOE9Xem16NjEyVjB0b0dCbkh6cmUzZmhXOHNqTmluV2tNelllb1FoelU3VFR1bVc2Z0lHVThUTnhOQzlUTTdsWDFoXzJhcjB0SFMzYg?oc=5,"Thu, 24 Sep 2026 21:56:03 GMT",2026-09-24 21:56:03+00:00
Federal Reserve Unveils Stablecoin Rules on Reserves and Capital - Decrypt News,https://news.google.com/rss/articles/CBMilAFBVV95cUxOOWVKTDB5OVliTEo4TTdQME5ETFNOQmFKdWdFbTF2Tnk1ODBqQUZuTVQtQlBvVVkxZzZtVGVDd0JhQzVET2RIQ1RWZEEtZ09yVHFVTnNJV2QybHBCSWk1anNQQ0QtOG80UzladGZNaDV1ckVFUFVVRUNJc09zMFVfUmVQQVFOSG5oNWQ2LTUyMHc5bC1f?oc=5,"Thu, 24 Sep 2026 21:56:03 GMT",2026-09-24 21:56:03+00:00
Stablecoins Changed the Rails but Haven’t Captured the Economics - pymnts.com,https://news.google.com/rss/articles/CBMingFBVV95cUxNdkx2OFlIWmFaTEsycE5uZ3RzMTBpZ1dpeVFDb1dEMHNTTW92TTlibDVVZXJUWVE3MzgwdEJleEpUM2hNUTdkMGlDalNfSDhnMWdhaVRsemhhcFp5RWZyLXM2eFp2ZmdiODJEUVRsQk5DaG9HVjBCZXAxY0JoSFh6T1lTX1ljM09zTUhrVzhFWjZNajFsSklEVFRRXzNPUQ?oc=5,"Thu, 24 Sep 2026 21:25:56 GMT",2026-09-24 21:25:56+00:00
Fed Stablecoin Proposal Leaves Significant Financial Stability Risks Unaddressed - Better Markets,https://news.google.com/rss/articles/CBMitwFBVV95cUxNS2lLNHNHNHFLM1h5QTdFRTFsa2wtaFVUR2dSMmU3RHFCcXZmbE5FSVJmWURRNzVuakpmQVlYUDFXRjN2SGlDWTFkRERyWWJHR3lyaF81c2g5WTF0TU5CNmI0b3hicm5hUks3cTctWGdvNi1Bb2Q4bWE1Ni1RUUZhUlhsemZCSXJJRWtjcExHZFF3Ukp4VFBURnZCQi1Iclg2VGVVOTdLd291STE5YlM1XzlrTUxhX28?oc=5,"Thu, 24 Sep 2026 21:20:56 GMT",2026-09-24 21:20:56+00:00
"US stablecoin issuers to face fully backed liquid reserve requirements, Fed says - MLex",https://news.google.com/rss/articles/CBMivwFBVV95cUxOZ0JvN0Z5bHlBVVlTZkZUYTMybzVzZUZrX3lPcVJEYXdBbDlQSnVheDRtSDl1Y2c5U2ZPcnRCa2ZfbE9qNzAxX0NNSFhyRHlOLXAwZm9QUTV2dnFEOUVoODIwQkN1SmQ4TUV5ZjkxRmw4SXpXcllMeGd4XzVQWXVHblotRjF5SUF5WWZXUElta1ZFaUlGekh5eW9sbDBGMkNVcjRYSGJodnVQSVg4WEk4YzRuaTIxbkJ2cklHYklpd9IBWkFVX3lxTE9BM2NPLUlTNDdfSTZqZDVndkFhei0wdFBkeHZGUm1CS1NlZ3g5bDUzSmMyd1JjaVdlbVVPTXFHSk0tOTlDYVFXYkFyWWxEMGVmRmFsbUJ3RmdZUQ?oc=5,"Thu, 24 Sep 2026 21:18:46 GMT",2026-09-24 21:18:46+00:00
Fed proposes GENIUS Act rules for stablecoin reserves and bank issuers - Crypto News,https://news.google.com/rss/articles/CBMif0FVX3lxTE5XOXFQb1hiNGg1S3ZBMG1hbUVZRzRIOGxqLTl1anR6S2VWUU1vclNYX3hETnpRd2hHQnJ2VlBDRk5POFFQRW1kb0N6UVRaMXFnbTF1ellfd1Z1WElJQVZyZkl0S2RmMjJfWGFDMHJvdjVYdGE5WGJIZnlXbVhpME0?oc=5,"Thu, 24 Sep 2026 20:57:49 GMT",2026-09-24 20:57:49+00:00
US Federal Reserve proposes new stablecoin rules By Reuters - Investing.com,https://news.google.com/rss/articles/CBMiqAFBVV95cUxQNzBzRUdINFg0VF9jcmNJWTh1X1dUcmxzcEVuMExjZkxyd0doMUJ3NkRFOEtXN09kZWpXQk9fLXd0ZmJvUGUwS0xtRFNFTWtJY19XVlY4QnNWOGZyOEY3eTV5NTBtY3gxVV90d2hicGxQQ1ZZYmJNb2RiOUlDeDhlVFBFbXZsMHRkUVcyWmZlVE90NTFzLU1pQl9SU2hEZlhBR2lYSHp3TlU?oc=5,"Thu, 24 Sep 2026 20:38:27 GMT",2026-09-24 20:38:27+00:00
"Fed proposes reserve limits, capital standards for stablecoin issuers under GENIUS Act - The Block",https://news.google.com/rss/articles/CBMizgFBVV95cUxOUUJubW9sRG5lbkUzXy1haGZVbWtSSzM2aWlCenp6S1hFekhpdWFCMWZxQkk4S3ZVRkFwVkt4ZmFycXNfTmhtT0cwNVdWNE9DVkdfdzRqbXlZR2F0MzhTamRDSWJ2dG1EcERZWWZBNGtadnljQktBTmdhNFNrdHJ4Z0tfemt0am55VXlLdHVfUWlpLUdERHB1MHdSd2VFUm9EQjBwbmlEWkxodzlNSHBjdjZzRm1vOThRY1drOERPOGFGdDhya20wNWlKWmZaZw?oc=5,"Thu, 24 Sep 2026 20:19:46 GMT",2026-09-24 20:19:46+00:00
Federal Reserve unveils proposed framework for stablecoin issuers - Yahoo Finance Australia,https://news.google.com/rss/articles/CBMimgFBVV95cUxPVkJjeVpJNWoyaExhRW5wMHBJQktlQU5ITVpBUElNTGJvaXY3M1llSlhQNmhQQXdHRzRjWlU3clV2VWdya2o4eC1kbWVEM01PbDVpOVM1NGlReFl3d2Y1MmZMRjBIcGM1Qi1IdjdENkpfbFZKZ25vc3k3TUxMazBzWFc2RTdmcm9lOG9iWjVxdmhpVFhscmRJZDRR?oc=5,"Thu, 24 Sep 2026 20:10:11 GMT",2026-09-24 20:10:11+00:00
Federal Reserve unveils proposed framework for stablecoin issuers - Yahoo Finance Singapore,https://news.google.com/rss/articles/CBMimgFBVV95cUxOcWVYWXY0WWl6dUc0YVFHX1F3SlZHWHFPdzV0LXI4QURydFplQXdKWlI2VVdQZ2h1RUNfaUFWREVFWUxmQmYzTlhnZE5IOW1LYWZLaVdXU3RpTXlwODZyN1RIVVBQU1JSQjZwUS12NE1qb28wSEhhNDUycklreG5wTG9FU2tNcFBYSG1STUh5TmdzemM2TzN2dnJB?oc=5,"Thu, 24 Sep 2026 20:08:37 GMT",2026-09-24 20:08:37+00:00
Federal Reserve unveils proposed framework for stablecoin issuers - Yahoo Finance,https://news.google.com/rss/articles/CBMirwFBVV95cUxPTkx1eU1HWlFsanloU0t6eU5ndWhpWmtza2JzMXJVeHg4TnRSX0YyVDBvZ3IxQUM4NGRIU2NMYXgzNkx6QUdqR3k2OS1xcm5scjY1ai1fMGtMNHRaVFIyQkpyUEFvYTlIMk55M2tiOTNIbE5kN1Rhcmx4ZXhEaTkwVFNsLVNySjFzLVgwUXNTQkNSaWhtZ1hiZ1Zma05xeFBvMFBhV0pYQnBMSHVQV2lV?oc=5,"Thu, 24 Sep 2026 20:08:37 GMT",2026-09-24 20:08:37+00:00
Federal Reserve unveils proposed framework for stablecoin issuers - Investing.com,https://news.google.com/rss/articles/CBMiwgFBVV95cUxNaHQ2clM0QmxFbnYwTWFJTkpnWmluM213MFY5dkliaHpPYkNXVDAxUnRDRjJlMTFyeVZ5YkxXdXo5VG9hNGEyVk5JbklxNnpsb0gzaElZa0ZfaVdUcDY5d2wta2FBWS12S1J2NnVlOHRIVlBERGpvWGphMDlINlBzZERfdmt3N19jalJ0Z0dQYXRGRndwNnZ2RXlYUWtGYndDYTlvNW5ESW4ySWJ6VjRtcjNfb2tqOHhZY2Z0UnNxNnBfQQ?oc=5,"Thu, 24 Sep 2026 19:41:40 GMT",2026-09-24 19:41:40+00:00
The Fed Is the Last Major Agency to Lay Down Stablecoin Rules. That Closes the Supervisory Gap – and Starts the Clock. - forkast.news,https://news.google.com/rss/articles/CBMi0gFBVV95cUxPWHZKNGhxSDBPUlE3RGprRVYzaXlhNU9CU1ltanc5Q2RHajJTbG5nWk4tVmpiUUhYWThVcmozVTBGWVFwelpFN2ZDQVA3YmFZcnl3VXdHc1NMc0FNVmEtc3pWclN3eE5FUkdXdkZTd1dkbzl1N0JIOU9xME8zcEpPamRXeTlzMUJiZ2c4UzI0NkVXVzI5eGtPUlhINE9xOEhVSVhNR2FrVFVYY1ptSzFUTnNHV0lVUnVtOFRlUEdoY1g0X2pnS0tVX3NrNEZvZlhZUEE?oc=5,"Thu, 24 Sep 2026 19:34:06 GMT",2026-09-24 19:34:06+00:00
The Fed Is the Last Major Agency to Lay Down Stablecoin Rules. That Closes the Supervisory Gap – and Starts the Clock. - Yahoo Finance,https://news.google.com/rss/articles/CBMilAFBVV95cUxNTy1aZFF2MzBpLVVwelMtMXJCc21jMWpZTTF3UDh1Q1hjUjJLU0xkc0s1dzRmZ1pfMldZWWlaaUJzUThfUUVQbGs1NktFU2JtbS1NTTNZM2dYRk5FSGlrbVJtXzV1Zmw1QWRia0h2R3o4cWJlOS1ROXhHU1hqSjh3aFJscFF0NTdpZXVyMTd4MXQwNFZ3?oc=5,"Thu, 24 Sep 2026 19:34:06 GMT",2026-09-24 19:34:06+00:00
Fed Proposes New Framework For Bank-Issued Stablecoins - CU Today,https://news.google.com/rss/articles/CBMilgFBVV95cUxOUWVVM1p6OG1naHIwT29LZzJueHpJRFcxbDcxajc1cWtYV1F5VmdodWY1dk5fLUhFMVdDVFRVSXcxY2U0QmtWa2w3bDY1Zkl6Tm1GcHZZUGkteUxQTHcyajFwYXNEVjFoWWV0MXpMbWFERXdPMmZBZlVqdkFERVVUWVpkVldmRHhGS3JaZmNLNXYxV3pSVlE?oc=5,"Thu, 24 Sep 2026 19:33:07 GMT",2026-09-24 19:33:07+00:00
US Federal Reserve proposes new stablecoin rules - 104.1 WIKY,https://news.google.com/rss/articles/CBMigwFBVV95cUxQQmp0WVo0dTZpdlVicUFEejFVSndtRnNEdmZBXzdkVjhDbnR2am5xTnMtNHM3c0JHckh2eUc2Z2VGNVdrVENJc3F0R00zd3B4WjlQVWtIMW9DanhoaGlsQ1pUTUczSlVRamRteHFNOTR0QkJNc2NrLXVPY0VTdWMwQjlFVQ?oc=5,"Thu, 24 Sep 2026 19:32:38 GMT",2026-09-24 19:32:38+00:00
Fed Unveils More Stablecoin Plans As Regulators Embrace Crypto - Bloomberg.com,https://news.google.com/rss/articles/CBMiswFBVV95cUxPbWRNa2VXUVQ1UUFOSHlnM3VoVFJGaVB6eFVWdmVNNklWcEh6WEd5amxLdk15emhFU2FEVS1sY0xtS3dEcGszTF9STHljMVJvWTl2dGh3eVBLNXJlajg5X1p2QjQ3UUhzRnpxUE1RaENGMmRfMVhuVFhSWVpHVTZ2NUlhU1A2Ukp6VEZBUTNlbEc5TnFwYzJIM2lQRkpyZTFtemtUUlN5ZUZ1OUdyS3FRWmZ4SQ?oc=5,"Thu, 24 Sep 2026 19:01:46 GMT",2026-09-24 19:01:46+00:00
Fed Unveils More Stablecoin Plans as Regulators Embrace Crypto - Yahoo Finance,https://news.google.com/rss/articles/CBMinwFBVV95cUxQamNwTjMweG1naTVHM3RhZUVWM0g5RTdfaHk2NlBiZ2c1SU8xNUVORzNrQXpxUHdUcDdYMjNaN1FtT0hnQnJaSjdqaW5fcndqbWpLVFUyQkx1b0pYaWxfNFR2dTU3aldvYlRrd2w3MU9PVnhaSVpmWDkzZnFwUzZIbjk1cGR2NmJXRVN2c0NWRlRvSVhKUmFleDFZOU1kRFk?oc=5,"Thu, 24 Sep 2026 19:01:46 GMT",2026-09-24 19:01:46+00:00
Fed Unveils More Stablecoin Plans as Regulators Embrace Crypto - uk.finance.yahoo.com,https://news.google.com/rss/articles/CBMiigFBVV95cUxPWkFCd29xZzhTQkxlVUFEdVBEN1pHc2lucEdUY0lnTVZFV2duUW1fbE9uZGxGdG9BV01YS3JhVEVJUTkxc0puemUwNlZTZjlPUzBQX3NHSXFmY2tjWFVpYk9Hb0ZiVTM2UjliSE5BZTIyaXZlRl94bFpCYTRuRlJJZXNVSTlyblozN0E?oc=5,"Thu, 24 Sep 2026 19:01:46 GMT",2026-09-24 19:01:46+00:00
AFC Urges FDIC to Adopt Risk-Based AML Rules for Stablecoin Issuers - The Fintech Times,https://news.google.com/rss/articles/CBMinAFBVV95cUxQekRSNzlHeWowVTFITVVIZGN2cDlaZUtfMzFRdGEtQkttd3ExSWE4QW5vamQ5YndfMXVCeXdUMGxzTGIzeUljanVQT0tJNUlwSTNDUVA5NDRQRTRkNnFfZy1SSXN5ZDFmaUJnY3hPTGk1cmhYOXB6Z0Q1TWM1VFpJbDhxeXlYcWxQbk9CYzU1WHJfQlkxUUw4QkJrZnE?oc=5,"Thu, 24 Sep 2026 18:00:50 GMT",2026-09-24 18:00:50+00:00
US stablecoin plan: overseas joint ventures to extend dollar's reach - Altcoin Buzz,https://news.google.com/rss/articles/CBMijwFBVV95cUxQSkhldWdJNzhzczlOLWJxVVFWQ3VFOVNyZUJoVlhjLWtlY3p6V2xSeEQzbXphYnhoX3p0RGM2ZFB6R1k3SWhVZEpqckhTa2s3YXcwU0tDdGp6OG1fNHZlR3Z4SGdRbXRPQjdubWo4NGN4QmIwel9KS3daUlBiNlZ4UFdEeDRYbG9DcVl2T0tTSQ?oc=5,"Thu, 24 Sep 2026 16:42:53 GMT",2026-09-24 16:42:53+00:00
U.S. Eyes Global Stablecoin Push to Unlock New Treasury Demand - Bitcoin Foundation,https://news.google.com/rss/articles/CBMirgFBVV95cUxQc2szNld4azVBSndVTE1QZHlzRk50N3R0em9UZlBSLWczUC1nbVZJWk85ZEQzOVl6NmtHZmQ4R2gxbk1OWVJLbDlUeGFuX0k3VlVLX0phQUdTcElUc3lidGdYalhlNkw2SE1JSVYwM2hEMS0tbWdsME02WGNWNUxFSXFybEphcWVqSHVTMjVDclRhQlhrNDVrT3F3aHg2c2V2R2MtZTByRFdKbnJNZWc?oc=5,"Thu, 24 Sep 2026 16:17:17 GMT",2026-09-24 16:17:17+00:00
US Weighs Initiative to Promote Dollar Stablecoins Abroad - Bloomberg.com,https://news.google.com/rss/articles/CBMitAFBVV95cUxQOHFZX0dvRUs2b2Z6d1paWUxNTGN4TWNQQWZXWnNENzV5NHVJRUw1TEdKa0dqaG1tdUZ4UF96YmpMM2VsR0RyZlBEbDQ3UEsxU0Rlc3JwNUtaQW9xYlZFWDZhaEpHS2pzakZ1MzZ0R1oySlBRVFNpb2pfWU5PbmVTbnJUQW9RdldUYUd0MUxCeHlOYzhqTHBYeTZCOEhCTDZ3SkVURnpiT0lOeHNPXzhvR202bmc?oc=5,"Thu, 24 Sep 2026 16:10:25 GMT",2026-09-24 16:10:25+00:00
European stablecoin issuer Qivalis sees transformation of global trade finance - CoinDesk,https://news.google.com/rss/articles/CBMiwAFBVV95cUxOUHJrR200Ul9NWFc2MmtWNFBYbkVmdHVCZHdVMXN0d1lDaG1HVGhKVnNqV0VnUHhPbVRNeWVaLVBMeVJQR0NJOEs3cHRmUDhCT2ZoNEVUejItNUxLWXJ3TmJZdUZrSHZ2NTZPZG5XeVlLZk1VaEhOeDNqVW9yR08xT3ZzZ21DcWMwcEp3UjZJNDRtYWZCLTBzWGlyYXhKQ29fNzdTREtzNHh2MldvN3JvaFZEaW5vWGcwZi1KNlFBRXQ?oc=5,"Thu, 24 Sep 2026 14:41:05 GMT",2026-09-24 14:41:05+00:00
"SoFi Built a Bank, a Card Program, and a Stablecoin, but the Stock Struggles to Budge - Yahoo Finance",https://news.google.com/rss/articles/CBMimAFBVV95cUxNR2llemo1UUxkX3ZmQzJzOFp6cnZVbVBoUU13dnBDN2hNRGtPMjExNkVXck44YU13cVJYUGt2a0J4X3N4MHBwQk1sTWFFWENndnp1M0wwRTlMU0FPN2dzaUp0bVVpT3FHV3VRUHVPMl9WN05QU2E4cTlaU0gwbWxJd3RQRE9KbkZ1ai1NREZVdjdNamdTOVFGZQ?oc=5,"Thu, 24 Sep 2026 14:35:25 GMT",2026-09-24 14:35:25+00:00
"SoFi Built a Bank, a Card Program, and a Stablecoin, but the Stock Struggles to Budge - 24/7 Wall St.",https://news.google.com/rss/articles/CBMixAFBVV95cUxNMFhVbzJnanhYUkZmcWp5OTJ6X0ZadDBDQlN2aVU0Wm1rU3owVGlDMVdJSzJUWk9BMGNEU3lxcDlZSjJhUnVDWl9mbzBkbU4tRFRFazdBZzViNnJmWHllTFlSdmREV2xiYjBpR3pMRktZSndENzNnV3d0ejEwZmNIeEtLck1fcXZ4QmwxRHBYRm9TRzVFRUlZZ1NaQ2VBeWdyTWlDZ2E2STgtNWJKSTR0bU1yaUphTnpzX3dVd3dydjBGSF9j?oc=5,"Thu, 24 Sep 2026 14:35:00 GMT",2026-09-24 14:35:00+00:00
Stablecoin payments startup Hifi raises $37M - Dealroom.co,https://news.google.com/rss/articles/CBMigwFBVV95cUxNcUtZSkxpSXFxY3hHQU4wV2xPQ19PaUQ5NjlrcHhjNTRfZ0RpVEhodF81LTZ4SHBkbnZDaDNseUdpYzVFSktySGtzVkQ1N0dPXzZiYk1jSjg4VzE0anRrNVpIaUtWUlliWGlwY3VRQlpOa1E2RUtrajV5cnFHUFZvVFlubw?oc=5,"Thu, 24 Sep 2026 13:05:33 GMT",2026-09-24 13:05:33+00:00
ACU: CUs Face Deadline To Weigh In On GENIUS Act Stablecoin Proposal - CU Today,https://news.google.com/rss/articles/CBMipwFBVV95cUxOSWRaLW5MeHplQ05CZjdyRDl1SHBXVXk4eXg0c0cxWFNyczd6Z2pQVF9ObU5BZUVWMm5ZbFAwWHRCWDJwOF9Yd3NOVFpVQ2JxRkF1NEVsVVdnNWFxMnZNeWR0NlhwZVpwTGlPTlhfckV3aTk0QnEwUVhmUkJlcmR3cXF3Um1ZMmZWdXdsSzBTWXZROWtxS1pXY09hT09BQ3FKWTEzVjBSaw?oc=5,"Thu, 24 Sep 2026 12:23:05 GMT",2026-09-24 12:23:05+00:00
Why humanitarians see potential in stablecoin crypto - The New Humanitarian,https://news.google.com/rss/articles/CBMirAFBVV95cUxPUF9FUjRqbEVpcGh3aXByY2tEb1BTdDlmTTFmRnZUbndyejlCbXFfSGdTeVZpZDA2VE1pZnlYLXBwQWhFNXRCcnFSbWtpM2YxS3l1Y296S1NXbTI5bDJlOGVqZ3JyT3V6T0I0VDdlSG5ZZWVLTXhBTXNSYkF1ZjFWbEpwMFphUzdOc3M1VTZTLVV1UnI3R0dzUk9qYWt5Z0dHVkg3VTVXRnRLd3dS?oc=5,"Thu, 24 Sep 2026 11:57:34 GMT",2026-09-24 11:57:34+00:00
The Stablecoin Monetization Gap: How Issuers Make Money When They Can’t Pay Interest - forkast.news,https://news.google.com/rss/articles/CBMipwFBVV95cUxNVzcwQWtEdnFUNFBJOHhlVVdzRnlLNEU1Vzl0cnFaZ3AwTjlHWm1ueENNcTVHY1BSRGJDR3UyOWlEbFVtMG5jTHhCd01rTDl5OE51a1FGOFZIWFlUOVN5THRHTVZSN3NlbDYxdXExcVJ3S0FwSFZLMmhKbHNXUmZHT0lEcGlrY0R2Zlp4T2hnX0Z4RWRGWDZocTcyVFUtdUgwVXh1TjEySQ?oc=5,"Thu, 24 Sep 2026 11:42:14 GMT",2026-09-24 11:42:14+00:00
Exclusive: Stablecoin payments startup Hifi raises $37M - Axios,https://news.google.com/rss/articles/CBMikAFBVV95cUxPWlVCODYxajVUOFVHME40bnhJM3ZZSjVhWWxGY21fT3hoa0xsZHRwUU5NXzJOeEhGSzU0X05PU1JLbGZ2dVlBWk9Za2NyTk1CQ2Vzc1VNcWFybkdzbXhLTklhd2stNUp0V1llZ0xSdHhrRWJCZ1c0cXJMdTdFUFRZamRxRlNrcXRHU3hqaEFiVTM?oc=5,"Thu, 24 Sep 2026 11:06:42 GMT",2026-09-24 11:06:42+00:00
"Stablecoin growth hinges on education, trust and agentic rails - CoinGeek",https://news.google.com/rss/articles/CBMiiwFBVV95cUxQSGIyU3BuLUc3eFVIbzJRU0tROGNPQ3JwOFlBUXFwemwyTHQ2TktCUnJqQWIyMklEWUVYWkc2NTdaVjlBcjdMV0RjOGxnY2JUcF9MLUN1azdIZEpNMTV6WHRqM0tVZU50dDY1cFczc3ZVQ3I0WkxzdklEN252Q2RLZGhLcEhXd3RFbVBn?oc=5,"Thu, 24 Sep 2026 11:00:00 GMT",2026-09-24 11:00:00+00:00
Kredete acquires agentic stablecoin infrastructure platform Gravv - FinTech Futures,https://news.google.com/rss/articles/CBMiaEFVX3lxTE1rZWQ2NlRiRVoxUFNGSEJnTHROa0V0c2JPbWEzRzB0V1BTN0EySl94dGY3UG01Sm1yVEVmZEJ2ckItSUxDZDlJVjQxZHJ2cUhqRjJneFBrUmdscVBQWEFLMk9ocE1VYldj?oc=5,"Thu, 24 Sep 2026 10:58:36 GMT",2026-09-24 10:58:36+00:00
Governor Ulrik Nødgaard’s presentation at Nordic Fintech Week 2026: Stablecoins from a central bank perspective - Danmarks Nationalbank,https://news.google.com/rss/articles/CBMiqwJBVV95cUxOWXhCbXd4SmQtQzJzTzkwN3Foa3lTbkxiMEQzVDFLRjVhT3UwRzktZEJIR1N0d3B3d0dZM1c1NEtMX0RpX1J4Z1hCUzZ2MnFvOFc2OVZSbHRCU04tVmN5d1ljOVBBYkxGcGVpSlVSOEs3NGtwazZibXVqcUVTc3I4VnlYNDB1ZVFESUdkalNhcnVVa09XMzFDeTFyUUFlQ3ZFRU5XMkJtdkt0QVdseW9zS2NCZXktTHBGbWdRTDYzVWJhNUZRcFJCTlp6R24taTlpQjR2MHlLcUFoWTJfNE55TEdsYkZ6aVNFdFEtSmlLeDd2a2U4TkhXck1wd01JR1Z5R2tvbmxBdG9qSExFaGdGSVJqbkE0Z3MtZlRBdmxJeWFlbXJaMEVQMWtKZw?oc=5,"Thu, 24 Sep 2026 07:02:13 GMT",2026-09-24 07:02:13+00:00
"New cryptoasset regulations: stablecoins, intermediaries and financial promotions - Lexology",https://news.google.com/rss/articles/CBMiiwFBVV95cUxQQmxuZ3FHZl9FT0pBS1ZwNmliNnJ4X1ExNVE4N21KcDVETkxYam9vWG9qaGJLOGV3YTRUdlRzVVZjY2tYM24wV0V3czh2QXRpeHROcVBUc0d1ckk4eG1TNVZ5WFFoYmx6YlhSSGVSaUZoS1lVNEc4UGpMUktjaFJSdTh5R1Q2TU1pNno0?oc=5,"Thu, 24 Sep 2026 07:00:00 GMT",2026-09-24 07:00:00+00:00
Visa teams up with Reap for stablecoin card programs - FutureCFO,https://news.google.com/rss/articles/CBMigAFBVV95cUxPelVRREFJUTZjdEhPb0xhMks3RDBxZGtLUjVtVU9TVEs4QTFLRHhQclNCU09SWUdJQmcwREpES3JDc181bGVNMDFyQmQ1aHYwUWNlZjBFd2ZDSVNTUDRtNWpmVjBlT1VRcHJITkFWZmRjRkZxM25JZXMwbFl0cF90Zg?oc=5,"Thu, 24 Sep 2026 07:00:00 GMT",2026-09-24 07:00:00+00:00
Stablecoin Settlement Might Change The Case For Investing In Mastercard (MA) - simplywall.st,https://news.google.com/rss/articles/CBMi2wFBVV95cUxQcGZsN3ZhclRxRDB0NlZfM250NEJrY0E0VUJLRzFGSkNyajg1dzdaVlZUdVBycXdrWFMxVFVoaDFSUG1fUzloa1pNMks2aDlSYlJLNF8yYzNKMlRpVjUzenBMVFloYlJIaFRvT1N6R3BJdzJXcl96bXBxSm1jSE8xRHdhN0Z4ZUJ5X3hJRzhXU3pXSENOMV92WFF4cS12N0dpdFEya09aX29td3RkQkllYVV2UTJFN3pJcGV4c3RpQklBdmp4TDVqUnJ4bnRZRFpwRU04X2M3VWN2Sk3SAdsBQVVfeXFMUHBmbDd2YXJUcUQwdDZWXzNudDRCa2NBNFVCS0cxRkpDcmo4NXc3WlZWVHVQcnF3a1hTMVRVaGgxUlBtX1M5aGtaTTJLNmg5UmJSSzRfMmMzSjJUaVY1M3pwTFRZaGJSSGhUb09TekdwSXcyV3Jfem1wcUptY0hPMUR3YTdGeGVCeV94SUc4V1N6V0hDTjFfdlhReHEtdjdHaXRRMmtPWl9vbXd0ZEJJZWFVdlEyRTd6SXBleHN0aUJJQXZqeEw1alJyeG50WURacEVNOF9jN1VjdkpN?oc=5,"Thu, 24 Sep 2026 06:35:18 GMT",2026-09-24 06:35:18+00:00
Stablecoin Settlement Might Change The Case For Investing In Mastercard (MA) - simplywall.st,https://news.google.com/rss/articles/CBMi1gFBVV95cUxQTVdvQTNxWkM2azlHaXYzbVAzU25WYk5Bdnc3ZlhFRlpaQ1dxMFI5QnVZTGUtQXQwU250RW9zTnZWVHpUTlFMQTNwVk8wd0pMelIycmxQOUllZUY0RGFGMWJfRlFjVTZ3Nzk0RnFYNHFvSGhPcF9iVmxiWi13TEQ1bjhjMTJ6ZEpFaTAzaEhtX1RXZXV3U3hDRU5HVnBIOFpzOXBjeEhFdHA0bFI5TzhuQ1F4elRuRnNsMVd3eFZVTC1wOHRtUFRMWHhLU0YxQ0F1ZFQ4Y1RB0gHbAUFVX3lxTFBwZmw3dmFyVHFEMHQ2Vl8zbnQ0QmtjQTRVQktHMUZKQ3JqODV3N1pWVlR1UHJxd2tYUzFUVWhoMVJQbV9TOWhrWk0ySzZoOVJiUks0XzJjM0oyVGlWNTN6cExUWWhiUkhoVG9PU3pHcEl3MldyX3ptcHFKbWNITzFEd2E3RnhlQnlfeElHOFdTeldIQ04xX3ZYUXhxLXY3R2l0UTJrT1pfb213dGRCSWVhVXZRMkU3eklwZXhzdGlCSUF2anhMNWpScnhudFlEWnBFTThfYzdVY3ZKTQ?oc=5,"Thu, 24 Sep 2026 06:35:17 GMT",2026-09-24 06:35:17+00:00
Trump administration weighs a global stablecoin plan to cement dollar's dominance - CoinDesk,https://news.google.com/rss/articles/CBMiwwFBVV95cUxQS3JPclZ5b0RzaEliWFhFN2N6MjFkeEhjSFE1Ml9UbTJKbzdZa3NUMURsZlE5V2dKQnVDSVE4ZE9vTHFOdmoxTUJQcnZ6V3R1QkNKSHZUS1VldlUtWHhDYkpWSEZ3NExKNGNvcWpJYUZrQ3JlaEI0TXVwYWJLd3VBQzd3aWR0SmstMFhySzhVVlMzanUzTmdUMXJjcFVuejdteTl3Q2I4YWhsWEpYQU9fTEpfOHcySkRDbURFY3MxbkJFMFU?oc=5,"Thu, 24 Sep 2026 06:33:23 GMT",2026-09-24 06:33:23+00:00
"Stablecoin inflows to Binance remain robust, and stablecoin inflows to Coinbase are rebounding. - CryptoQuant",https://news.google.com/rss/articles/CBMi4gFBVV95cUxORFBvZWRMcXctdzdkLWFVVnRPWGJqc3RVbk9GamxoWFpHdEtLd3UxUERiOFBZSm45TmRuU0JhNm1sQ3F1emhuSkdlN0phbEZqd1R5TDZBUkVzc1daRV9HWW96alN4ZUhKQW94ejlWTFZHbUtvTWsxUlpIdXZQN1FQU0tDaEFvNDVYZE5ybGFHc1pYSVBLUzBWT0dNLUpsR3FCNmt6OE4wS3dHWnN6UmRVQjNsQXhkSXdXQUlhZFRGTkdHOXJNbHJSNTNHYlppNXJJdlNobWgySGZYTXYxRWd0Mktn?oc=5,"Thu, 24 Sep 2026 06:24:28 GMT",2026-09-24 06:24:28+00:00
U.S. weighs overseas stablecoin push for Treasury demand - Crypto News,https://news.google.com/rss/articles/CBMiggFBVV95cUxOVjdWZ0RIYkVWaDl5YmQ1Q2ZhS2FyNUhZMGpqQzFFVUFqSHcyZ0lpNjQ1Sm4tZXVIOE1qOHhSSlZHZnpnZ2ZsWi1ZOEkyaXhMMFVYRkRhbFU5ckVOTENiTU9uNEktdnBSZkdsY05la0JxQVNxa2RIWWpJV0ZNcEMwMThB?oc=5,"Thu, 24 Sep 2026 04:40:00 GMT",2026-09-24 04:40:00+00:00
FDIC Insurance Still Matters Even When Stablecoins Are Fully Backed. Here’s Why - The Financial Brand,https://news.google.com/rss/articles/CBMi0AFBVV95cUxQM1l0T0x6ZHRndmVKZUwzamRpc3UyYTBuWURfWlpUZEtlOG1rMXkxMzczVTVYbUxnNzMweHJIVnRWNmlWSzhLalZrODZLcTRwNnBjVzBFWnNoRWR2MEtHaGRZLXJCR2o0VkJRNW9vWUdJdXhXaTVtckprM2ZiMEp6N2FuRy1aaVExWWNQRXBud0hIQnNTNHhMcElDcjJaYU9MTG1KZklUOENaRjZLVno4cmFBZUt5WmZqWEd2Q3N1aXVIX0Fnb1FSa1cwQk5LRElC?oc=5,"Thu, 24 Sep 2026 04:22:50 GMT",2026-09-24 04:22:50+00:00
Banks risk losing $230 billion in payments revenue as stablecoins and tokenized deposits go mainstream - Yahoo Finance,https://news.google.com/rss/articles/CBMimgFBVV95cUxPZ2lMVXVPbkw0SXdsREl3YnlKczNQQjFud3VSR1RfTnUwQ3pRWnhQbXRDYVJ1dG5XX3ZqTEgzTWlHVnUyckhDWWdhZ29XM19vbE5sMTc1dHNSTzZSbHBocEZVUGF4R21TNFVVSXhySTItVXR1dGNRXy00alhMMldLTmZYOFVfeWZIQlFPSEZKNzE4THN3RzNNOE5R?oc=5,"Thu, 24 Sep 2026 04:00:00 GMT",2026-09-24 04:00:00+00:00
Trump Administration Weighs Overseas Stablecoin Push: Report - The Defiant,https://news.google.com/rss/articles/CBMiowFBVV95cUxNN0g1V2QwTlpQOEU2T0o3RzFWSU1nb2pRcGxOTzlGUEEtQzhmdEdtSnkxU3lra2pHZWhhaEVFY1FHRkU2dXlEMXlFOGdVZTJFZEY4cmpocFVKWHBfUWx3blF3bVdMdmw2akhDZE5sc2U3elBNT0drb1JzZkVOZ0NxaGpJSlltblJvYzQ3MFI5R0o1RUNTMVRvbVdUNVd6NTlPYUc4?oc=5,"Thu, 24 Sep 2026 02:59:23 GMT",2026-09-24 02:59:23+00:00
Cloudflare Exec Says Ethereum's Original Sharding Plan Could Work for Stablecoin Payments - unchainedcrypto.com,https://news.google.com/rss/articles/CBMiuAFBVV95cUxQdzBQb2hjSmQxbGlWWGw5ZUNZQVlzR3hsTURkV0lkQlpCTUZEZWlQSEJ3cXk1MjZMaEQ3LWpPYnhmSWhzLUpxdTRvcTZDUklkX3RUSHd4Q2VOVS1ibjNXOXJIY0pqeFUwb1FyZDJ5R2lJZUVrb1dZaTJ2ODhjSUVLTnVQTWlYMWlINkVzeWtFSWt6Rm5UU2RoLWFpbWJRT3gyLVlOUENESUhFdmhiVzdpQ21Td2JHQnJT?oc=5,"Thu, 24 Sep 2026 00:01:12 GMT",2026-09-24 00:01:12+00:00
Practical Confidential Stablecoins: An Issuer-Controlled Architecture - Stellar,https://news.google.com/rss/articles/CBMipwFBVV95cUxPM2NEZWg4c3BHM25kZTFkRTEtWHFlSlJJLVBNaWhXUjlIdEdidlFNekMyUTRkbVA4UmZKZktnNS1QdnlkUnNWcGR4S0pNWDZseVhHWHlxcFljYUNtUlkzZEdLcFBQbnhITVVsNTNFbUVDM20xUFpNeHdBdWNPUmNlOE9tQnQ0VUVnUGt3N2JoYk40QWJPVXBWdm9aOFFHU3puUW83ckJZQQ?oc=5,"Thu, 24 Sep 2026 00:00:00 GMT",2026-09-24 00:00:00+00:00
SoFi Becomes First U.S. National Bank To Settle Card Payments With Stablecoin - CU Today,https://news.google.com/rss/articles/CBMitAFBVV95cUxQREhiQmFuMk1fZmRXODRYd1lCWG5zMHRlVHhyeTRrTngyZ2NMQ3dMZnV1S2hkWFZMV0VQRWhhSkRJcHFpYzQtZ1BQNXMzQU5FeE1vZDNoNGdtRlpBRHhfTE9wcEpGRlZqMWhzN0lIc0gxbHU5LTZualZDZk9SclliT3A2cTNuUnJwMTRjZktVdE9YSEdnOHQwdGRJdUFKQ09JSFhvRjRRRW9hVy1YelBzbWh4eWM?oc=5,"Wed, 23 Sep 2026 23:21:52 GMT",2026-09-23 23:21:52+00:00
US Weighs Initiative to Promote Dollar-Backed Stablecoin Abroad - Yahoo Finance,https://news.google.com/rss/articles/CBMipwFBVV95cUxOWnRXM05obDNEYVp0NVhHY1RYNUtGeWVIU1FQSGtpUWlSVVp6dHNvbVF1d3pSdlNOaF9LMHY2SlNyTUxqUFI5YU9EVVBMaXRBcXNjdXZhRk1QanEtZDI4dXFOYXk1MzdFMVYxMnBaZXp1NDNRR0ZONEg0MXB1eE5fTXBOd1ZzcmpmQXdab015SV9CZ3hZSndqWS1idGYta2o5RTBmQlEzTQ?oc=5,"Wed, 23 Sep 2026 22:15:54 GMT",2026-09-23 22:15:54+00:00
US Weighs Initiative to Promote Dollar-Backed Stablecoin Abroad - Yahoo! Finance Canada,https://news.google.com/rss/articles/CBMijAFBVV95cUxOOEtuZ0piOUIzN2d1RGh4SVV4c1BEYWlNTlVXbGxkdW1DbTNPcnc1RXNVM3pETVJvYlotcnpDQWdWUFZqelRWQWxNZEZ5LWdjYjRKMmdrelpXUGMwaDBoV183SVFZa214bVRWWHkxcFFySTF4Z2hUQ2tVT1ZhamtaUUc3Uk1YSWZGYWV1Ug?oc=5,"Wed, 23 Sep 2026 22:15:54 GMT",2026-09-23 22:15:54+00:00
Is Visa (V) Trading At A Discount As Stablecoin Scale Grows? - Yahoo Finance,https://news.google.com/rss/articles/CBMioAFBVV95cUxQWHVNLVJJUE9pTUVSZzZaTVVBRWIyT2UzbjI1bVBUcUxkb1dlaGZmdVBRUUl5WU5raDdsaWFPREFCd05zTjhsdFBxNVhwRm9pZmtCXzhyMTAtRllwcmRUX2VJeDl2Y3p0VEd2SFk1S0tENUt0NzA5MGx6OGl5ZTdOSFZONTRDVElDVXlweGRNUkxUZGhBT1EwWFBudFEyM3Fp?oc=5,"Wed, 23 Sep 2026 22:14:16 GMT",2026-09-23 22:14:16+00:00
SoFi Bets $25 Billion on Putting Stablecoins Behind the Card Swipe - PYMNTS.com,https://news.google.com/rss/articles/CBMirwFBVV95cUxNdTR1MUV6dXlvZVFpNE5TWUc1bURYUmxUbGxPOVNoODVHX0NWUldoejNaZkE1VTlobEtpZlhGb2dKUWZGbTJPVUpadl8yWDZZNURuYkkwbXNLMGFCRHYwTFdVWDBXTDlUdDZQVDhkelN0RTlqQ0tDMHJ0WTU5ZHBGZHcwRGFfMkxfclBrZDM4WUlLcXNTQkJnbkdFM1NLRjJfdUh5MXZIMjhpbnhGX2VB?oc=5,"Wed, 23 Sep 2026 20:50:48 GMT",2026-09-23 20:50:48+00:00
Visa Survey Finds US Stablecoin Adoption Intention Jumps From 36% To 56% With Bank Protections - NewsCord,https://news.google.com/rss/articles/CBMi6gFBVV95cUxPY2JHZzB3elM2LWN4SkljQ0t6cHlIMXdFTk9UM3lCckEydnViNHFFZkpuUzBUTjN0WFNqQjNLdWU3NnptNmhEZkZ1VGlrUzZ4RDhkXzNOT2RpYkVwRnpGc2RQUW1LUHRqT1p2dm9oSlJpaVRBRmJRcU92NG03d1BGbEUzd2w2aU1WdDVYMWYteXF2bGNXZEs4Qnd0N1RTOWtITkxUNGJyYVNtTjVnRDFHcU0zTjJmazdzUlczUU5VWTFkdmlYSUV3LW9mUVVIbkxldE9xeTEwRFlWZXVGV0JVbWt2bHkxT0ZqV3c?oc=5,"Wed, 23 Sep 2026 20:32:21 GMT",2026-09-23 20:32:21+00:00
Why stablecoin payments are moving into everyday digital commerce - The Coast News,https://news.google.com/rss/articles/CBMilgFBVV95cUxPTUNzN2YxeEoxTnNCMzVkeGNUUFV2ZkdFZFp4NEpVdl9UQVFZUENSWmRHckkydEFpb1B2Q1FyVFNab0ZOdXo4MXpDYndkWXdyeV92U3JsUnpTeXJKbXpadUtBUnh5VjJDQnV2Qk9aZHY2V3B6bTB5QjB0VHc0YTNOdk0ybjRaZDFzYjA0cFY2bWxia2xXckE?oc=5,"Wed, 23 Sep 2026 19:16:17 GMT",2026-09-23 19:16:17+00:00
Visa Edges Up Nearly 0.3% as Stablecoin Cards Reach 100-Plus Markets - uk.finance.yahoo.com,https://news.google.com/rss/articles/CBMiekFVX3lxTFBmWWtzSHg1eUt4OFlvbFZFNHMtMWNhUm1lZnc3c3NFU3ZMWHlLRE82eWx2QzBBczhLQjJySDFkU3NBTlBCQ2NSQUdBalBoYmhHdXhSaDFrZXlQbktDeC1ZOU9meGFtWkRvbGlYdmVPaTl6a3pmYkNpdzVn?oc=5,"Wed, 23 Sep 2026 19:13:13 GMT",2026-09-23 19:13:13+00:00
Visa Edges Up Nearly 0.3% as Stablecoin Cards Reach 100-Plus Markets - finance.yahoo.com,https://news.google.com/rss/articles/CBMijwFBVV95cUxOMUFMemloRUROQ0RGajFHZ3ZHTFhLSXVrMG1HMTFqVWw4RC1RSFZKNFVsQXJaY0tGUnNjWTljblU4TTJfNGVkTHEwTUF2cnBld29mamh0VkUyeFNFNkc3Nmw1Zlo3RDhUUmRvcEZfdW5semE0MnoyamtmN3BaVVJoZ09ocldjbHZrUFN1bDNVSQ?oc=5,"Wed, 23 Sep 2026 19:13:13 GMT",2026-09-23 19:13:13+00:00
US stablecoin adoption could surge with bank-like protections: Visa survey - TradingView,https://news.google.com/rss/articles/CBMi0wFBVV95cUxOSEdJczZELTFqaGt4TjhMVE5tYVA1Ul8yQWRnUDFfcWFLeV9rUVk4Tm9SUkhMdXE1a1lfV3VCemFsWXhVb0tsVVNtYW5oZ2lmX2M5SWdoZmxoUVVUaVVUQkh0U0RjR2d6MWV5VWhzay02Vk93aUdaZF95TFRuSGpyVWpabEJpRUtqNjR4bW1LX3czRnk5d1BQeUtDR0JudnFNVHVwQXpUM2tWbjlxZnpTemhKcW9UOGRaMFNiN3FWd041ZDNacnZJNEMwa1dMeWl2TlBJ?oc=5,"Wed, 23 Sep 2026 18:17:48 GMT",2026-09-23 18:17:48+00:00
SoFi and Mastercard's new stablecoin partnership is a big deal. Here's why. - Yahoo Finance,https://news.google.com/rss/articles/CBMilAFBVV95cUxNcWRFdlZhTVRLOWVOcDJPOWlJSkwwVmVzU3BOblZFUUg3c3RTd01KMnd2OUpRZFpkT3NNcHZhZnNDdXVKd1g5bGFldUw5TXAyajBxWWF6SnYyaHhlTDZZMnZJZW1ldDR0X2d0OXh5a0F1NW8xcERvNmRoT2lkaFlaeE1UX295RW9jYURwbi1ldTFDdkd0?oc=5,"Wed, 23 Sep 2026 17:00:00 GMT",2026-09-23 17:00:00+00:00
Stablecoin interest hits 56% in Visa survey when 'bank-level' is hypothetical - Altcoin Buzz,https://news.google.com/rss/articles/CBMioAFBVV95cUxOUUZYYnRObW0zTTJfQjNFMXRkcm1rWmZBUEo2TDNxdzdrU1JJVzR5algxM3ZxSXEtejJJRG85bkY0SDNaVUItcHd0TTFVRFB6aDM1MGdWdTc5cjd4RWdQdE5XUlp0SFVPYkpjM3NWZncyT2RXVW45ZFJQQkhiUE5UeElva0NEczhGUnJTaUdKUDB2SzRpcTltMHpnYU5mY2V0?oc=5,"Wed, 23 Sep 2026 16:49:13 GMT",2026-09-23 16:49:13+00:00
Here's How Mastercard's SoFi Deal Expands Its Stablecoin Opportunity - The Globe and Mail,https://news.google.com/rss/articles/CBMi4gFBVV95cUxPWVJiZk02R1h0ZXRzSXFLRlNKZ05MbkU3MUxjcjhEam1FRUdkcTk4aWdoR3R0a2tTbEpYa05ObS1vRVZCeDZBSGVwdTZpTWdZQXVQdzZMdjd0SDJoSFJOZTRTeFF5RGwzcnoxa282RV9iMVdQZ3BqRjFoV2xmdXdhSE91enVmOXlucUxEaXU3c2NUN244bnl0QXotTzdXSEVxQzZmajVVNTVTbkdvMVRocGVzRXNycEZyN2N5WmpCeGZiUGJWNkNEVkp5SjU5a1ZadHdUZ2ZOOHZwV0dvSFYtUzNR?oc=5,"Wed, 23 Sep 2026 16:44:55 GMT",2026-09-23 16:44:55+00:00
"Kredete acquires Gravv, a stablecoin rail processing $3B a year - app.dealroom.co",https://news.google.com/rss/articles/CBMimwFBVV95cUxOc29hNHJ3NjBtblhTV0RMc0prLXhOQ1dVS0tvOVN6NU1JSEo2dTlJb3I5MExoZ3lORDg0SU5aOUdtQ2VvVGozSk13bGFWcXBhREE2U2lWYzRsZlN0Y0x2QWJiLU1OZF9Mck9vYms0RnhaUjZ2T0lvQUg1Y0xDUjlRTTFadGJwZmVSYzJvR2RJVVpwWTByd05WUU9Hdw?oc=5,"Wed, 23 Sep 2026 16:30:53 GMT",2026-09-23 16:30:53+00:00
Circle backs Brazilian stablecoin startup BlindPay in $3.3M round - Dealroom,https://news.google.com/rss/articles/CBMinwFBVV95cUxPZ1RfR2dkcEU0WlVoN3A1Z1dPd2NGdWxudlRYVThzT0luUmFlMzFOSG45eHBjSWhsVHVGZWZhYWUyN19RMldYUmlKYi1Ca0VScjhoTmFOcVJNTzZ0TmJhdmhGQnlJVTVtcHdQNWJOcWs4NGlVZ0x2WVdkVWdvM19JcERwUVdDVFNIcHp5c1NRZGRuRkROaXItai1jZlFKRG8?oc=5,"Wed, 23 Sep 2026 15:56:43 GMT",2026-09-23 15:56:43+00:00
Reap and Visa expand stablecoin card programmes to over 100 markets - The Paypers,https://news.google.com/rss/articles/CBMitwFBVV95cUxNUnpsU0M5eXViUXpYV0xZT1NyTG15VEpQbS1BMTJHMU9mb19yRTM0dW1CeE9TdUdRQTB6MnQ2aWJ4YWtTRVFIdEpMaWhya0NXMG9mYW01MTlRbE1JcW5pNVVuTm5WMV9BWV9tZlR3Y016U1otVzhNTGZTbmt6RzN6MGI0eEhUNExDQnoxN182N0tJdlBLWFRuMU1yai0zM2o3dHRtd0U5U2x5Q3NYY0tqLTFGTjZfTUk?oc=5,"Wed, 23 Sep 2026 15:24:57 GMT",2026-09-23 15:24:57+00:00
Here's How Mastercard's SoFi Deal Expands Its Stablecoin Opportunity - Yahoo Finance,https://news.google.com/rss/articles/CBMiogFBVV95cUxQb2tYeDdNcXBRYUlvclpXY1J2ZWpycnNpbDJTQjMwZi1Zc0s0Y2JFSmpIMXJ6eGd1eGxDTm9MYy1OMkY4eDVvMWU1OXRXdlJzTzlwYUQyWEpiR2wxUXlNaWRaNXNFZmstbEEzSVZNeG9GMFRITTRkU2Rob1VNQ09xcjdTQlFNVlFRQXViVWtZX3dkWU12VTM5SHo3TUVaRDdtZ0E?oc=5,"Wed, 23 Sep 2026 15:23:00 GMT",2026-09-23 15:23:00+00:00
Stablecoin cross-border flows hit $220.3B in 12 months: Chainalysis - Altcoin Buzz,https://news.google.com/rss/articles/CBMimAFBVV95cUxQT1BxLWVrWkhGY015U1pfbllNdHJHb3NqU050SXJtUVNfTm1IZUpjcEdIeGQ1c1dwTldqZk5WUTBOOHQyT0VnTm5pc3MyZXNTMVgtNWE2WUZGeWdVa0paUzdnZlNYSWF4RU1pQm1KVUVsU0wtdjl1bE5RQW03UTA1VkN3Y2Y3ZllxbjZySkRtNGhMcjRyWk80QQ?oc=5,"Wed, 23 Sep 2026 15:16:08 GMT",2026-09-23 15:16:08+00:00
Are stablecoins already delivering what CBDCs promise? - Competitive Enterprise Institute,https://news.google.com/rss/articles/CBMigAFBVV95cUxNaFFsYWE0Sk5JUm1KazUyYjZDUHZheTh2aEREUzBqY3BmRkp4SjVrYlZyWDJWNV9LMU5RNDdETWNKN1V3WTBLTU55MlNtN1RZaG5QeTdrTDV1U2dYYzQ1c1NlMFkwMUZJU3M4SEFqMFhsVXRKaU91VVpjRnhNN3RBZw?oc=5,"Wed, 23 Sep 2026 15:15:11 GMT",2026-09-23 15:15:11+00:00
Crypto Long & Short: Inside the chain settling $150 billion of stablecoins a week - CoinDesk,https://news.google.com/rss/articles/CBMi0wFBVV95cUxPYU45WG0wbEFiWmRUM1g1WmpZeTBWRm1RY1drNkdNOEJxWUlhTGVGdE90SWRVR3U0dWdMTlpOQUc2STNYd2c1NzZYRmdHS3plZUdyMmN1em55ak9iZVNmMGVyVk53a3Y0LVRSYndvUXNMZWwySEktdE1HQ0xCU1UtTE96SGdZZTZYaUt6WTNRNEJab21wQWpnTXUzYVNJN2FYYUdMSXhTUGgwS2IwaWpCd09zSUhoeHZfdHQ3TVlHQzhOTG12ZzdKZzZDd3VWMWJKV1JF?oc=5,"Wed, 23 Sep 2026 15:07:21 GMT",2026-09-23 15:07:21+00:00
Stablecoins and the digital dollarisation of Latin America - OMFIF,https://news.google.com/rss/articles/CBMikwFBVV95cUxOckx1bVVsVVN5NFRzd0J0ZGJfaGhnNHhxUk9IbXdROXlhWVhNQkhnNEdzN2xMRFh5Q3VseW9TRXA5SnJ6azYxdWxnd0JyYkhmQURKbFNtZV9WdjlEbzFOdm9DQVFfMVdzRjV5cVZyd2FzZkt4bWxsNzJiVVVONVNrVGVsdzlmbWRrb3dNUEE1RWgxX28?oc=5,"Wed, 23 Sep 2026 14:32:42 GMT",2026-09-23 14:32:42+00:00
EXCLUSIVE: Binance stablecoin licence bid about to be rejected by Bank of Greece before withdrawal - AML Intelligence,https://news.google.com/rss/articles/CBMixAFBVV95cUxNZ2Q4VUI5YV9vMlJTemdQLXd0bWMtNTdjRHpWMFRkR1YwR01LVEZVdS0yakFrUW9qWElEdUtVX1R5QUw0bTFzZWRzdTV2bFNNZWVTdDI3NGVaUXliMXlQX3RJUGh2QTNyeEJobFRyR1hjekxTcVFTS2Y5c1k3aUw1THk4b1NPTmQ4emM0eWxheWZsSEh2Z1dQTUtIM3JWM3dscHVFaEVHQkVYejM4M2Q0LUpnQU1lUHc5ZDFvYzhfZE5FZW00?oc=5,"Wed, 23 Sep 2026 14:16:57 GMT",2026-09-23 14:16:57+00:00
Why Is SoFi Technologies (SOFI) Putting Its Entire Card Program On Stablecoin Rails? - finance.yahoo.com,https://news.google.com/rss/articles/CBMioAFBVV95cUxObl8xbExPdXJKM3hNZXlCLU9ILTZsM2l3clR0LW1ZS25OQ0p5OWN6b2lXS3JyaU1sdzdfTHZ3QlZaN2tlV0g2RVRVRnVaRVdxODFHLXVaSENsaTRLSWxNaVVTQXcyU0hyTUFoU0xVd09TS2d3ZjdEMURTWnhPcjVRWEV1TzZpRGFtU1B2R3VMTTdaT1hJS1hOenlGazRHT3Jl?oc=5,"Wed, 23 Sep 2026 14:14:44 GMT",2026-09-23 14:14:44+00:00
"Circle Expands Binance Partnership, Looks to Boost Stablecoin USDC Usage, Binance Invests in Circle - Crowdfund Insider",https://news.google.com/rss/articles/CBMi3wFBVV95cUxOakREN2FxZjNZdjhINEIzcTJ6SG1oOGxSdFNnb2dqYk12aTZVRThwZEcxZmV1UFRyaFJlQm00MzhtbmkzdjRuQkYzZE0zWnc0LWhSdkFqOFVkSjNueGM3MEd6dGtYV3RXT002MEJWNldPUloxVnhQb3RvM1VOSFhxRVRWS2dmdGdaY1phdGxRc2FrbEktMlA1UG00LXJlUC1neC1lX0RXZXhQcDQtSUR2NFctNl9CU0pTUmZneGh3dWpmaDEtWi1YclhvMk9wQ0hrbmNEdTdBQVJjQ1NySkRF?oc=5,"Wed, 23 Sep 2026 13:56:41 GMT",2026-09-23 13:56:41+00:00
Binance Invests $100 Million In Stablecoin Issuer Circle - finance.yahoo.com,https://news.google.com/rss/articles/CBMipgFBVV95cUxPc2doQW1LTXE2THUxdURaaUluOGVXZ25EYUhaTHByV2M5VGxNSktGWVNldkZkWW5zTFJrMGZQWW9ZQ3BJbDdvQUtOZXY1aHBUbVpfVzdjZXVlZXFvbVltZGhRUUJOMDBiQ1ZMOFdyaU9tNVFxdUQ5Y1hZNC12RkV6d0tMWXBQa2ZiOUlENDQwMlhtLWp1T0xZbi1lSUhFV1l4U1duemtn?oc=5,"Wed, 23 Sep 2026 13:54:00 GMT",2026-09-23 13:54:00+00:00
SoFi brings stablecoin settlement to Mastercard network - FinTech Global,https://news.google.com/rss/articles/CBMilAFBVV95cUxPM3B2eVBTTHNLRmJ5UFlxekxfMk9ZRUNlX0I2dTFsN2s2YTZaZ25CNTZZQ1NnMUZ0dFhiZUhCWTNvNDdaNTdZRTFpdGVlb2pCNjBfdkVOZmJ0WnlTdlk0SVZ5TnlpOFExT2Y0djE1SDZiQ05nVGdDNi16d1RaTGk3N2VIZUpJTHVrVm9WU2hoVC1LaVls?oc=5,"Wed, 23 Sep 2026 13:32:52 GMT",2026-09-23 13:32:52+00:00
European Central Banks Call For Ban On Stablecoin Yield - finance.yahoo.com,https://news.google.com/rss/articles/CBMinAFBVV95cUxON00zSGRqc05WVmJQeVE1V2ljM0hnZlNmM2RpSXpkZF9GQzQwaXFMWmtqUEpBY0dkbWJ4RUh0Nmh1SFNCVWVVLXNxQzhtcWlLTlRpWWk3Nm11TFZKM1NHS2hORVRQWHlSbU82eXNkS1JXcnBZNUdTZl95SmM3eHVPNVJYNFd2Sm5NcWNfWUN2YldxNkJ4RTkweDR2WTA?oc=5,"Wed, 23 Sep 2026 13:24:00 GMT",2026-09-23 13:24:00+00:00
Thredd Taps Velocity to Speed Stablecoin-Powered Money Movement - PYMNTS.com,https://news.google.com/rss/articles/CBMiqAFBVV95cUxQY29ZWDItRXJaTjY0c1RpT05DSExyalJLMVE0dnZWb25BYkJ0dUVTNUxld25qZUpKaWpNU1lFME9xOWw4QmJmWWVLMkZHZlRSR3oxY3djTFpkNFBCV0NORXZyYURzNTRqdG1oM3hPUjRrLWtweUpCVU9ObmlQb2VzWnlaOFRGWWRDQldhTXpPTENhc2tVWnExMlFjSlZxcUdnYUI0Ym0ybWs?oc=5,"Wed, 23 Sep 2026 13:11:13 GMT",2026-09-23 13:11:13+00:00
"Stablecoin adoption intent rises from 36% to 56% with bank-level protections, Visa says - The Block",https://news.google.com/rss/articles/CBMi2gFBVV95cUxNdnZjS1VzRGY5ZjJ5bHVzd0hHS09FYnFBTnV0VEljXzN3dXc4cmdxQlNka2YwOW04bF9STEVpb1Z1VXZYRE1YdWRjd0YxYUJGZ0NvUDgtb01FM0hGWFc5ckdYV3dnU1d6eXlwVTJEaTNNaElPeWhoZ0lYTFZrUUxTQVp2aDZ5R19mVlhuZjVwZ1FybnBVbmZvdk9xVWVkTkNIVXpuQUV4Mi1kOEg2ck1CNHVSU0VzN0RuSHRxMjh6UWpubXpQSHM0UURUckwyaFk3WlVnWTVnNERVUQ?oc=5,"Wed, 23 Sep 2026 13:00:00 GMT",2026-09-23 13:00:00+00:00
SoFi Stock Rises After Launching Stablecoin Settlement Across Card Program - TIKR.com,https://news.google.com/rss/articles/CBMikgFBVV95cUxPMS15RTZrV0RZSUtnMFprVll4YkFFY1pSZlMtdUE1SUtXdFBxVEhzVm15R1FkeHltLTIyU2hYcEs4WWJsOFJ2eG80Tm56ek5DS0g5RzJ1UDIyalRsbkJlRWFvQ1BkMWFhUF9Dbjl0WDBKTzZjVTkyZzlfWEMwWmZzSVNfUjZ0RnFwY1F6WTZvQ3kyUQ?oc=5,"Wed, 23 Sep 2026 12:42:11 GMT",2026-09-23 12:42:11+00:00
SoFi Stock Rises After Launching Stablecoin Settlement Across Card Program - finance.yahoo.com,https://news.google.com/rss/articles/CBMipAFBVV95cUxQa2FrQWRZY3V4ZkZDUGJ3VHVKU2syQ1pyQnJSLVAybEtHLUlGaWlnaXlka2drcFdGQUlfbk5ya0xOVkZwOGVkUHk5QU94ZVhab1pOcFBBaXVGcDZlSkFEX2w1MThkVF9fSnJwRDFZZzJsNG5FWExTZmJzbHlHV1pZM1ZsbEVZRWFWWVBuZG43MTQ3cTg3blFNNk1fNG9tZWJTTzVyWg?oc=5,"Wed, 23 Sep 2026 12:34:40 GMT",2026-09-23 12:34:40+00:00
EU central banks want MiCA's stablecoin deposit floor replaced - Altcoin Buzz,https://news.google.com/rss/articles/CBMikwFBVV95cUxQVWIwY2dvODJMNWFlN244VGlmYWpUQjdJOEFCVVBUaEM1VHctVjZFM2RjM1RmczFtNHN6S0x4NURMc1lQNjBtVTIxbVZxelctMEl3LUhhc1h6VlRiSm1wNHA2QzlWRWR3SDgwa0UxVzRvcFI1Qml4ZENyY2pMSUtvR2FoVGdWOVpUaWRNbHFwTEZ1RFk?oc=5,"Wed, 23 Sep 2026 12:32:19 GMT",2026-09-23 12:32:19+00:00
Stablecoin Meets Mainstream: NBX Taps Tieto Banktech for Card Infrastructure - The Futurum Group,https://news.google.com/rss/articles/CBMirwFBVV95cUxOSkVKYzQ4MElyVzgwTkFiTUozR1NkR2JTZ3pQYnoxNXM3ejd3T2d6M3lPRGh1dzhFOWFDVGVRQTkzQ3ZZdG5yZjdvNko3cHFMaDBaN0NXcW9nNEI1QndTREx2eVpVYmxuQ3BDOHdGQ3pTVmRqYnBGY3l1UHFRd0JwekI4UXc3OEt5RzJFWnc3bF9nSWFfT01obklDeVMwQnhtZlRfRVFoSGdFNFZCSGtJ?oc=5,"Wed, 23 Sep 2026 12:11:48 GMT",2026-09-23 12:11:48+00:00
Tokenized Deposits vs Payment Stablecoins: The Two-Track Race for Institutional Money - forkast.news,https://news.google.com/rss/articles/CBMiqgFBVV95cUxOS28tWWQ3UkQ1UlRGaENvOTd5WEpUa0FES1BqX1lvQS1lTEpia3JJakt2Sm95ODAyR3MwU1kwQTFXZ1dOSWxZNEdQdVplX2VoQjVNa3J5ZGNnZ1JOTkxuSjlGOTk3TGZXYXhlal9adWFqV2RWZ05vZWwxMWtlSy1TemZtOGZaVmRkaGJjai1GdndlUEN6R01qTGRxdmpxTG0yZTFDLXpfbVRPUQ?oc=5,"Wed, 23 Sep 2026 11:17:56 GMT",2026-09-23 11:17:56+00:00
BVNK adds Stellar to its stablecoin platform - The Paypers,https://news.google.com/rss/articles/CBMiuAFBVV95cUxPcWZLWEVMc1AxWUtjN0llaG53Z19Wd1dkeTZxeUVaT3lDa2Y4T2ZwNV9WRFJsQUlDODdZamhrWWdFQjdiMk5wUmtQdmZSY2l1YXV4SE1hX1ZwQXlQb2lMek01WmkyN3J6SUtScjJvRDJjOVliT0VuX2REQ0t3Mld5bVliR1RQWUZYM21VZzQ2TjZyT255cEFIS19kamt4bXpwaWVEVU0zaFprZl9JU25FaWFpTnlyN0Rk?oc=5,"Wed, 23 Sep 2026 11:13:43 GMT",2026-09-23 11:13:43+00:00
"Visa, Reap Collaborate on Stablecoin-Linked Credit Cards - finance.yahoo.com",https://news.google.com/rss/articles/CBMipwFBVV95cUxOWktCT1NKMlNxdlhfTFgxZTNaQVMxejdXbWtVVHItUDRWdjFNaHBnUmI0XzZzeHN2djRmc215TnZ6dmFzZmkza0E2N2VzaEViN09Gakt3alFpeHFDVnVqcGQ2QlI4YVVDdU5BVFg3ZkVHal9HeVRmdDJYc1lLRFNSTWJSLXdVWlgtQjVzQXlJNW0yYkhJV29oQnNsS2E2alNxeWNyY25LRQ?oc=5,"Wed, 23 Sep 2026 10:58:11 GMT",2026-09-23 10:58:11+00:00
Capital Flows in Agentic AI: How Stablecoin Infrastructure Is Being Built Before the Rules Exist - finance.yahoo.com,https://news.google.com/rss/articles/CBMiogFBVV95cUxPTDFlQnoySmdQWFJKZ2FucEplNWV1bXlQRl8ySFFRQmNjZHEtRW8tWlRvanZQQ3MtbF9ZRGdZYmJKOU92MHlnMDFwUHA2NXZMYUd5eUx1ak5jQXZ1SUNLN0M2SElXX2lFb1ZpU1REOURzN2g3a3d3UGtGYlR4RC1MR1EwRDFkeWRnRk5TTGpaWlp0Ny1oaFdTdm9nQzFwNUhyNXc?oc=5,"Wed, 23 Sep 2026 10:25:25 GMT",2026-09-23 10:25:25+00:00
Capital Flows in Agentic AI: How Stablecoin Infrastructure Is Being Built Before the Rules Exist - forkast.news,https://news.google.com/rss/articles/CBMiuAFBVV95cUxPU19oT1BWVnlHQ2Y4eDB6OVNTOUZtWmZMU0N3Z3k2Y3k3UGRlNjU0Rkk4ZXBUTGVaMlY2WGZnNnZJRTRUcFBFNGhHTWxCdkgxaHlIREt2VWxPaG5jZEZRbzFydlFOMVlXY1Y5OVlubW83VHZsaXY4OVBEdFJJT0dwbWo0VnhPMHpiakVlUVNwb1hLTVplRlpSZHIxLUNhMG41NVItcFlfSDJMcnp6X0g5SzVVNHdRTDZE?oc=5,"Wed, 23 Sep 2026 10:25:25 GMT",2026-09-23 10:25:25+00:00
Ratio CEO John Cho on Stablecoin FX: Asia's Won-to-Rupiah Payments Without the Dollar - HackerNoon,https://news.google.com/rss/articles/CBMiqgFBVV95cUxQTGZZem1TRXJFbjN3YXFlYWNBTlE4VXNaNHRlUjhTMFZ4eG9IOHZZUXctWjc3b1JvUzhDUnNVZHB0VnBYZzdTQkMzMUVSUHZfMzN4SUtSaGppOGp3VUwyUTFTRGh0d3BMRjNFZWhDVVVvcjE2Tl9sX0Z2SXI3YjZYOXE2UTZ4VEVTOTR4Vzl6MnpCM2MyaEJtY2VXOWU4MC1DbTFOdS0yVGtrdw?oc=5,"Wed, 23 Sep 2026 10:05:40 GMT",2026-09-23 10:05:40+00:00
Anchorage Digital Taps LayerZero To Take USAT Stablecoin Cross-Chain - TradingView,https://news.google.com/rss/articles/CBMixAFBVV95cUxPSXZTbkh2Q1BfV2J0NkFpTUhQRkpkdC1KUUE0VHlOcjNOeWdHZXFqMnJzdkx4MWpuYlVLQjlaUTY0M2FiMm5DT084VnpCbldUMTc1VWJIc1RGTWF3cDB6T0JQd3JDTUk1RTFCRGZEdk5CLVZkSWc3WXFfWmdLR29nWlpFTnp4V1REbFExVUY1Rm5NNlpKaHA0UUQxUk04MF9OYklXc3VPTFhTdFpMUjB1NjZGSGR2c1FKMy0yQmhTQjQ3bl9W?oc=5,"Wed, 23 Sep 2026 09:30:00 GMT",2026-09-23 09:30:00+00:00
Thredd and Velocity bring stablecoins to card issuers - FinTech Global,https://news.google.com/rss/articles/CBMikgFBVV95cUxNbGN3UFhrV1NkUkZUb2NCRUFsa3VJcjRMR2dvaWdWMzd1TS1LdW82YlNadXBhZXhnbG5pbDlVNGhERlB4RS1Cdng3ZDhqUU9xcE9qY2dGRDZDQ3lFdTF0dzZ3TXE3b2FtOEExb1BaTlFHYnd1RE5hQzVfSXU4UHl3UTBvOGhmOHgyOWhab1prUTBjdw?oc=5,"Wed, 23 Sep 2026 09:29:50 GMT",2026-09-23 09:29:50+00:00
BlackRock says AI agents could use stablecoins to pay for data and computing power - CoinDesk,https://news.google.com/rss/articles/CBMi2wFBVV95cUxNRnlGRllLdHNyOVc0RldKN3JwSm0xV3d5c0lBOE83NHJzeEttMlRiSHZkMUx4NllkTnE1c2twbUVXTm9IR1pNLWQ2d2xCTHhFUXFndjA0em5kVm9JY3hJdFJTdzVIb3Z1ZUlrUjJhd2Q2VnMwcUM4bHpDMTRraklMLUJXV25kUF9FTDBQYzFoNDBPMkhpVWhSaVA5TGJZV1FYS2FVQjQ1cmJTcHFMcDJfaVVIT0x0VnlBaFhCeWVZWnl1RkxTOF9pRjVTN2VOcnZCS21rZ3VIeXNxN2M?oc=5,"Wed, 23 Sep 2026 09:17:53 GMT",2026-09-23 09:17:53+00:00
ECB and EU Central Banks Push to Rewrite MiCA Stablecoin Reserve Rules as Banks Fight Back - Yahoo Finance,https://news.google.com/rss/articles/CBMilAFBVV95cUxONVpERWdpV3VGTUYtZTVCTXhIWGRtY2xZVjBhWERHcjNuYklXUjhuRGIxa25oOS1jVjJfLTZRVUViWThCY3VlamoyekU4b01xM29hUU5qTS1xOVNWcEhGWTJqV3ExQzg4MC01TUUzc0xVRWdYZGYyRkFVQ0RBVklmV3c1LU1MVndZS3FjU081NmRRb3Fi?oc=5,"Wed, 23 Sep 2026 09:05:59 GMT",2026-09-23 09:05:59+00:00
"Stablecoin banks get US licenses, even if customers are robots - CoinGeek",https://news.google.com/rss/articles/CBMiiwFBVV95cUxPaDJ4Mmt4cmxUVGpMSm1Tc254cjUwQkJCeVlGUkR1VW5tMkllbVJ6TGZwNU5meDJoZThSNVdtbjEtLVIyNl9lUUJCcmlwV25henpJYW81SldxdENLNjgwd1BST2JxQnlSdGQxanp1enNXRXZlNGQ4djNRU3M3TGhLTTBBanpSdXg2S2hR?oc=5,"Wed, 23 Sep 2026 09:00:00 GMT",2026-09-23 09:00:00+00:00
Europe's Central Banks Want Stablecoin Reserves Out of Bank Deposits. Here Is Why. - FinTech Weekly,https://news.google.com/rss/articles/CBMipwFBVV95cUxQRkNqMUE0SHFKaWJUMjFQem5ISGVyTkhONmtHOC1UY3BpN1ZRSEp5aWdpaWtsSHR0QXdJQkVPN1lJYkxiOW9sY2locTVhZU44YzczVmtJVG5OSEZTZEhOVTFWMlBvTVF6ekRSZER2bVcxYkpIdjBmSnZ5ZUozanREUEVZcEl1d3prckk4NGFFVVpYN1NnNWdqVGNTbGdCd3RtZWt2ZXVVWQ?oc=5,"Wed, 23 Sep 2026 08:47:00 GMT",2026-09-23 08:47:00+00:00
"Reap, Visa expand stablecoin-linked card programs to more than 100 markets - TNGlobal",https://news.google.com/rss/articles/CBMiigFBVV95cUxOY01hWVpJOXVWdG5MOG1QX1I0OVpQQmlzVFFKUlUzNVpib1Jwb1BlMF9oU3EwVksybTJJYUllZHUwSld0MjViOTdobEZDcjhxZWJ6aDBSUnFWbm1xaE00U1B3eUN0aUl1WnNqWEhGWDJneU4xR3ZwOW1aTjJ4NS1oMkU5MXpOMzY5VkE?oc=5,"Wed, 23 Sep 2026 07:46:30 GMT",2026-09-23 07:46:30+00:00
NBX selects Tieto Banktech to support digital and physical paymen - Tieto,https://news.google.com/rss/articles/CBMi4gFBVV95cUxObnFVM1lMblRKcFJrZmNCX3JOUndpdjd5MF93Ul9RalFlNjVubTZyZDBBSTZIZ3Z2TjRPVVBWQ3JFSmVUM3VVMkFTSUNNM001RGJWRUJsNmtkeHYxeFI0cmVtWmlDTjZVNldmZGpGTU85ZUVoY2JVOUcydmpEM2UzRkpxc0dNQl9FblV4ZnQwdy1mMlZlbG5vVjdNN3g1Wk05RFBZa0RUM3lqMTFwQTVTVVB1aWpVblZ5cEN5WFdYMUpELTV0SmJuU0tGOVRMMlZmNk01ZmVqeWJlTVBTeWQzMUJB?oc=5,"Wed, 23 Sep 2026 07:46:21 GMT",2026-09-23 07:46:21+00:00
Compliance becomes real-time for fiat & stablecoins - Thunes,https://news.google.com/rss/articles/CBMilwFBVV95cUxPallYaTk5QW1RWTFkMWZYSVU2YzJYeURLT2tHaU5lR1d6bzFJQzJOQlBpQUIxWjNJdGRoVUlIa1pZcHo2MG43UVNndXp3WUFPdDdheHdTbnFiZEJHRWRYdE5xY19zd19EWW1YQ2tHMHpkYk1BLWNWNlFGdk9QRzBKUTVGNFRpVWNSVWprZUFlTUxUVGlIZG1J?oc=5,"Wed, 23 Sep 2026 07:24:53 GMT",2026-09-23 07:24:53+00:00
Cross-Border Stablecoin Flows Jump 77.5% but Remain Concentrated - The Defiant,https://news.google.com/rss/articles/CBMinwFBVV95cUxPVFlIblM0dmRWNGtuNzcwVFZfcDAxWlhKaFhFMHcxZkl1MGdwbGpFM09zYWhibWloeHlocHg0VEoyWW9NQ1NIMkdvSl9pd0ViN0tzSHNRZFlsd1BGQTFGZVV6a0JTRUcwNTRLRGd2Q3FURDlPNjZIVVN1SjR2dFdnQkxQMDZpRWp1MkRMT0RqQVNQemFydnpMd1FtQ3c5YXc?oc=5,"Wed, 23 Sep 2026 07:00:00 GMT",2026-09-23 07:00:00+00:00
Will the Clarity Act setback damp banks’ appetite for stablecoins? - thebanker.com,https://news.google.com/rss/articles/CBMiekFVX3lxTE9EY2gwbm1DUEhvT0RhTW9heTJ5bmcxR0lIQ25Mc2wzYlVyWUpBYUp0b0hYUG1Sc1BVVkRfSkxSQTBPVm14N3pYVG9HX0phcWpEdUxadHFWa1BxbUl3dzlnZHBvU015NEwxajRhY3VYRkFXTDh0OHpGODJB?oc=5,"Wed, 23 Sep 2026 05:03:21 GMT",2026-09-23 05:03:21+00:00
LayerZero backs regulated stablecoins for bank adoption - Crypto News,https://news.google.com/rss/articles/CBMiggFBVV95cUxNcDdvbEtNZ1J4cUZHRmpPMXJHMkdlZi10R2tneHFVaHVqbXJJQ0xKa2FOUVk0MmdLS0k4NVdVMTdRblY1dENLY3NxSnJjREEyQWFBTjdpWGUwRFh4cmx6VHcxdGswNTdtMGxmemRjbkp0V0VzblV4ekFEX3AxSmtpWWdB?oc=5,"Wed, 23 Sep 2026 04:02:00 GMT",2026-09-23 04:02:00+00:00
Stablecoins: Monetary and Regulatory Challenges – Events - Morgan Lewis,https://news.google.com/rss/articles/CBMikwFBVV95cUxPajlqOGdxV255NkFpcFJ0OUhxWXpBZHBfYXVxUTVucGxyclBSMm9pMzFnOHVycHdtb05aY1VPRG15UWVBeUp2aTNiSFhOMWdNdVN6dDFJRzVtZ0ZCUWhHQTZvY0VYR08zcnY5azJoQ0NFdEtYNXNDZlJ0c2Z0My1KYTZ1V2EzaXJCQk0xQXJQSVhCNmc?oc=5,"Wed, 23 Sep 2026 03:28:08 GMT",2026-09-23 03:28:08+00:00
Kakao ramps up won-based stablecoin push with new partnerships - The Korea Herald,https://news.google.com/rss/articles/CBMiV0FVX3lxTE0xdk1FVlM2Wm0zZ1VmTm54RlpCQkJqLUR2UzJHZUVoM20yLXJKQ0U5RC1KazhFLVpfbnNSWXVqci1GWm9uQ1BpU0NZVEctZFZENGFBakNWSQ?oc=5,"Wed, 23 Sep 2026 03:08:49 GMT",2026-09-23 03:08:49+00:00
BVNK and Marqeta partner to power StableCoin-Card infrastructure - Portal ERP,https://news.google.com/rss/articles/CBMimgFBVV95cUxPVE1XUVBzUkVaNG4tbHZyQk9nTHJhTFJmckhWYktESnVFcTI0bEJWdWhNeFFLVFE2aG5Rbk9TUU1qU1dBT2pGN1NxT0gzbHViMWNGMjRmTnIwMUEyODFDQjhjaDMtaWRVb0diZjMydC1wRUVpZUpTaFJoWWhIRFNVMTNLeXEybE1hWWJBM3ZiTkFINUoxVDlTT21B?oc=5,"Wed, 23 Sep 2026 02:32:13 GMT",2026-09-23 02:32:13+00:00
Reap and Visa Collaborate to Launch Stablecoin Card Programs Across 100+ Markets - PR Newswire,https://news.google.com/rss/articles/CBMi1wFBVV95cUxQQ3BUVFRhN0g5WkhLLVoxUzktRENTVFl2YnNaMnREWkRWLVJscDdLSjhfTi04Y1pndE8xZi1Za3ExTFFmODFERUpwX0V1eGtqd2RLZTlKVFBEdGpsQjl6dkloeHZoWW9RQ2VzYkltREcwZ0ZtaEE0R1dCVzk4VnV0T3VOQ1h6RTV6REF6N25RVmZGR1lCelpzVngxNmdCRDF3LVQtSk1xTDZqMndSMFJFSFdqSTJsY0NhUUxleHpHbzFOcWNtbUVMcW51TnpzS2M2ang0ZlVzQQ?oc=5,"Wed, 23 Sep 2026 02:26:00 GMT",2026-09-23 02:26:00+00:00
Reap and Visa Collaborate to Launch Stablecoin Card Programs Across 100+ Markets - TradingView,https://news.google.com/rss/articles/CBMi1wFBVV95cUxOSzktX01XZFJya2hYYzdQdWhKVDdjellnSmlTVUpZM29lNlNGZURQM29QRXAxOVdEY1JERUVpYmZ5NGtDZnMwTnJpOHpNSmd0YVVWVDhYTEtPNGd4c2NiazRmQ1dYanJvbzNwVEhONzE1TWhuTU53cHJxUE5fWEkyU0tVY3FZNjh3eFc2OFc0UHBvQVJ3Xzd4elFTQlBNUExnaEtlWHJaMmNXdVVnOEVpZEptY0ZmNTNVRzd3bWhxUjJSdURSRmEzaGdra2liTGprbEpmWG9CYw?oc=5,"Wed, 23 Sep 2026 02:26:00 GMT",2026-09-23 02:26:00+00:00
Visa Inc. (V) Expands Stablecoin Card Programs With Reap to 100+ Markets - TradingView,https://news.google.com/rss/articles/CBMiygFBVV95cUxQd0ZHQU5kUUpTUTNPV2ZmN1V4UHZPWjJfeUtSU3ZTSTRkVWZ5VlRfVkJPY2tYNThaY2dQTEF3WHR3a3htSEhtYlBkNmFHeDBpWmI3WUdId0JodzNyZmNFd0IwS05USnM5LW8xcjNuWXBZZ3FGTTE1emhFUjFuSjNSV2JQUy1rU0hjdzE5Nm5SUFdwQkFwbmFTQ2h4aXQwaHVYZUxOenZVSTFVcXlhLXctbmFJTkJlQktXcVdnWmxjdjNNV3MxaW8za2tn?oc=5,"Wed, 23 Sep 2026 02:26:00 GMT",2026-09-23 02:26:00+00:00
SoFi Bank goes live with stablecoin settlement across Mastercard network - Finextra Research,https://news.google.com/rss/articles/CBMitgFBVV95cUxQTnRaNVBPbklIMHlWOUNITUpseXcxMzVvRDNwY3RYRm9qNmtabzFETHk0T1M4M1RIY2Z2NFBJam1XcVc5NHpkM1JXdThSM0I3c1Vmb1V3ZTlzc0JJeGg1YjdWODI0eVo2ckZKS3RRcm85SFprVVk3Uy1wSHNhYThWQXU1YmFLNHVBSUlrR2FaNXFWVTRuMTJiSnEyVDBuMER6bnpMRVNEWWF0WkRhTXd2M0JGc3FJUQ?oc=5,"Wed, 23 Sep 2026 00:01:00 GMT",2026-09-23 00:01:00+00:00
SoFi's Stablecoin Goes Live Across Mastercard's Network - Yahoo Finance,https://news.google.com/rss/articles/CBMinwFBVV95cUxOZlNCMG44NzVBSXJ0b0Z6QzFNTlJKbmdGb01fQ1d2aHNEalJBM0Z5VTdhQU1LYVotNThRUFRLVjRwdjlxYkFGTjJ4S1EtNUdieEhUWlNqS0RGcmlxLU5odUlKUDFOX2kzcWZZVUdLWm53RmlGdWVrbGllZUt1SWd5ZTdmTTlFRlNpTV9qZHlpbWI2ZVo0V1hqdnVyTG40OVk?oc=5,"Tue, 22 Sep 2026 22:05:07 GMT",2026-09-22 22:05:07+00:00
SoFi's Stablecoin Goes Live Across Mastercard's Network - TradingView,https://news.google.com/rss/articles/CBMitgFBVV95cUxQTzdHVUgtUkcwSF80ZmN6Zm5OQkpOaktzdVFBQks2TXlsMTRsc3R6aDc1c05PRW9aRC1HS0ZvMTB5bVJRSl9mTTQ0cHVSNndwM25meVpxOUFLU1U5MDAxNXZ5bjc2XzhmWGRnVHc5eTFjeUZBX2h2aG5nQjN3alNYcmU4VjJpLUlRcG1uRHpLTU9URGFNcTZ6aUppeWR0dk5QajlCR3lfQVdPd3FXU1dtWksyX2lvUQ?oc=5,"Tue, 22 Sep 2026 22:05:07 GMT",2026-09-22 22:05:07+00:00
Why newly granted federal approval won’t save these 3 crypto banks - CryptoSlate,https://news.google.com/rss/articles/CBMiggFBVV95cUxNajdEMy1mMlRsc1JUekFXNU1RZmIwbXo5MlViN0ZNdlQ4VUQwR1dreGxTbVNpT2U3d3ZKSTMtbEpkRmtZV1Qzc0E1M2pZYjZNcThSdDJkaU5iakR5Y3d3a0VxY2o3OGJGTFB0aldjMEF1bG9keGVXeDF5Y0Z0c1Vxc0pB?oc=5,"Tue, 22 Sep 2026 21:20:03 GMT",2026-09-22 21:20:03+00:00
Fed’s SVB Report Exposes Old Bank Risks in Digital Assets - PYMNTS.com,https://news.google.com/rss/articles/CBMiwwFBVV95cUxPUm0xSktLWDE3TTl1MjBBajlmeW5DeDFvSERFdmtESnN5NUVWZGk5UGl5UVdXUm1TZXNQZkx5MWZ1R2NzRWkzc3Vrd056RjMyZ0RfMlpGVmFkTVpsNkNXejhUUVZUVjQ2bDFWMHFYSjdjNWo5aEdWV3hEczR5eHdBdTZ0QVNCckw0QURtZzE4dTV2bjRSckNqOU92ZnpGbktoUDNFNHRsNmV2WFdxd2pMeU5iNHpuZnJ0Qk9MdTlCSnlXWGs?oc=5,"Tue, 22 Sep 2026 21:03:27 GMT",2026-09-22 21:03:27+00:00
Gas-Free Stablecoins Could Expand Business Payments - Investing.com,https://news.google.com/rss/articles/CBMisgFBVV95cUxQaTlxSlg4QUdLTTk0Qi1HQXE4TVMxdy16ZFJUcmhzbC1CdUtlWnBwb1NxNHFGcG5ORkU1SWNJd2Yta0JkZHBfY1NqVTFWcDVXRWJNQ2Vva0V0RFdpd2p1T1ljMWRzdnhtTFNtbVRBVmNlYko4Q3VsUjFhaFFSVlktRXk2RVNBZFA2TVpQVm1lbWpLYUNSWG9LYVdnVjczaV9uWlBMU3QwNUhGbmQ0cldtQk9R?oc=5,"Tue, 22 Sep 2026 19:04:47 GMT",2026-09-22 19:04:47+00:00
EU Central Banks Push to Extend Stablecoin Yield Ban to Lending and Staking - Altcoin Buzz,https://news.google.com/rss/articles/CBMipAFBVV95cUxNZVh6SlBOU3BUOVJDRGxQTlpUWG9IOHpzY21RYkhLdlVvb2ZsOUJta1RPcTMtQ1lTUzUxWHB2QUtlcnJ6d2FGOUxIN0ZLbVpWSG9MQjU5M0RpNlQxcnlWSF83dFczTXNlMUhyOXFvQjdkalRyaXNYczNMcldfZTVBb2tWazlOVlZtT0dqYVgwV3drZFd1Z3N1ckhMSXI0amt6WDNFNw?oc=5,"Tue, 22 Sep 2026 18:49:52 GMT",2026-09-22 18:49:52+00:00
The ECB Just Put Blockchain Into Europe’s Financial System. What Happens to Stablecoins Now? - bitcoinfoundation.org,https://news.google.com/rss/articles/CBMif0FVX3lxTE1wZjktWGhScmtFUEJld3Q4Q1JDTF9ob29Mb2dqdGtTbm0zdHdXS3pZZmp3YUw0OHU1TzlpRVFHWHBmRk9XSWpIbWNtY3dUa2hPczBIdVcwdEllempmMkdhcWhQMGFrOFNaellpV2hpSVo0a3d3QnJERnQ1b0JYV1U?oc=5,"Tue, 22 Sep 2026 18:48:59 GMT",2026-09-22 18:48:59+00:00
Should community banks be afraid of stablecoin? - americanbanker.com,https://news.google.com/rss/articles/CBMiiwFBVV95cUxQRmNJMXJPY3lrNm0zTHFXSUdUZkhPUGxFREdUWFFHblBrT0tXYmZyaDI4MVN6WGt3UlZuQWFyYUxvNVp6TnlNdWNyeGFuaFJFS1VTTkZkRmNDR2hidzRhWDlrQ0lQTFRsak05WmEzaTZjV0NjdEtZMlh4NDI5djhvSWxaTHlaZ0U2SlBz?oc=5,"Tue, 22 Sep 2026 18:22:38 GMT",2026-09-22 18:22:38+00:00
Mastercard-Owned BVNK Adds Stellar Rail for Stablecoin Payments - The Defiant,https://news.google.com/rss/articles/CBMiswFBVV95cUxQZ0h5R0tvYTdMVVp1RmlMeVFKM3h4Ul9pY214SHVwVWozX3ZUQTl3WHIxYVdHaXF4MXc4TzVpbUF3NWJValRyTVZqdi1BOGpRYTVxT0gyZjB2anllYm9WNWp4NDFNNDUwM2N3c1BTVHdRbFlEbWg1UmlfRUZ1UDVRT181N2E3OUVmSzFlVXZCR2dHb0JJYTAySDR1REkxY2NuZ0xmLU1DaVdxYjBUX0NkM0w0bw?oc=5,"Tue, 22 Sep 2026 18:14:51 GMT",2026-09-22 18:14:51+00:00
Binance invests in Circle with new five year stablecoin deal - ledgerinsights.com,https://news.google.com/rss/articles/CBMilwFBVV95cUxQeWN5VTBJa3A2OGYxN0tmaVdyb3c3ZnA4c3RacFJybDhNLUhOM3B1MnNyNm05NHpDeUJ5YTg4Z3hHWnpFb21MMFZSOGpNaV9XNy14OFNtQnd4N09EaXlRaHlhbWpEVDN3cXREdFMxdExIOGpYaWpzRllaU3B0aEFRazlFbU91SzlVSWc0UFliZ19yZmtUYmQ4?oc=5,"Tue, 22 Sep 2026 18:13:29 GMT",2026-09-22 18:13:29+00:00
"SoFi, Mastercard Launch Stablecoin Settlement Across $25 Billion Card Program - Benzinga",https://news.google.com/rss/articles/CBMi0gFBVV95cUxNYjFXdUFjM3pveEYxQlQ1SnRyT1dTemI0SGRkUzZKejJDR0hlWVVIYXZHVkZMYlRWdmxpZlJ6a19WODA5QXNGdEtRWWpIbUgyTjZVakUtU2NRR0UyQ0FZZzI3Z2lNQjZrZ0U4ZEYzVlZNcTJZWWpvNERmZl9UbnFFTTN2VWlkcWMwWWJvV0hXUlJDT1doZnp6TTVrOXV6OERCX2JZQ2dXTm1jMkVDbi16ejI3OU5qajlqRGJ3TjNNWFNieEdGM1F5dTNmdktiUU9IdGc?oc=5,"Tue, 22 Sep 2026 17:50:01 GMT",2026-09-22 17:50:01+00:00
"SoFi, Mastercard Launch Stablecoin Settlement Across $25 Billion Card Program - TradingView",https://news.google.com/rss/articles/CBMizwFBVV95cUxPWGI0SmxqaVdXUlJPSll4RU5kRHZiXzFjdFFkT3B6NjEtSndMN1dMZGZNdnkzNDVqODlITTZ2c0ZvQWxReVdKLVloSHVRMk83MHZQN2FEVWFFdVRMZjF2NEgzaEtKU0xVdUpsYjJUMDh0R3BMUl9Wam1ZNUdER2lsTUt5N3VIN2RDbUIyWHpiQjJucVNaNW04dlN2bXFvUU1QQnRXck9pUF91cVo3dkpFX2l0bnpMalZvUHZRYUdtSXBvSnM5cGhTOEJGRnZCa1U?oc=5,"Tue, 22 Sep 2026 17:50:01 GMT",2026-09-22 17:50:01+00:00
Binance Makes $100 Million Bet on Circle’s USDC Stablecoin - PYMNTS.com,https://news.google.com/rss/articles/CBMiogFBVV95cUxOdHVWVHlqOTlWNDlQLXhnRi1oRDhkOHExbFhQMnJTYU9PMHlGUExwanZpMm1rdVNCc0U2TmNqRDJYaUVZYklMdHZDTDkwUDRhWWRURXVTaFpZTVVidmtqN0JxdnBTWk5hbVlpYTMzaGl0WFJnMEMxRXZwTUs4LUQzNFFCcWJPal9jN2VDWmdvQVdBYVQ4TWRYWGU4UWxLcXdIbnc?oc=5,"Tue, 22 Sep 2026 17:16:32 GMT",2026-09-22 17:16:32+00:00
SoFi Just Went Live With Stablecoin Settlement on Mastercard. That’s the First Bank-Issued Stablecoin on a Major Card Network. - CryptoRank,https://news.google.com/rss/articles/CBMi8wFBVV95cUxObUhObUY5WFExbTJua0NGVGh6bGNzTWFocHZ1OGVJVnNPbjh5NGNLdnI2dUJiYTlXS0NmSWxuWldIWlh3RXBLQkdId29BWElfTU1XbjB4UFFCWm1pcVpFVHdQaHZtS2ZVUUJISXdfdEkxYUlsWjhFaTNhLUIydmFJeEhyaWZwR092c1VxbENhZWVEb2V5TEExMTdUYVkzdUhVa3hEUUVxOTQ0T2daUzVOQ21UMVg1ZWhkYTdkUTZGekoyZmQ2WnA5OVBsZzhWVk84QnBWaEtmRUFLY1liZFJFZm1uV05ickM5Q2dNb1JIdkloRTg?oc=5,"Tue, 22 Sep 2026 17:13:30 GMT",2026-09-22 17:13:30+00:00
SoFi Becomes First U.S. Bank to Settle Card Payments on Stablecoin - Barron's,https://news.google.com/rss/articles/CBMiggFBVV95cUxOT0F1aVpUdmN2bnpCNDlEc1QzZ0doLWR3bnR2VVVVTElEZjlDbTJDekY2RC1kcEdwN2JkOTBTQTREVXU3ZWtxdG9tZ2tCX21FdmNTN2xMWmxEdFBEbmhEWU54VFdSdG5xdkVTSFJUbk53NWZvS0t6OF9WMXlGSTVFLVpn?oc=5,"Tue, 22 Sep 2026 16:23:00 GMT",2026-09-22 16:23:00+00:00
BVNK adds Stellar rail after Mastercard closes $1.8B deal - Altcoin Buzz,https://news.google.com/rss/articles/CBMilAFBVV95cUxOS0w1cDh4QUI4aTJRYXNIdXpxRGdyc1NBVXVjLXpsSjQwWG5fMm1BWjEwd2JyQzNsYzNmTEZGR2VobTdzQ3RlRGNXQzhwa1dBWk5jMjBIbGdTSGwzcUJuak1aaXJsOW5JUGhOWlkwczFLWXYxMEFIZ2VQbm9JNl9tek1hbnJyTzlUN3NMRzJwY0NlZDJR?oc=5,"Tue, 22 Sep 2026 16:20:55 GMT",2026-09-22 16:20:55+00:00
European Central Bank Proposes Replacing MiCA Stablecoin Bank-Deposit Rules With Liquidity Standards - NewsCord,https://news.google.com/rss/articles/CBMi6gFBVV95cUxNcElpX3U4WEpXMXM0NTQ1MnBlQWltZVlxVEktUTVIcHA5a29odjlQcTRQdDQweWtZdnEtQUZ5REhWdUQ5VjJDY0c0VkM3ZF9Oa2FpRXo1N25zU010WndDQlJhbG5fWU43Y0Via0g3bUFiTVFUNE1wY0FvSUVjdk9CaWF2RUFESTZKek45Z2NiREF0QjBBdklWcm13bktpTWhmM3JVQ1JTanJnNENaYXItbjVVSGg5NGdfU0RMa2JtRGJJcFVlSGtBNWcyMzZ3UEpGVE1WR3NyOWl5LUl3SzlrdXh0ZjNVVVMyclE?oc=5,"Tue, 22 Sep 2026 16:01:55 GMT",2026-09-22 16:01:55+00:00
SoFi Just Went Live With Stablecoin Settlement on Mastercard. That’s the First Bank-Issued Stablecoin on a Major Card Network. - forkast.news,https://news.google.com/rss/articles/CBMi3gFBVV95cUxNTy1tR2dsalE2WEJ0aGtXd0tyUFFtN2I2Vnh0N09KQ0NBdFktMTRFMUJxaU9EaUNVYUpxSnJiSUdiVWpuT2dLWDhSUlVhWHBXY0k2Qm9HZExIYjl1T1JMQ21DdDd6eXpqOVpLdFB6alFFdVZyejhTY2VuOWpwS3pSbGRHaGprOVNKNVVnSVZpM0hobDB0SzViRU5EdzlZVjhfZktYVlJSZFpRMy13UnljZXNneHZZTGpqNXpNSjNHdkFZbl9pcjl4eUpmdk1uOGs3Qi1jakZEQVZ5ZVNlb0E?oc=5,"Tue, 22 Sep 2026 16:01:06 GMT",2026-09-22 16:01:06+00:00
SoFi Just Went Live With Stablecoin Settlement on Mastercard. That’s the First Bank-Issued Stablecoin on a Major Card Network. - finance.yahoo.com,https://news.google.com/rss/articles/CBMimwFBVV95cUxPeTRINTRoSGNJUHNZWXo4YjJSY2FKMkktVmdhOXFzQzJLWWpvaVFwX2ZSRzA5SHVUZzZFR0RPV2VaSXgxNUN3VVlnRjlYdUp2OU1rbVNwbm45TUJBbVRQa21KUHVmQmRvSkNRLXB0VFhOOU93NlEwOV9abU9GcEs2V3BjMEt4MnRINVBDeDdwbkJ1bkFYdUVJXzF4TQ?oc=5,"Tue, 22 Sep 2026 16:01:06 GMT",2026-09-22 16:01:06+00:00
Stablecoins and the future of payment rails - americanbanker.com,https://news.google.com/rss/articles/CBMihwFBVV95cUxQWHZPZE5BZnlWTmpaMy0xT0FvVGUxV0RSOHdZQmlQNzhYNTVkR09CMWI0SnBRV2RqNGVjbmNwZzg0WEJVUU1OSm5DQXM4am5pT0hkbV9pY0lib3M4LXBBOEJfY1JObGtPYkhOTHBjVGFMT0o1OUJleEtvS183QTAyVW8yWFFPcXM?oc=5,"Tue, 22 Sep 2026 15:37:36 GMT",2026-09-22 15:37:36+00:00
Binance invests $100 million in one-time rival Circle and expands its USDC partnership - Fortune,https://news.google.com/rss/articles/CBMilAFBVV95cUxOeXBrWl9UMExmb1VieWdSc2h5Y2JVQUtTRmlrcS1MUVpEaVphckEwLVZSbThWc3NMT3FuTFVZa0J5Q3phcjkydjlfbHpicEU1d29wUDhCRGNwS05FcmxpbGJ2MU5PZWV4d2UyS0RRb1loR3JhV1drcDZmLVFwRFVDRmFyU29BWkJKb0tlQUt3cFFYNXRZ?oc=5,"Tue, 22 Sep 2026 15:36:00 GMT",2026-09-22 15:36:00+00:00
ECB wants stablecoin yield ban expanded across crypto lending and staking - Crypto News,https://news.google.com/rss/articles/CBMimgFBVV95cUxQOU5oeXNoSi0yZE5kTTlicEZMSGRraDhTaXRZTC1jeUlfTVlXTmtVVXNEbW54R3RkWFBMVnQ3eVN0V2dVcEF2SEVUMjlPU1dvbHN0NV9vOGhHeEdMNERwdE03eW96cXZpQ3d3dkxGc1FIZXdVM1lwR3dUWmRRLU5Sb1lucm9EZjR6NkNramxIUDhWTzAxUWpaQXFn?oc=5,"Tue, 22 Sep 2026 15:35:49 GMT",2026-09-22 15:35:49+00:00
MiCA review: EU central banks push to scrap stablecoin deposit rule. Backs multi-issuer ban - ledgerinsights.com,https://news.google.com/rss/articles/CBMivgFBVV95cUxOVzZrNTJuaEpQVUViTUV5eEczMFk3SXFsNjhhcTVnbjkxZ1kwSFFlWEt5eFowQVBFUkNYWjVic2NkZ0toWloxRmo4ZXBfSm1ZTVZweGVjSDVHaWgzcS11UmFFamQ1UWY5ellyVXY1ZTM2TERjLTRzTjB1N0poRFFjcGtfd1FDTkNtWk4yWThGcThyRHlXbDNZalBsdHhaS1BtRlRkM2pCcUhlbVl5bmZwYnRub21DS2wwVEVacGR3?oc=5,"Tue, 22 Sep 2026 15:31:18 GMT",2026-09-22 15:31:18+00:00
‘Crypto Hurdle’ Solved: SoFi Is First Bank Deploying Stablecoin Settlement Across Mastercard Network - Yahoo Finance,https://news.google.com/rss/articles/CBMinAFBVV95cUxNZVJWN1dSWmozMGUyRTBYOGQwZVBsYmxsUG9jekV3SndWbUlkaXBNV1gxOGxJT3dBX0FOX21FYWtqRFNpb1NrdVE4MEhQTFpwbDhHNmtCTFRHNkk5Qm5VaklsaEgteTFvUkROZXhjY3dtZTRVVVVRaU5ZMXVhdEFZZmFDQ29Dd3dDWi1YWngtWVQzZzMxY0twb3JyQWM?oc=5,"Tue, 22 Sep 2026 15:20:12 GMT",2026-09-22 15:20:12+00:00
'Crypto Hurdle' Solved: SoFi Is First Bank Deploying Stablecoin Settlement Across Mastercard Network - 24/7 Wall St.,https://news.google.com/rss/articles/CBMi2AFBVV95cUxNUzhMVnRmOG5iUHZHSC1aOWRCdUpueVVlYzJiWlhqcWVnbkFlOVoyc2pYNjc3al9JTzBXeUdsUkVqUGlPR0RMa3VCSUFXSk54Ni0tZkxrWlZwTk9QdmZrRlBWWENvWWVKTFMwWmVJOGNWQURjRFdhNXJPQUk1TXh4Rm9vVHIxU2VoTWMyZUJBMkFZb1gwcnNsM01UYWFSeEJJZjhsMkJKNEs5cHduZ2FfaGpYQnFHUkFLX2Z0b3djTTlMazBCT3V3c2E0dFVja0tnMFRlZFJYV0U?oc=5,"Tue, 22 Sep 2026 15:20:00 GMT",2026-09-22 15:20:00+00:00
Fireblocks integrates with Bitpace to enhance stablecoin settlements - TradingView,https://news.google.com/rss/articles/CBMizgFBVV95cUxPeGg2bk53dUkwaTlVU2dFdk9fdFNkYllnMTIyOWJkTVNoMm53S1ZlRUpHWlo3N2c2ekJNSjRWWTcxdzFxa24yaUlIamVRd0pNQ09ybXplT2ZyLWhmMmtZdWhPWGtvMzJtdnNfeGFTaUM5Wm5qRW83VFpZdWFXYXpYVlM4UlZzbVIySkQ0VUlUSEk5eWNnNG81R2tUQzduQllVSUlzQ2x5c2ZmV2ZKVzZCai16OUtoR29VY2xIVE92enV1VVFpVDgydmY0SGkzdw?oc=5,"Tue, 22 Sep 2026 15:12:31 GMT",2026-09-22 15:12:31+00:00
"ACI Adopts Tokenized Deposits, While SoFi Looks to Stablecoin Settlement - Digital Transactions",https://news.google.com/rss/articles/CBMirAFBVV95cUxNcG4wVEZTUjhXWWx6b2RQMlUzR2FrTkNPMVRRaVRWVDBtYnBHQWlJSzdlWkFfa2pMbE9KejFTZ00xSzVMd2VIbmZ1MHRxQS1LNURyMUhkYXFEMFpUNTVEOHZOTjRMWldnZnBRMG82T2ZWVDFTOWVBVXE2REFucWJqeHJ1ZmpMbkVSdUczZmNNZGNWdGpNZHhyTG9zVkp5UlpacDgxUENBRFBoUUhn?oc=5,"Tue, 22 Sep 2026 15:03:59 GMT",2026-09-22 15:03:59+00:00
Mastercard and SoFi Team on Stablecoin Settlement to Cards - PYMNTS.com,https://news.google.com/rss/articles/CBMiugFBVV95cUxObFNxTkJ5aUU0dE9Jdy0xVUxVRHZyWXZnUXEwX3l4czBOaUEtU0dIOGRadmFiZGY3NGdxSFA3dmVkWHZrN1RlcDF3cTN2T0xuaDJpTFkzRGRndW5tQlUyOXhqYlljNGo0MjVXTS1STjJKZjd1SDNJRl9QSnJNa0pBekJ3eXhVVDE2RmVveVRpRVV2SkJkZFpEQUtvYU5Vd3RlSXFENjY3dkI5UHItbVJ1V21zYWhjSlVmT2c?oc=5,"Tue, 22 Sep 2026 14:40:21 GMT",2026-09-22 14:40:21+00:00
ECB seeks tighter MiCA rules to block indirect stablecoin yields and protect bank deposits - CoinDesk,https://news.google.com/rss/articles/CBMiywFBVV95cUxNRFNFVkZtZk1SeU5IUGs3UV9qbmZxNDlXSDhFaVNsR2xIcWd1WmVQQ2RjNGFUbFd3djlTbVBQcEEwWWQ4dHdCbFZYRlZVeG4zdk82dkNOZDZTTGNrandQZE8ycUpuWlVGZW51TGdUOTNpZXhNc0Q5XzR6dGdYWk1SeG9XNkNWM3pVNGJMc0pRTlNoZEJXVl9nQnRkRUtUck1VMFpJM2lmVjJXUkMxdFRZS0FRNWh2XzJkQ2hzeEhtUlpZMFdzRWNETXR5cw?oc=5,"Tue, 22 Sep 2026 14:32:59 GMT",2026-09-22 14:32:59+00:00
How SoFi Is Turning Its Consumer App Into A Stablecoin Proving Ground - Investor's Business Daily,https://news.google.com/rss/articles/CBMilwFBVV95cUxNQVFoUHBiLW84M0JJeVltZjhCdHpOdUh1VkpqaTR5dzdrS09tUU9MdkNJVndlTGl0U1hPM1FKVDB2Vk9yTDRGMm8xQkVSTTU1a2VxakZ2WkZpMVZRbzJZMHBJZFFpVVNnSk1kY1daWUk0YzRaVHdmWnpUXzFCQ2RucnRrUUpKMDZDZTJNQU9WSHExSDhQMHRZ?oc=5,"Tue, 22 Sep 2026 14:29:00 GMT",2026-09-22 14:29:00+00:00
EU Central Banks Push to Eliminate Stablecoin Deposit Rule - PYMNTS.com,https://news.google.com/rss/articles/CBMipAFBVV95cUxPRWZfSVBWSVN4ZFFxdGlkQVlkTVhMTUlXU2NWVEpYXzRvSW9obzdWcXdnYzR6amMzZHZ1WU9LLUMzRmpxY1UwczVtTUpVTFh0Wm5LWjhBeUsyNHFJUlhLVEpLakxURkZQRGVoUFVzZUpmekM2dGlwR0RaOE4yME5SVVg3NUt3am9aMXQyWG9ObWh4a2o5ZVQ3am52T255S1lMZnRDQQ?oc=5,"Tue, 22 Sep 2026 14:25:17 GMT",2026-09-22 14:25:17+00:00
SoFi stock rises as first bank to use stablecoin settlement - Investing.com,https://news.google.com/rss/articles/CBMivgFBVV95cUxQaW0wNldHRG1yNzl3UUtBNHJkWTlUQTlzRVhHbmp3ZWczbVl3bzlkVkpFUmdGOC0yWVNfRG5kSHEtMFdpamlucnBsLWY2TkNxcG5IZTVfRzRFa2lfOThvclQxSG5GUnhWcWN2bjB3bVF2SkV4RXkxT1Q3ZElPSmdHb0hLTmJvRkpSUGt4a3Jxc0NQdDExNTk1ckdLazh4VEJ5ODgwdHZablVUMms1dWFRektQQXZwc3dGU0xyM2FR?oc=5,"Tue, 22 Sep 2026 14:08:58 GMT",2026-09-22 14:08:58+00:00
"Binance invests $100 million in Circle, signs 5-year USDC deal - qz.com",https://news.google.com/rss/articles/CBMickFVX3lxTFBmWHZ4X0FoRXJTX0lOSzdFNFRfRWZINGowZndIazZtMDEzSXhLMXE2V1ZfVllHUE50Z2xiSndRMFkzRzlJQXpRVmhKeGpPRzVLbnRiMFcxd2FlaEFxR29mNUdWMmg3LU0zZHZMZjdOc0dzdw?oc=5,"Tue, 22 Sep 2026 14:07:14 GMT",2026-09-22 14:07:14+00:00
ShredPay Joins Jack Henry FIN to Accelerate Bank Stablecoin Integration - FF News,https://news.google.com/rss/articles/CBMilAFBVV95cUxOMG5HWlRTNWVZd25Wa1ZQc0dHRjJUWjVySGV1MGhTVU5Gc2ZrcHNRZm5lNUU4dUh5UVZGQ1pKS3VPRWxfbXgzZWxVbm1yX3YtbHcyQmJpMTNEV0ROUFRqMEVEUjduQU5yQXFLcElldG5NeExMNW9pNk9ud0JIWkVBVTN5bDRLM2JPVHhzTzlPYThZcTVU?oc=5,"Tue, 22 Sep 2026 14:04:27 GMT",2026-09-22 14:04:27+00:00
"Regulated Stablecoin Payment Infrastructure Market Value Expected Grow At 26.4% CAGR, Reaching $1045.19 Billion By 2030 - EIN News",https://news.google.com/rss/articles/CBMi7wFBVV95cUxPOVNSSDhOekhha2tQR0RBdE9jUzNrRHJYWUdhVC10aTY5VE1uQlpUYUV1YUlQZGtPMXB4RUJEOWRUNU4xb0JGTXVfM2dWcl92TDNKaE9kd1owMHltNjBoZG5kOHRmb19SZ3JGYmFiMjROeEhNYVEyS3FQUmw4QXpDdlN6ZU5rTk5zQXdjdG95S0hYaHp1d3VoTVB0Y0ttcXFjbklJRHpDTTlBMk9hWXdOMm02WF8tUTZyMFhCV1VCeERGQlhseGZ2V2FGdmU5OVRLSU9DTURGVTNFQk4zd0xxR0J3WWVqdE1idmJCcHZIQQ?oc=5,"Tue, 22 Sep 2026 14:00:00 GMT",2026-09-22 14:00:00+00:00
"Regulated Stablecoin Payment Infrastructure Market Value Expected Grow At 26.4% CAGR, Reaching $1045.19 Billion By 2030 - EIN Presswire",https://news.google.com/rss/articles/CBMi9gFBVV95cUxPc0R1R1BSTjFOWVhwWUJCY2t6SENRTFBOMHloUVZDSEdWa012VDRiWklQeEN0ZkROYkVITVE3Q2EtM0tvYk5tX3djN3MzS1lkemN6OXFXT3FlWXh1YVplMmhabmJ5bGdRLW5iaVpUR1psYUREY1hUT2xaZ2VVeDR3Z1F6ZjRITHFhMUF2SzZSSnQ1MC1xMVVxaDdfemt4ZGNINUNWZlRWbk5iaFR6NnREVHdyOUo0eXU2aW1uOVpJMkRSQ0xSVUI4U21kT1dtbFY0cmM1SUI4aGNDVDFmdmZ0MGktYTczeW90Skx1NENFaWJrSXY5TXc?oc=5,"Tue, 22 Sep 2026 14:00:00 GMT",2026-09-22 14:00:00+00:00
Selling SoFi After $25 Billion Stablecoin Update - pro.thestreet.com,https://news.google.com/rss/articles/CBMijgFBVV95cUxNbUxEUWdPRWYtMW1lOHp3Si1CTl9PUjNYR010amZCeGRfdzI4M09oQXRvbkMxcWExWlpZRlY1YVE1NVhBX2hXQ19pai0zVHNkMjFVSC1ZLTdNb2pmNkx5UXZnVG1sb01pQ3l1MjdvM3BNVXF5ekJDU0NQQ0FjS1ZvSEtNRlk4UVhaZWRZZlN3?oc=5,"Tue, 22 Sep 2026 14:00:00 GMT",2026-09-22 14:00:00+00:00
SoFi Shares Rise 3% as Bank Launches Stablecoin Settlement on Mastercard Network - Yahoo Finance,https://news.google.com/rss/articles/CBMikgFBVV95cUxQY3pSVDhMN1R3cEdDczd3aFFKR1lVT0JKeWJBa0hkd1o4V19BSG5wYnN0REFISkFIVk9CRTk0aDd5TGN3Sko3NUp6a2ZuNU9GSmczQVNPYzQtYzdSNDI2dVJrb0tRcFdRNldTR1dUTTlqNzBIYnhlSXZSNTdQcHJLTV84Zk9IV3VnZ3NaclpMUUFvdw?oc=5,"Tue, 22 Sep 2026 13:54:19 GMT",2026-09-22 13:54:19+00:00
SoFi begins Mastercard card settlement in SoFiUSD stablecoin - Altcoin Buzz,https://news.google.com/rss/articles/CBMikgFBVV95cUxPTGVZN1pGdXlwcTB2UTQ0azZrNUhCakY5YmgwS1k5ejF1VWVsYkp3QjJyMWxESmp5bGp2ZEdncDlPNFhjaWpyVzNBNEY2NXY2bUh1NWlCTjBEcnF6NDcteWg5ZlJIeDMxRGhmQzVCX2dYTUlLYUx2bUJlVktDZnI3c1A3SVc0MGRvSkpyNTJtbk43Zw?oc=5,"Tue, 22 Sep 2026 13:51:37 GMT",2026-09-22 13:51:37+00:00
SOFI Stock Rises After $25B Card Program Moves To Stablecoin Settlement On Mastercard Network - TradingView,https://news.google.com/rss/articles/CBMi6AFBVV95cUxQOGUwRTg5WE1GcjlvdWd3aUJ0c2ZNN0Rxb2NIYV9md21ILUZXZm5DSGhGZVRTVWJoX2YxZzdlbE9RS25yVGZzbWdnbkJ6ZkU4eS1ZdkNnQ2ZxVHJDVlZSRGpja2d2X091clBfVlNEcmJTbEN1cnJJeHRIa2ZwZ0Q0OGRJejNsWWdJY0E5UXdWSGkwZl9hQVZPVWRLUkhfdjRRMXJudE1ZNUZrRVpjZWFMWjE1ZnIyTHhCQmtkVTN2R2lKWXdCQjQ4S25RcC1kRDZ1RjVtRU5QemtUdk02WEhITTFvS0hyWEIz?oc=5,"Tue, 22 Sep 2026 13:42:33 GMT",2026-09-22 13:42:33+00:00
SoFi Technologies Launches Stablecoin Settlement Across Mastercard's Global Payments Network - marketscreener.com,https://news.google.com/rss/articles/CBMi3gFBVV95cUxQN0REN1duQmJRRkhRTEE4c1V4c0kxVkVoQm1MdmpDRWFPTWJZbV9EWkQ2c001bkhFQnVfUDBqSkMyMlhRSWtGbklnTGc5UHVUZHEzUFh4TTRuTEFoRWJSSVhjTnk0Sm00T2VqRTRjZFB3dWpnRkYwTmpNcjZ1VGRSekU5MEp4YzdrRHN2WHZST0NLZnIzcXc1MEVpLWljdUxTamdkVlFEaDdIQmIyMTZnOTlfTDdVZEgxZ2dqVy1qTnYwcEdVM0lEVjN6VGFENVlUVHZNdlA3cDJPS0JzRFE?oc=5,"Tue, 22 Sep 2026 13:19:56 GMT",2026-09-22 13:19:56+00:00
ECB calls for tougher EU crypto rules and curbs on dollar stablecoins - Euronews.com,https://news.google.com/rss/articles/CBMiuwFBVV95cUxPd01OMkJUdDZVNlZQdFNxazY4cHkySXNDOTNjcHA0MlprTUY4TDVMaXVVZkhraC1MU2hYcDI4NDJyekIxRWYtbDl1V0h6eWRYdHpSMmx6SUxVY0wzUTFGZldrLXFpdGwtMWpTUUVTVmlxcTltNmtLcldidDFvYldqUU12ZnNlMUF5cGZocV9aUVZtN213OXR5S2JHOHludkUwYTZXVTdSZ2lwZjh3QUZncHpxY3hxTWxHamxB?oc=5,"Tue, 22 Sep 2026 13:18:30 GMT",2026-09-22 13:18:30+00:00
ECB calls for tougher EU crypto rules and curbs on dollar stablecoins - Euronews.com,https://news.google.com/rss/articles/CBMirwFBVV95cUxOcHRlZWptZE02RkI5bUY2bWhLaWdjcWtVemFwbnVMazJHeGhBT19ydGtVVjZNZk16OVktbXhlQ1BLVVhqa3MxRkQ1a3doY2xEWG14dXlBZFk1MHd0R1gzNEllUG1jWmFxWVhJMWw3WjA5SFdPNkxRR2pMWXE3V1FrSUItdXB6UDVVUlk5UEVYQlBGaE9adEFaS1BkbWJ5U0RQRWVKemd2dVc0dEdtZWZj?oc=5,"Tue, 22 Sep 2026 13:18:30 GMT",2026-09-22 13:18:30+00:00
How to Accept Stablecoin Payments for Your E-Commerce Business - finchannel,https://news.google.com/rss/articles/CBMirAFBVV95cUxNdHVhZzR5NUhld1dxWFhQVS1IY2hMYnIwYUJjZVNHZVl5N1AtTWNMYlJmT3cxNHVYNC1CYlU5NEJFY1hDNVNVWVRXYy15QjJuazJlbUtLdHNNU0Q2aG1fb1Zzajc2M25WN2MxaVVDYk50bDk5czR2bFBsX3BNdVNRcVQ3SzJqM3dFQ2V0OHZERkliMmRubkFKaHRhMV90anIxTzR6aFk3Zjl2SkdR?oc=5,"Tue, 22 Sep 2026 13:16:26 GMT",2026-09-22 13:16:26+00:00
Circle lands $100 million from Binance to ramp up global USDC expansion - CNBC,https://news.google.com/rss/articles/CBMirAFBVV95cUxObGtyMm8tOU44aXp5RTYzR2pGTmxkSjdPRGdWc3Nqc0RBVDg5UFpBSXUwWVNSenVMMkpPNmtSLThRaTdIUjU4QlFxcGl1ajM0ZG83cXp2R3Q5dWpYdzNyTktWejZLakc4eHhKY2dWZ1J1ZlNFYjd4OXk0elF3ekVkQmV2WkhzT21WUHdmNjVvb2lQUm94Y1I4YmNwOF9Oekt0bV9QQTlBTVloRy0w0gGyAUFVX3lxTE1zRXphN2R3OTBhV09OcVA1dTV0ZUFqRjRSbUU1Mm9DWUNMUlBLdzhlcklkbkhNd1ZVQ2QtTVNnc0hoazRuaUEyelRrU2F5OFcxLTI2UU55bW9oYVpsbXZsWURQY1NuX0JDWVFpeHc3ejRPLWRWVHFyX3lkOXVFTzRXQTdkV3VHVmRzLW01N3RMWVNMbmpaMF9OQTRub1hHamZ5cnZVTGpFU1B4RXVlbmRXSWc?oc=5,"Tue, 22 Sep 2026 13:08:03 GMT",2026-09-22 13:08:03+00:00
"Binance buys $100 million stake in Circle, expands partnership - The Mighty 790 KFGO",https://news.google.com/rss/articles/CBMikwFBVV95cUxQd1VTXzA5RU84YkR4TXd1ejB4bGc4R1RnczlmNl9TRFJodEhwTDhhcU9pWmNXRTF1NVl0bDVEcjFVMmgtb1FOVnB0QVlmRUM4MzlhT0RhVldYNVNGTjVwby1VdE1abU81Ykx3X1lCb01KeWZzUWN1SmVhZHF5dmhkUFdNaTJHZUFYUzR4TlZHTVVEVlE?oc=5,"Tue, 22 Sep 2026 13:06:52 GMT",2026-09-22 13:06:52+00:00
SoFi goes live with stablecoin settlement across Mastercard’s global payments network - FX News Group,https://news.google.com/rss/articles/CBMiyAFBVV95cUxPQ2JDOGNhRDVpVUNYOWRNSnJpSW92S3BjRkt1NEk5WkFvbXoyX1I3WXNxQ2xWeHlNS093WWxHSENkVno3b3AxdVJSNVdqRzRBV2tCbU84V21IcGctS1BQZlpKMDlOc0xJZ0pHTW55ZXI3S1hpckRWbHJfLXhKblNrZTRiQ1g5cEV6dW5xcDRYcnVwelMyeWdPRU9ucHRIekJNNkpVUXZhTzFSZkVnVGdBRHY3V3FrR2lXNWwxU1hxbGhYREZWMWUtYg?oc=5,"Tue, 22 Sep 2026 12:45:49 GMT",2026-09-22 12:45:49+00:00
"ECB, EU central banks suggest dropping stablecoin deposits rule - Reuters",https://news.google.com/rss/articles/CBMirgFBVV95cUxOSXByZ1dMUmEtUkNYT0FyXzRxTVhhUWZJS0RRYU54WlNnaDRFc2lqYWF0MllMOVp1OVVEUm5OQk9yV0FCcENvZldNN1p2MGJCNWlydVpCc3lqaWI3dkFITjFjLUY5d3d0anpSU2pQWVEycUJJMTRzaGNLOUt3c3dueXA0Q0RDbkI4cnVqa05fSFZQM1l3SXRUWUVtT3p1N2JTRy14c3lOaFRMSWYtd3c?oc=5,"Tue, 22 Sep 2026 12:30:23 GMT",2026-09-22 12:30:23+00:00
"ECB, EU central banks suggest dropping stablecoin deposits rule - TradingView",https://news.google.com/rss/articles/CBMizAFBVV95cUxNWGdTX0kwOVNBVXlMM0NSTWNOdTYxV012YU16bHFxLXY3UGs0eDJYaVpmRG1uWGtVeHRPdWY3NVJ5bVRmWUdIdWppbkJmZzc5ZUJ4dGpXWDV3MkFEaFhQbUxvUkZJYXdrOXN4RnNZcVJJVV9KWFBiV2dFbEhWY0RoVWVlbmswRUY2enpwNDlyaE1zQk00NDcyVWtwS0diQzF2ZXBUd2VNMWl6U09HWDhLOHRpdVVNUURreVRvMVg1WFlRdndGWmFidmJUcDE?oc=5,"Tue, 22 Sep 2026 12:29:00 GMT",2026-09-22 12:29:00+00:00
"SoFi goes live with stablecoin settlement across Mastercard's payments network, shares up (SOFI:NASDAQ) - Seeking Alpha",https://news.google.com/rss/articles/CBMiwwFBVV95cUxQNnpiLV95djRuU25vMDg4Zzd3a1hrS2w2YzE5SElYNXRuMkNyY2FVX2xHWk1FTExzNTZ4Nlk5S090cHA5eE1oMWJ5V2tZU0RUOHNhQklVdjZuYTBFb21rOWNxTFVmVXM4d1VpdUc1ckQyWWFHQTJYeVZCVG1IY2x2d2J4R3F5djBPSmRFY2xINEFHMm5ObFV6UVJab3U4RnVTYnpUTlhRYWNqMVk2dzNKc0I3Q1U3ZU5Vd05zQ2NleWxDdDQ?oc=5,"Tue, 22 Sep 2026 12:20:23 GMT",2026-09-22 12:20:23+00:00
SoFi Becomes First National Bank to Go Live with Stablecoin Settlement across Mastercard’s Global Payments Network - SoFi Investor Relations,https://news.google.com/rss/articles/CBMihwJBVV95cUxNOGstbTlTOVlGX0pybGlDYkpPR0ZDT29EdGJpX3IzRktxYW4ycHJ2dW9aVnQzYW45ellVWG55TDhleG9qWTFSdjhic2pibVBWSkdiVmtIOVIyeThTczZiWjhRR3FueDRZSFpxZ2VsUEg5bjFILV9jSTMwUzZJZlI1MUZfa0U5dkthQ2FoWUVaMGVFUzJpYkpRbG9OUTRNaGxLd1d3NS1XMV90UDA3Q3VEblZmZ1VwMTZqSUJlUFM1OEItRzRvdmF6NXc4Ym04S1lKVmhNTmRya1ZwdEV0U1Y1dHRqeGhMRnEwcktUT1VPUDNlTXlkbzN2ZzFxdUpRVlVjQmNYSTVlOA?oc=5,"Tue, 22 Sep 2026 12:07:12 GMT",2026-09-22 12:07:12+00:00
Visa partner Reap plans Mexican peso stablecoin launch for round-the-clock FX settlement - CoinDesk,https://news.google.com/rss/articles/CBMi0AFBVV95cUxOamNYM0d0RGFjRlVHa1R0bmUzMkVxZkZ4MVlndXVJRDlpRXp6V1hCZDBwcldkd1BMTjljRF8ycEJua2ZHVVdBcnljeWhhWHFBa1hiYi1tRGtjVGs3VVotNTlsR09MTGZnMVpsYkxycUc4UDNzUzhWc2FSSWNoME5aejFRX1l2MnVrcHM0ai1rNXFUVDhsUWg5VEx0ZFNaZmg2aHgtZGJJMGVQQWJQeEJsZ0wwdVNOekRfRkRZaUI5cHpBYkVqamgxSDlmWFJvQzNx?oc=5,"Tue, 22 Sep 2026 12:05:55 GMT",2026-09-22 12:05:55+00:00
BVNK expands multi-chain stablecoin infrastructure with Stellar integration - Stellar,https://news.google.com/rss/articles/CBMiowFBVV95cUxNYWZMbVZ1c0FnZWlfLWhyVDd0MVpUenZiSzJFOU1uUXlRRmpFSWlCV0FCTldkekV6ZGtxV1VOUzhXY1g2SGJmdENtdUkzdzQ0MTFYR2NzT0FmM0MtRm5IYWkzZHZQcm1QQkR6SDZMYXl0aHVPTHhCLXFTMDNvelBvOGVVZnZrV2RCYm9ZZmNhZGF5WnhXNmhvRkFGSnZKMjlhNTdF?oc=5,"Tue, 22 Sep 2026 12:00:00 GMT",2026-09-22 12:00:00+00:00
SoFi begins stablecoin settlement on Mastercard network for program expected to exceed $25 billion in annualized volume - The Block,https://news.google.com/rss/articles/CBMihAJBVV95cUxNWVNTZ3JOYkhBZVBueWVES1BEaWVnZ0RFTFhGakpha21sX2V3MUlRVHZXZmprQ0lfSUsyUVRpN01SbHhiTnBncGNXZ0o5ZXE3OHEtTjJ5VzFmaWhQWXNFdjJ2U2xrNEI0VEg1QkRkNlFNQm1Xdk93dGdwX082ZXFQSDU3U1hnNFh6Mm1JYTg2VzJrclFiX2Y4MkZIeEdvMUdSM3FVblQtVlR6c0hYZWt2X0tHOUxRSzBkUWxTMHFwRzdUMVVkZ3pUdjdXLWFVam40azY0ekRQR29KTWZPWFBQODBwU08wTThYUVZuX2FaZ0dJUG1sZ3k0bVFzMHk4YmtqdXk1aQ?oc=5,"Tue, 22 Sep 2026 12:00:00 GMT",2026-09-22 12:00:00+00:00
SoFi Becomes First National Bank to Go Live with Stablecoin Settlement across Mastercard’s Global Payments Network - Business Wire,https://news.google.com/rss/articles/CBMi_wFBVV95cUxPSW9nallQcHJad3p6eTRJY2oxVG1xU3htTkc2TC1WMUtUeHBhc2NWR08yeTFteEw2YklpVThPVlphSVZwakNDRk1NcV9JdmJodncwV29nVUZycDV1eVU5Wk5pQWl1V1hSakVhTkxlYlhBdUZYT2RuN1pwYU9JdTIxeFBOc25DSnpfTWxkdGZBLUZiYktYQWhldjY4cEhKUU0wblRQeWpFMlNmb0xwTWJiaW9Qc3JpYlZxNXlyUGdVNU9kR21OSnlSSHN4M1Y4ekNmUlctS1RuVnBfRHZrU3RUODZnUUhxVVpOOGt0OTZ6OWFWTVk2d2hRQ3pLNnlUbkE?oc=5,"Tue, 22 Sep 2026 12:00:00 GMT",2026-09-22 12:00:00+00:00
"Binance buys $100 million stake in Circle, expands partnership - Idaho Statesman",https://news.google.com/rss/articles/CBMidEFVX3lxTE15QjYtTm9OTVRyb3VwOEx2bW01OEpIdFF2dGVPTnlQQ2d4a3RUbGQyT0gzY212Z3NaSkN4a3RiR21HdWdxVXdQSklRQnQ3UnQwSDA2SUJEUmlOQlNHNGdYVDFEY3pTejVQejlDNnNfZy0xZEhv?oc=5,"Tue, 22 Sep 2026 11:51:06 GMT",2026-09-22 11:51:06+00:00
NEWS: ECB flags AML gap for stablecoin issuers lacking financial licence - AML Intelligence,https://news.google.com/rss/articles/CBMisgFBVV95cUxOczNlX2RsZkZySnU3SjA5YVFfelNQeklOa0d6T20xa1NQaDJ4SGhuTGJqMjBMdHBKUXpidjljVmtSalNoN0NOQTNhUTZ1WXZIRDF2NWphbVJUNjlkb20waXNDNC1keGxla3BZWEhHeGkxQlFickNtQWt3ZThCbEFMY05HV21TYTJmQU1RUi1wWjVrT2U1VE1VTl9EVHE3bDM5VkExWWFYQnVvdTM0cmlMaEpB?oc=5,"Tue, 22 Sep 2026 11:18:53 GMT",2026-09-22 11:18:53+00:00
ECB opposes bank deposit requirements for stablecoin reserves - Investing.com,https://news.google.com/rss/articles/CBMiwAFBVV95cUxPOTRzT01BOUR6NGtzMEpGU0JjOGJ4ZERUUnJYbzlzY2FJcDB6SlJlb2ZFUzV2YmlPVGRzUEFyZzRCWVZLUk1YRU9aQ18ySVR3a254SHJxLTdJUHVSVkxrQ0thM0xBUlZYaUNqMUppVm5VazdZSDNjOFJWVzZCcFpfSkxZVENscElEY0NnMmJGZEhDX1ZoVEc1N0RkN1BaU21hTDRhdlVEM25fOEZvVGV6eVpZS1BtR1h3UXAxcUdQV0E?oc=5,"Tue, 22 Sep 2026 11:06:57 GMT",2026-09-22 11:06:57+00:00
Visa Settled $20B in Stablecoins. Now It’s Running the Blockchain. - Yahoo Finance,https://news.google.com/rss/articles/CBMingFBVV95cUxQcTNyRlBZU1daZWQyNTM0cE9BTEF3X0V0YjNpVTdzdVRTQ2lhcUtheVBITlRFYVQtalctRHBNU2hRekxfOFNfY1ZmcDlpV19DeVprUDJvcDF4RHBGSkpQMHdOYWlDQk55UnEyNFhZVGJJNWlyQ1R5Qm9vNFI0VFNGLXlRQTVQQi1GWDJQVmozQWI2U2xyOTgwd1hBRk0tUQ?oc=5,"Tue, 22 Sep 2026 10:51:08 GMT",2026-09-22 10:51:08+00:00
Visa Settled $20B in Stablecoins. Now It’s Running the Blockchain. - forkast.news,https://news.google.com/rss/articles/CBMijAFBVV95cUxPdlIwQ05RT1Z4ZEdEYnFiQldVa1JSU1FQQ0IzaEpya2VKVjRuR1gzLVY0VmJsWVNzaE9yWGFlNDNSck1FQ3VaOVhOVVJJRnZYNzVKdUE1RnFjVkpzWjJyNnpOdHp1dkxHUWZ0aFAtN1VRaGltWXJrbHlhdFY0WjlvWW9vTzdUcHJfVkE1Xw?oc=5,"Tue, 22 Sep 2026 10:51:08 GMT",2026-09-22 10:51:08+00:00
ANALYSIS: Lost Stablecoin Recovery Becoming Tricky for Issuers - Bloomberg Law News,https://news.google.com/rss/articles/CBMitAFBVV95cUxOUVkyYkJzZE1TalhFU0o5MWsybVRwVmpSZkhZNHNSWkpaUi05SXUyXy1BcDFIQk90a3lzcVRIbDNzelVXaUhoc2xyM0xhZVAyVDA0NWl2X0doNmY2MzhZVk92REJDcmxrSGxvZUMxWldtWGpxZkdRdkxBQnE4M0dWcFFjenM3bVRNLUhrM2hQbVl2RlRVaTZGVXgtMFlOdC1CNTZERFk5aGhzNVgyQlRxSHlsN08?oc=5,"Tue, 22 Sep 2026 09:00:00 GMT",2026-09-22 09:00:00+00:00
SoFi Launches SoFiUSD Stablecoin Settlement on Mastercard - tokenpost.com,https://news.google.com/rss/articles/CBMiWEFVX3lxTE05Tk50bmRnMmdLVGFYXzY4bFUyX2E4N3BjdUZJOVpoNlFfZkhXYzU4c3VCNmk4c2VCZkpyOHVRREVyNWVXZGo2Wm81Z21aSEgxNldmT3d6akc?oc=5,"Tue, 22 Sep 2026 08:50:51 GMT",2026-09-22 08:50:51+00:00
Ethena's USDe Stablecoin Briefly Crashed 8% on Binance Before Snapping Back - Startup Fortune,https://news.google.com/rss/articles/CBMiowFBVV95cUxPUkdTSDgyLXA4SnFjV2xtME5oU3ltWE8tZmdqbEJycGx1bndPQ1RYcmtGNnBmQlhnbS11U3M5eGZvRUZvQTk0VWZoT2txem9iTV9JTUFJajFYYVdJNC1hOHBEYmUteXBvZzJQUTFGV3BHTERKWGxGd0hmTjREZEZzaUYwbm5yTXAwckRxQlpWZFJoand0UWdUeU5kN1E4Z2FqSjBF?oc=5,"Tue, 22 Sep 2026 07:45:48 GMT",2026-09-22 07:45:48+00:00
"Apple, Google Post Job Listings Hinting at Stablecoin, Tokenized-Deposit Ambitions - blockhead.co",https://news.google.com/rss/articles/CBMiuAFBVV95cUxNLTg3aUlJRElDQzdIbjZKSFNvNkNESXo3b3R3clozZlZFV2VJVlN2b0cyNExTUDJrTXBZZVBOQVZxSlFhMlROQkJSWkQtS1JPSGFiYlFlcE1jLTJxcTNRRjBhaWJyMEtMNVoyS0dTOXBLUjJhSmgxa2MzbmZQZkV3THhIcjFibld0eWxFTzRtcXo1OWZDT2hwZU1FNExRNkk4M0ZkbGI4Q1VNTUlWYnZKNFNlak5OMEVq?oc=5,"Tue, 22 Sep 2026 06:51:28 GMT",2026-09-22 06:51:28+00:00
Stablecoin provider Bastion lands conditional OCC trust bank approval - FinTech Futures,https://news.google.com/rss/articles/CBMizgFBVV95cUxNQXdpWjV6V1ZGZmN2UUZpU2JJQWp1WFVVV2pKb0pORDhndDJ0OUhrQklEUG9JVEcxZ3VVQ0JZSzgzS3RzV0VRa0dLM3ljY2dJNjJjWEUwYlF5c1ZmWDg0c3oxWGRSdlhUekkyaENJckQwWnNhMnIxUzlFZlhHbW1UUXlwSE02b1ZZQjhSMGd4X2F1cFd2SkpMWGpZS0d4dF9VdTVfRDFnR0pjM043VHhFQ2xrZFRnVXczMTNfOFBTZjQ4dDR1eE1FUWtMV0xJdw?oc=5,"Tue, 22 Sep 2026 05:02:26 GMT",2026-09-22 05:02:26+00:00
ShredPay Joins Jack Henry Network To Bring Stablecoin Infrastructure To Banks - TradingView,https://news.google.com/rss/articles/CBMi0AFBVV95cUxOOGhTUHlPNjRnYmh1MHlnZXJUeXd0M1Ewb3hHckFtSWFiUlNaUTJtX09EUlZJVkF5TXFHVmlwRzdCUWxGd1I5NXRSNWF4WWhuU01iaE9sRFB4czB3RmR5QXNyZFV6RFd5dzZQd3ptM0dkYk5WWDFfRzM3MGZuOU9fV2J6ckdXc2tNTUFhZTlfWFBCOW9QTVNjZUVXdnNtUkVwblNoZVhtMUNvWE40am1BcVh3ak8zcVFKZTJLUW9iRlNWQ3pDYmY3eG1qWUNYc25a?oc=5,"Tue, 22 Sep 2026 04:30:00 GMT",2026-09-22 04:30:00+00:00
Singapore's Stablecoin Regulatory Regime - Simmons & Simmons,https://news.google.com/rss/articles/CBMiwwFBVV95cUxPUUExamIyY05WTHlXZEJmdTdYV2RBcnJROEFqV0hubEcwaE5VelR3OC1wcFktLWI5RDlPMVM4RnFaeE9JUHFQOFlpc2dEdmZLTlhwZ1FjcFJETEM5MDRzd1RUWnFiWEpXeTBLWjVndjVST185MVB4dFhxOW5zcURJS3NXYjBzTlNjZFhhQWpRSzVacFM5UFQzRGJTWENtRWdoaks3c3JvUmh6dmdGRXNqcTlBVmhIbXFWT0JiNk5iSFNUQWs?oc=5,"Tue, 22 Sep 2026 00:18:46 GMT",2026-09-22 00:18:46+00:00
BANKING OPERATIONS—OCC conditionally approves three more national trust bank charters - VitalLaw.com,https://news.google.com/rss/articles/CBMi6AFBVV95cUxPT09TR2lqdWlDQmJYTnJOY0hnVmQ1MFBpOEo5TzlPT0ZRdkQtQzFORlVldkR4Zm5qRjJuZUkwSkZjSTR0Y0F1azF6MEgwUkVPSGR3SE02cGpYYVFfUEw1Z2lrWnlyRzZzQlBGMi1QTW51ZzlsYkYtb3l4NTM4eU1zenNJa1I1dnVzMklfSWt5UXZSLTNYVW52MmhianlCQUJyMGlBZWdJS196eEZGZllNTUlfTjU5RXZDVTRqOV9SeExOVDcyMEFqZWFnVWhSQzVadnB1R2g2NXVLM3V1emR5d1NsRFJwcC1v?oc=5,"Mon, 21 Sep 2026 22:57:10 GMT",2026-09-21 22:57:10+00:00
The ECB Just Launched a Way to Settle Tokenized Assets Without Stablecoins. What It Means for RLUSD and XRP in Europe. - Yahoo Finance,https://news.google.com/rss/articles/CBMimAFBVV95cUxNQkFNZWNwX0Ewc0x6elgwdE9YNkc5Q1J6Q3JEdXlBbE84RUYtYmgyV2Rsb2FwUkNqZGVRVjc3TGt2X3FxVGRPYWdNMnFqT1paVzlfNmVUVlNHT053a29zbkNUc2N0WUF3YmhCU2dVY2MwbktCeFg4OHFCN1RsVmR0NnZuel9FM1U2UUJpVkV4UHFxbjBCVUdmMg?oc=5,"Mon, 21 Sep 2026 21:54:43 GMT",2026-09-21 21:54:43+00:00
The ECB Just Launched a Way to Settle Tokenized Assets Without Stablecoins. What It Means for RLUSD and XRP in Europe. - 247wallst.com,https://news.google.com/rss/articles/CBMihgJBVV95cUxQMTRNS2hkb1hqTXlVclZkTFQxdG0yM29kTGRSS3ItcElud3ZIRXpFUS1iT3hxNlBMX3gyNUw4MjNNSTR1SUstUFRsZGM2LVlwVVJUeGM5STRKNjJZNGdreDF4V21IUEtOVE5STDdwTUhFSHhYWkhJX1I4TzBudjRfWHdoOFJlNFVCb1RiUVBqM055SXpOYUdaaGpJcTR1VmtQNUliQ3FlZHFNZEpoM1hEdS1uUlFQQ09xcXEyRTdOU1gtVVJtSUhvcEp3RXliR2g3TmRWdEI1aTdmNmZUb2ZGSExOVHhiY1VpNVNYTnZaQS1XNy1kRngzQW5NYThHTC1yLTVEbWtB?oc=5,"Mon, 21 Sep 2026 21:54:00 GMT",2026-09-21 21:54:00+00:00
"Apple, Google Hire Stablecoin Experts as Crypto Payments Grow - CryptoRank",https://news.google.com/rss/articles/CBMinwFBVV95cUxPSnFOcWp5WGdKbVlMRVRJODhQYkNHNjVuWExySjdkMU9GVGpwdXB1dHhka3FwUzZET1QxQ2pqMnJOQVhxUlNsa0h4Qll6aV8wNF9YZmhpT2M2UXJaVzFwRXpETlNiSmlhRHJJejlIRWhUczJ2RC1XY3FYQUpRem9wbkJDcm1EV1hNd1dNMU1SVElyLVBOVXI4ZklhUjFJUjQ?oc=5,"Mon, 21 Sep 2026 20:56:14 GMT",2026-09-21 20:56:14+00:00
Arc enables Bitcoin liquidity with cirBTC in its stablecoin ecosystem - TradingView,https://news.google.com/rss/articles/CBMizwFBVV95cUxOLVcwc21vdV94YjZFMThOLXZkemhKcXBHRnUyRFZiS0llczJ6ejFwWWs3NkJ5SmZFeGoyTWU3NTlQVXFjZ25GZXM0bFR6N0tMNXQ1Y2ZlMDVwMjJ6REF1Z1BmU093akNQMDVyb1VVMlhaRlNMMTlYRHhQSV9WSHY1ZWgtY2I5ZThXWDdaRk1SWkRrOFdlMXBoT2dibnpwOWdNYU5ZSTZtd3phVW04ZmxlbTdvRHkyYTdfNDZPVnhWZzFoNk9aWndTSllaSzFaeVk?oc=5,"Mon, 21 Sep 2026 16:50:50 GMT",2026-09-21 16:50:50+00:00
"Apple and Google Go Hunting for Crypto Talent, Hint at Stablecoin Push - Yahoo Finance",https://news.google.com/rss/articles/CBMioAFBVV95cUxOcEdFQktrUG9XVDNYYlM4dUktbnBYb3lKUVNPdDdVaWlYNHVmWVhFQjBUMlpPMlc5Y01hSXBMUFJwNTk2bnBXOUhWdGlHQmhkQS1DSk5kYU9uMHU3OXg5d21iMURQc2VJd2lFNUw2Vlg2RUg2Rm9TMDMyVzYyTnVobXg5cEFURGtCU2RoOW1YNF9CaE9uWW1lelhJT3dqbnNU?oc=5,"Mon, 21 Sep 2026 16:16:03 GMT",2026-09-21 16:16:03+00:00
"Apple and Google Go Hunting for Crypto Talent, Hint at Stablecoin Push - Decrypt",https://news.google.com/rss/articles/CBMicEFVX3lxTE0tNlRwSHl2eGh4dENIR3g0dzNDcW5PWWxLaHZZT1JUSDBiNHZfRlJvNlRINVBOTjBhbUpxcnZ1MVVBN1A4UUxUZnhoMEF2T3picGdjYUJKM1NMTEtITU9jcGRWN2NzZ0JBdS16Q3ExMUHSAXhBVV95cUxQREZsTUNOOGVoMzJtSVJGeHV2OWpYUFBRc01YMEVmSnY4V3JCNlg5UlJjb3hXdGZMOFFOV2JFRFhDeTgwN2NGR2VTUnZlS3RqUTAxYkY0MFlHRmpWT25BMXQxUFFyYm1fSzJrM29JZmYxR1RXSHdGa0o?oc=5,"Mon, 21 Sep 2026 16:16:03 GMT",2026-09-21 16:16:03+00:00
"Tether, Fasanara Capital Launch $3B Stablecoin-Powered Private Credit Fund - connectmoney.com",https://news.google.com/rss/articles/CBMirwFBVV95cUxNNXRlM0doeW9CdmJZRkUtd2o5ZVRGbDllYkJjSkVFVTNxT2hlQTI1M3ZSV1JKb1B2Xy05akVxZjY1SEIyMFc0Z3FnR2RzUFV1US1ISnQ1Q25Kd0RwS0xvTko3WXZBbVR0SHV2aDRYbndvY1BVY2VuSGpRMTlPdTk2S2ZVOWNiRGNBbEQwNFpuVG9rWU9wUnlycFJ3VklIcThuQ1lwRnl3Z0JfRGt5Qy1J?oc=5,"Mon, 21 Sep 2026 16:04:13 GMT",2026-09-21 16:04:13+00:00
Treasury Secretary amplifies bullish economic data as the 10-year yield hits 5% - CoinDesk,https://news.google.com/rss/articles/CBMivwFBVV95cUxORVNENDNmaXNfSC1OZmFGOXptSThDZ2JDVTR0YnJoTmpOUGpIYWpIWmFDOWp3X3NYVHk3VkZKMS1Xa3BHb1NUUEpPQ0trVWp5UVhGaGxhMUZjX1dYUlQ2Y05GM2pURWFfZHN5VXNDT2tfUGJxUTRTdGl2Zk9GRE9FdHBxSU9vNlgwWU9GaGNjdExVcHhUMlljc0NpTGRidFFrQU5MTWJrWFJaQl9vVzhkX1poMEFSN0U1eVNMa1pLQQ?oc=5,"Mon, 21 Sep 2026 13:27:14 GMT",2026-09-21 13:27:14+00:00
ShredPay Joins the Jack Henry® Fintech Integration Network - Business Wire,https://news.google.com/rss/articles/CBMitAFBVV95cUxPeHljS2Q2a3F1azFwWEtLSjNpdHZBTFJ3ZEpQY2pFM1U1VHFVLV9MVGo3SWhkVGJZSGJnNlZHNjlPZ2tzbnUxRGs5RklIWkxyODFRUV9ZTmRuN1hrYzJUdVJCQkwxRWY4SlVPUEhzakJ6VUxjR2NqQTU4eDlnYndpcUNzTG9iSmFwTkY3bUVPR0JtUmdaa3hJbExiOGpPY1I0X3BwREJFS2luekN5QTctUWduMUI?oc=5,"Mon, 21 Sep 2026 13:00:00 GMT",2026-09-21 13:00:00+00:00
Apple and Google Post Job Listings Seeking Stablecoin and Tokenized-Finance Talent - finance.biggo.com,https://news.google.com/rss/articles/CBMidkFVX3lxTE9zdXg2LUpMeGEwVDlxOG56UEg4Zy1zQmRZazBKdHBOVlI4MWRYSWdrdmtETG1VM3k1NUZVZXA2Qkp1ZlpHMU1ndzhELVRpQnhnaU95dklHSXZIdkxpT3U2REotVHVEUGtCd3V2TmVqSS0tSGxUMlE?oc=5,"Mon, 21 Sep 2026 12:55:00 GMT",2026-09-21 12:55:00+00:00
Google and Apple seek digital asset talent as Big Tech eyes stablecoin infrastructure - CoinDesk,https://news.google.com/rss/articles/CBMiywFBVV95cUxQcmd3dFV6cm5DSFpQRXVLa0pCT2JpamNzUHBQSHFMbUREbzBXbmFqYVRVMVpQaER2UldhQnlsSElKcFZXZTFwbUVGU09TUTZXSU02bFhpUU1SQ05nc1dSR1FRT05YekhVUWZ0am9BaWl1V281YXhBV3p6TDhaWGVqZzFrdGQtMXZDS2llX0lHSVRGMjB4M2FZSGJtNC1NQnZsRUhjSndUODJ5dHYwSU5Fc1Y4RllGZjQxejVVZXlvZkdNUmFKOU01VXd2bw?oc=5,"Mon, 21 Sep 2026 12:17:48 GMT",2026-09-21 12:17:48+00:00
Hong Kong expands tokenisation and regulated stablecoin trading - Digital Watch Observatory,https://news.google.com/rss/articles/CBMie0FVX3lxTFBkSUN2Wmgza2FraklhMm1lZjFGVkFJTVNEUFpYeW5DQVJaYjYtNTRBZjhuSlUwLUNmVEg0RzRob0pXc3J5bTRxVnZ5bW9EeUdNN3RjVU01TG5KVGZfc2liTmVDbnVuOE9SSnhma29rME4wMm1SS0RaellOQQ?oc=5,"Mon, 21 Sep 2026 12:08:09 GMT",2026-09-21 12:08:09+00:00
South Korea’s Eugene Investment tests stablecoins for securities settlement - Crypto News,https://news.google.com/rss/articles/CBMimwFBVV95cUxOR1R6ZTlWbjd5RVAyLXlVOUIwVmExLWRRLXlEVHp0U3BuOGF6V0E4NWl6a0hMS2pJR1o2Rkh3d0FaZmlobms4NjNUVUZjS0lzblJCTkoyZEpzbEpKQ1NneDU1TVNkcEw1RzVtYmdzYWlMUTBZZXp1SGFia09GSzEyak91REpVNnlMbGxYZnVFdzA2T3N5ZE5IZGVtYw?oc=5,"Mon, 21 Sep 2026 09:53:36 GMT",2026-09-21 09:53:36+00:00
Bastion Secures OCC Approval for National Trust Bank Charter to Scale Stablecoin Infrastructure - FF News,https://news.google.com/rss/articles/CBMirAFBVV95cUxOcVhVakp1N3p5SVVLUWpvYURjZDNZRDJYR2pyN0lyc0tESTU5LUhVV0VoYk5JLXVzVGc0NmdKWGc4akdZRnJRaTRwdHB6ZGZfUFVBRjNxbHY0R1Bfdk1wVS1WNlN1SzJZbU4zRnBDQlJoekFWLWZiczBBR0xXUklYaW1GNXFkN3NoUXcxWGJDM3FaWmJSeHViZGliWFZfWmdWVVlhUDBTeW5Nb3Rh?oc=5,"Mon, 21 Sep 2026 09:47:56 GMT",2026-09-21 09:47:56+00:00
Visa’s Stablecoin Settlement Just Hit $20 Billion. The Rail Is Built Before the Rules Are. - forkast.news,https://news.google.com/rss/articles/CBMirAFBVV95cUxQQUx2dkllcFhtOFRzN1Njbk5hWC02cnFoVTBrODJTUjNVRExEak5QRzR4eTJ1QzBtQkoxcXdRd1lYV1dTYzBkbHpESDkzaXJFTnFRN0paNVYyVTJfbmYtVnpocUFYVEtYYWNjLVQ0SFFnbzFzeElEM1J3aDBQeHkzX0ppVXBYaHcyLVhqTnN4UE1tbDRqcG1mN3dwbXR5aTRxMTkyaWw2MkZ4SjND?oc=5,"Mon, 21 Sep 2026 09:44:45 GMT",2026-09-21 09:44:45+00:00
"Crypto Tax Bill Just Changed: What the New US Rules Could Mean for Bitcoin, Stablecoins and Staking - bitcoinfoundation.org",https://news.google.com/rss/articles/CBMigAFBVV95cUxQX3RJYXZCc1JXMkhZeTZmWXM3T3ZaYzRTdTFqWDBWQ0xfdml0UzQ2SXBHbUdiTlpTd2oydkt3cTl1SEhvMjlMLU1xbGNnLThHeU5sZVRuTkw2YUF4d3JTcVBWV1ZuZHE2MnNVRFlIN2pneEZfVlNtcGlQczVZa29aUQ?oc=5,"Mon, 21 Sep 2026 09:35:47 GMT",2026-09-21 09:35:47+00:00
Preparing for stablecoins starts with payments modernization - CUInsight,https://news.google.com/rss/articles/CBMikAFBVV95cUxNNFphUmZPX19MaHhJMmlhN1V0N3FlWHdxZTNZN0N4WXN3WGQzTjlISDcwS2lETDJnbUhFNk13QkdiTFpDeXd0QnFVdEg5cGg4eVdwWjQySVNKZ05LQW5BN0VoODgyc1Qza0I3VTN6eXhlT0dCOTFSXzU1VHF2azEzeW9lTUxNV0tXTEtWY0NwQjk?oc=5,"Mon, 21 Sep 2026 09:21:32 GMT",2026-09-21 09:21:32+00:00
Kredete acquires Gravv to build agentic stablecoin infrastructure for real-time global money movement - Business Insider Africa,https://news.google.com/rss/articles/CBMi0gFBVV95cUxNa0hZS0NwN3c3Q2MwcGZLMndtYWFzbHRCRUE4c0plekx1MHhCbkxqV2Z1TWp5Q0tSMjVhQXRsY29ob2VjVUxIRkZvdjhQM2N6dWJYdW1uUEdxa1ZydHM2VEQyWmNsRE4xZkFOQW8zdWdINEg4VEE5RXBPTFpGZDdVZ3Znc0RsU2d6U25YZUNLaVNyTkZqcm94T1YxRE9SSzBObWR5c2xaZXZRQjljQ1ZTVm1KQUkxVm1fVFozVXZrWTV5YmJMZjdRcmtlZHhDWFBCdEE?oc=5,"Mon, 21 Sep 2026 09:00:27 GMT",2026-09-21 09:00:27+00:00
"Morph Payments Expands to Solana and TRON, Making Stablecoin Payments Easier from Exchanges - CryptoRank",https://news.google.com/rss/articles/CBMixwFBVV95cUxOcmp5R1NXVGs5b3k5U1JxVzczU0lmUEp1R2ZlUkE0b2x5eDNsTmhIaVB5S1pFWVRDd1lpQXBON2I5aWpPLThGUEVMX1JvZFRhaHBZT2Y0akNBV3d4UFhQUTlGemd6a3lGR29UdUdSM0puWWxPV2lEazZIX1o1WVM0dmJqcVJ1TDZYUTIxSENPTExoQUQ5ZXRMVk1mYXZSU0Z1NkFrUnl0aVBTQzFTb1Z3Xzhib2JQZjRpR1BnTXc1N2NJWUUtUEN3?oc=5,"Mon, 21 Sep 2026 08:58:19 GMT",2026-09-21 08:58:19+00:00
Stablecoin paycheck can cost a worker before rent is due - Altcoin Buzz,https://news.google.com/rss/articles/CBMijgFBVV95cUxPSGozSUtHNzBJQW9BUHJBN2tpZHNTVnd4MWl6UnpncWxjMWI3anJWdi1Bd1BoM1VTZ1RFRXJVV2xyN05HdUdrU3RITDJ0aTBHaHJfQ1R5cWNOZF9OeWlWdXNoWlp5dnhmMkpQNGVyd0ZPdVpkRFZBQ0d0MTItSU5NcXBVcUV0MWQxYlpBQzlR?oc=5,"Mon, 21 Sep 2026 08:47:13 GMT",2026-09-21 08:47:13+00:00
Stablecoin debate in Congress will affect Maine families | Opinion - The Portland Press Herald,https://news.google.com/rss/articles/CBMiT0FVX3lxTFA5NlpwWEZtM2pYY3Y4RnFhLTByYlQ5TWZSQV9JSnh6VUJfRmNMNzdjZUduWXgtaVRCVEhxWUJrR0F6b0hyY2h3UG1OSGNTUmM?oc=5,"Mon, 21 Sep 2026 08:35:00 GMT",2026-09-21 08:35:00+00:00
Apple and Google Ramp Up Stablecoin Hiring as Big Tech Deepens Push Into Digital Assets - bitcoinfoundation.org,https://news.google.com/rss/articles/CBMizgFBVV95cUxPWnd6elhWTWZOdV9pNy1POEh4ZjdEVnZmSnNtTHpkYzNTN01LYWpfV3Q1VXBkYzQ1RGR1TjZqeTlTRXdIbHZaUGpHMXNPVUMtZVRJbGZxV1JSTkFJQzlMWUtlUi1TTHkzNmVqdHYyZWNLbE5GTVZraU9rZklyay11LVpzcTVfSlIyQm55aXNCbEJmZlJjcUY3NmR2NGs2ZWt5SVhYWHdjeWZIdTY2THN4NFRZSUhtVlVjTDNqSUw2bDZyLUpRdmoxeVNXdzlIZw?oc=5,"Mon, 21 Sep 2026 08:25:44 GMT",2026-09-21 08:25:44+00:00
"Former IG, Citi and Stater Executive Ramy Soliman Launches Stablecoin Startup - TradingView",https://news.google.com/rss/articles/CBMi2AFBVV95cUxPOFFncHFWcjFHVXlIc3N0Z1NrdmN3Rm9EMUZULXppTkU2M3lzV3MybXVGZVBZbm9kVHhvOGZCWG0xNVV0UlBmNTdRdE9xTVY4aU9JRFBnV2NnNlZDRW12a3BxNmtUejFwN2xHS3BMZTVkX0xIV3NnMWp0eHlMYlY3dElYaGRrOGJpRmRyT2ROZlA3VXdpUTNfQXdpTXBuZlA5LVoyMDdjZW9velhFdEkxLU1TcWRhYXBvQlVFOFpBUmQ1M2NhRmNjN3N3dkVZTGN5YWNJTVFSOTI?oc=5,"Mon, 21 Sep 2026 08:23:08 GMT",2026-09-21 08:23:08+00:00
ARACORE and TEIZA to Explore Institutional Stablecoin Payment and Settlement Model Between Korea and Malaysia - The Daily Tribune News,https://news.google.com/rss/articles/CBMiwgJBVV95cUxNQkJWLWUtaG5fOVo1NzV3Yzc1XzgxWXA4TFRaOXJ5Y0hQVmRKY3lFVXRjVEp6RWRHSldWTGYwWHJIOWR1dUZYWmdncFFSbGZzSDh2TnZuRTZSa2dXa2MxSkJJVzY3bWVzaENkUjZ2YzVneUl0SjRlLTZkQW55YkxOOUV6czlaclMwbUpJTjlmMFhRQm0tallOMDh0djFSdFpYNlIzNHZkUzZVSlloQ2pVaTRRemE2QzVRYlNlc2FfaEZ2TmVKdnZYR2hkaHpaRVFObnBqeXJoX1Z3YUp5OTJPTzNwME5UbHllcGZrbjJNZjJEN0laYi02dmpQSXctN28xcEk0Mzl6eFQwcGktLTAxYTBFMlNoR21mY0R2YVpiY1dDWnNIaUpkQmZ1M2ZadzhVTDIyTk1sWm9TSzFJNEt6ampR?oc=5,"Mon, 21 Sep 2026 08:01:13 GMT",2026-09-21 08:01:13+00:00
The Week Ahead: Three Regulatory Deadlines That Will Shape Stablecoin Competition - CryptoRank,https://news.google.com/rss/articles/CBMiugFBVV95cUxPTlBkamwwNzBvb1h6akxaVEl0RFNpTVozOE1BM3A2bDliSEVSQWJtbGhtTFFTejVzLXZhejFvX0dVa3BnZTh1VUp2R2x4eHVBSG9FeVkxZlNWTUJja2ZsM28zdEYtc0V5R1FHa1VnWU1QSDhGVEdlS1p5dHVWZHdfYmpLM3AtUl84ZGRSdEI4YVBjZTVrSkh0QlcwU1JIdk1STkQxY0JHcFh0cjV6b3Fxb0ZFS3ZmYTZzZlE?oc=5,"Mon, 21 Sep 2026 05:46:47 GMT",2026-09-21 05:46:47+00:00
"Apple, Google hire for stablecoin-related roles - Cryptonews.net",https://news.google.com/rss/articles/CBMiVkFVX3lxTE1VY2I3dVZpOV9heFFUX1dzYTRwaWpBYzRQa1hPQ0s0b3RYZWpFMUowdEREMlFoMGxRWEJtc2RnVjBkVnNFX0hYakk3QUlZdmU1OUlVamZB?oc=5,"Mon, 21 Sep 2026 05:28:47 GMT",2026-09-21 05:28:47+00:00
Yen-backed stablecoin soars after Upbit debut - Aju Press,https://news.google.com/rss/articles/CBMiW0FVX3lxTE5HU1VKNmluZmlIYjVwZ1I1ZGptU1lONDN1SWNKYWhGTkwtUWZqVVpManBGY1FlWWYzajFVVFNyTjdSVVNrUTFwQ19NOEppNUtJT3hqcHh6NUU0NVU?oc=5,"Mon, 21 Sep 2026 04:52:02 GMT",2026-09-21 04:52:02+00:00
The Week Ahead: Three Regulatory Deadlines That Will Shape Stablecoin Competition - forkast.news,https://news.google.com/rss/articles/CBMipAFBVV95cUxQWUlKQTQtMFZhVUVuSFN6WVpzZWxBWldQdWtLczZJQXo3WTVfdkJ0eTJfZl9lQXMyNWNhNnZSODlrRVV0YXJaaWFFckJSVzQ1anZINlFJYUJ2VUNzUXNzbkJnLWpMRHpiZHhvVVpPbzhWd3ZETHR5MW1mZmdyRWpoRzBRXzdyeWpUVVA3cmdwZXMyLTNiZUI0a2xrZHE0NnFqbFJfQg?oc=5,"Mon, 21 Sep 2026 03:27:00 GMT",2026-09-21 03:27:00+00:00
"SBI and Kyobo Life Test a Direct Yen to Won Stablecoin Swap, Skipping the Dollar - Startup Fortune",https://news.google.com/rss/articles/CBMiqwFBVV95cUxQVWdmZWo5Qkt4anR1TWp2NXV5SnNORDNEXzlGZ3FscEZNNHhKZXU5X1hVT2xUcUFjbVlzWkVVeTZuSFdGNjY0NExGS0N5YTV0MU1CbXh1TXlTX0gxN0ZqbzNmTl84bTRtdjY1M1RkSkJGSmt1TWtJVms0RGNDd01tQ0NKclBLUXhnVnVfdkZrOFVhbmI1MWc1d19wNWRIRnB2UE9qMnFHYTRNV3c?oc=5,"Mon, 21 Sep 2026 02:52:30 GMT",2026-09-21 02:52:30+00:00
ChinaAMC completes digital fund transaction using HKD stablecoin - Asian Banking & Finance,https://news.google.com/rss/articles/CBMipwFBVV95cUxQYkhjOTFhOWRFSjdCN0VHTzE0OEpwaGo2UWZrYUl6N1paNWhNUVZHUTBNcUF6MlF5bklxc1U0cjlOUW9XaGVOMERpMVpQXzhHV3g1WGNyQ0dfN3JxUnVxZHhsTXJhSVVKUGZNNHFqN1NxOGN5TFZKQ0ZuS1dNVTF5U1FZcWpxclkzcy1WbGFtSGtkZF9PanBTZEVwNU5TRnFJV0lHeW5qOA?oc=5,"Mon, 21 Sep 2026 02:06:11 GMT",2026-09-21 02:06:11+00:00
dtcpay Completes $25M Series A As SBI Group Joins Stablecoin Payments Push - TradingView,https://news.google.com/rss/articles/CBMiywFBVV95cUxNbDFZUmY1LUJxejNKbm9fd1ZjNm9OY0dabnVXRGhHVmZIVXpGalZtdnFaRGlvaWxxR1ZCRTFRdDZJRWhvZ3ktNVhLVUZ1ZmdUV3FtMDZqSnc0Q19kcDJnRDFnUlkwQ1VOSTdnMGtqZ3pxeWROU2dyM3d1bkFBeHRuRjV0QmN1dG05OXlTSW10SlhUZjQyZWRZWFN6aU9FTHIyeGVoWEQzWjhheEdJOXU5Uzh6MXVjbE1vMkZxemNhOVJoVlFucWZtcHlSTQ?oc=5,"Mon, 21 Sep 2026 00:30:00 GMT",2026-09-21 00:30:00+00:00
OCC Opens Three Bank Doors to Stablecoins and AI Agents - PYMNTS.com,https://news.google.com/rss/articles/CBMiqgFBVV95cUxPLWJwOGZVUDVlc0pBT2RPVE9DYjdtYWZtUDJ3UTEwQ2NwN0RhR01QNWZnQVpvdGRxRWwzejBjVmFpN2RyNC1XZlZOZ3FtWWk2OS0yQjFIZ0ZyS0FKcjZIQ29kZ190aXJOejlTaVdJcUNNSUlHcnB3TTV2MkxnMWNISXRyUzlGNTJNZEdKbnNCWGkwd0I5dVhWaEhfRHg4TTJVTWZ5RjBuNUM4UQ?oc=5,"Mon, 21 Sep 2026 00:22:19 GMT",2026-09-21 00:22:19+00:00
dtcpay Completes $25M Series A As SBI Group Joins Stablecoin Payments Push - TradingView,https://news.google.com/rss/articles/CBMiygFBVV95cUxPTHU2TjMybThoVVkzTUxkVTczSGJwcmZhMXNBRU1UUi13Y1NNUEtNNm1TOC1uUkFmRkZqdF9Ud3hoTGU2UVd4dWhTU0pUZGRiY0dkM3JvMmwwTmFLVlVYd2ZGVlFaUjd0cmdrR1JYNmF4N1BCMnNJX000NzNlSDR2cFkyM2lXX0o4WHgzUW56YUdWY0FVTC1lRk1BWVlleFRnd2tYZ055cU5jZEswclNOYkYxVVExcUxPUldTUkN4aUtnNG96X2NjWWl3?oc=5,"Sun, 20 Sep 2026 17:30:00 GMT",2026-09-20 17:30:00+00:00
Nubank Launches US Banking With A Stablecoin Account Before Its Charter Clears - Startup Fortune,https://news.google.com/rss/articles/CBMiqgFBVV95cUxOMjJtS0RaMWVjQnM0X2k0V2JqOElfbXIxaWRmWWJ6elNLWUZka3A1Y295TnN5QzRiZmQwY2xXUXp1ZGZWS21TN2JCc1l0TTl4TjN1WDk4YzRUcVk3US1jai1VN3BjUkNwbVpaTXpIZGJNT2kyQzBCcDh1Ni1oRms3cm05VEpXOS1WTVZJdVY5THczYTBMdEpIcjdlQ25wZDFqMmFGNHhkckNJZw?oc=5,"Sun, 20 Sep 2026 05:30:25 GMT",2026-09-20 05:30:25+00:00
Poland’s State Energy Group Orlen Lost Hundreds of Millions on Failed Stablecoin USDT Oil Trade - Crowdfund Insider,https://news.google.com/rss/articles/CBMi2wFBVV95cUxQbnNMU3pqelRDMjU0RUNUVDlYbDU3N2xCT3k1bTkza2RIWDIxTzhBTjhyUnVpRUVNak9WakRPeGdZcUVLUnRhS2wyeloydTJtUEg5bVZfNlR5UldQMWRVYWNkRGFyWGEzSnZibW1PRUl5MV9CVl9DaTVTZDd5NDU2Ukt3Z2RlclNqOE5jM3dPaVhOWTZ2MmViZEVtcjM0ekw3bFQ2N29maFdoTDZLa1N3NVo0M251c3BORHNyYVdHUlltcVFNYUpGcGVNaFd3S0QtNmdGNlB3Qml3RGM?oc=5,"Sun, 20 Sep 2026 04:43:55 GMT",2026-09-20 04:43:55+00:00
Treasury Drew the Line Between Stablecoin Issuers and Everyone Else. The Stakes Are Not Equal. - CryptoRank,https://news.google.com/rss/articles/CBMiygFBVV95cUxPbWk0bms1SmFROTU4Z3JLUHZTaDZscy12OF80TEdLbTBsalNETEF2dm93c3hPRWhxSFc4YmN5MG1hcUczZlR4SG02a1R1ZHp0TllpdVZOZVEtQXNQR2hGOVIwOW5RODZRay1FY0lZVjBsU2MzWFo5ZFQyR2REUWRsaW9YU25QNF93QUd0WFBKNThrZTlXR0VYalpsQzU0c1ZNT0RFQkczWlZqTDZmZzJTYUpzdzF0dGxJbEM1TXBvWWtuaDlEaDFoMGFB?oc=5,"Sun, 20 Sep 2026 01:05:24 GMT",2026-09-20 01:05:24+00:00
Treasury Drew the Line Between Stablecoin Issuers and Everyone Else. The Stakes Are Not Equal. - forkast.news,https://news.google.com/rss/articles/CBMitAFBVV95cUxPVGxRNnZLMHFwRXY4S3VkZGZVcGNQWjhmaERQY3ROb1ZzMlVhTVVZZ2o3VE5mWE5KbmstNmxDTFVXbUl0eDJOZGhWVF9rdzZ5a3JtS09WV285b0liUjJWQlB5dlZkVkc3WEZJcFJmNGtIbHZ6cENpOW9ESEhjbGZxT0d2Z182TV8tTFBZcFVTVTZULWdGQWhWaVhSWXlqelQwY2RQX0txdWdEWDdBelZvZUFWLWQ?oc=5,"Sat, 19 Sep 2026 23:40:53 GMT",2026-09-19 23:40:53+00:00
Stablecoin Reserve Requirements Explained - The Block,https://news.google.com/rss/articles/CBMilAFBVV95cUxNMk1SUU9qaUpfM084TWZ2R3VVZjRiMWZQbENydlFJdV9Yc2E0czFjOXltaFAzWjZTWnBJaFYybFFhZFFVenZmOWlCUC1SaVlfTC1FSDFReHhQTUFSYkV2SmhDclVWaXVhQjdaeWFKN0NPdnB2SDJ4WFV2bVloZzNabjNjOWFWUko4VHhEdUlOZmF0cDZ0?oc=5,"Sat, 19 Sep 2026 20:13:37 GMT",2026-09-19 20:13:37+00:00
Injective: USDC Becomes the Canonical Stablecoin Standard Across 20+ Chains - 19 Sep 2026 - TradingView,https://news.google.com/rss/articles/CBMi4wFBVV95cUxQOTFhdldZajZNcEwza0I1dGVkQWcxQUYycEZsRjhSYTBablB1WVpBRFRRY3hTZ0xoWUpRTVZPUktSQlRBaW9xQ2JXZU8xT1ZaWDZJMHNnakIwYmcxa2k5c1pCWU9pSjV2QXlVekItZ2VZcHBjLU9KS1U4d3ZmWmJHYzBtRmJRbEJNWkNzMUFzUS12MGh2bm9iQS1CVlFHVXFWekthbjJUdnAxaUw4NkR5d3FiWVE2MFVjTjNocmZlS0kxUXBrREVlVjdaajU3MDZfUmdjUy16NzdMSVIxcDl2UGttdw?oc=5,"Sat, 19 Sep 2026 20:00:56 GMT",2026-09-19 20:00:56+00:00
US Bank Completes First USBDC Stablecoin Transfer On The Stellar Network - Startup Fortune,https://news.google.com/rss/articles/CBMiogFBVV95cUxQM1lnbmVPQjkyOWx5WWZYNG5UVW5XZk5MTlBkRHRER05mekpXYmtIVXd5ZXFidGdkNzdsR3dkNjRBNmhyNkk2dzZzbEdOUGJRWnJVMnQ3T0tSem1YcWQ1SFExU0k1ZGdpSWp2WEtlMGpoRm9IZnN0TFR3THZUeUtKZ0t1cm0tR1hPWHU3MExZbmw5MnZLZGVXR0hvaEhXNkRPeFE?oc=5,"Sat, 19 Sep 2026 19:38:01 GMT",2026-09-19 19:38:01+00:00
Stablecoin salaries can leave workers paying to access their wages - CryptoSlate,https://news.google.com/rss/articles/CBMilgFBVV95cUxNeWFGVi1ZUm9vZzR5amgyaXpBXzlaT2hERllNZERyQWxzejQxVk5OQ0NaZFVsd244NE9tT0RYaTRJS0VPNVJmTllJckNvVzRyd0NmNElHRGU1dzVqX3R3ajl5Q1B0Wjg5LVhPX1VBc2p2UjIySDJaSXBSWU1kTWMxbUVqRDBObG1PcThkZzJzck9FS2pVa0E?oc=5,"Sat, 19 Sep 2026 19:00:16 GMT",2026-09-19 19:00:16+00:00
dtcpay Raises $25 Million Series A As SBI Group Backs Regulated Stablecoin Payments Platform - Pulse 2.0,https://news.google.com/rss/articles/CBMisAFBVV95cUxOcTcwdi1lVXVPSFZNR0ZSc01BanVYampVSHF1aVcxTENxVlZtU0FrLTlqMzhwX3FVWlFmSElGXzh0QklFYXVEU29sY1FNcTMxX0M4TllEb0FadkxCTWQtQVpFb1gwQ3ZsSGhFNGczWkFJcFNETi1LM1BKZXlXY1ZWSmFsSFM4M1piMWxERmV2S2c5WnNVUEVsbzRhOC1lM0hjZksxeDdYRjhRcXFwUG1tTtIBtgFBVV95cUxPZDF5U2FIal90WVhoSk9jTW9WS0Zsdkl2RVVvTm82UzNGbHVYUjZrNElQaUZ2TDFjYVJZYmtQMncxcDQ2aVJEUWJJTThtRXp4ZGpFOGIzWkhuSjFCbi16d05XZU5wQzEwT3dreG5DWmtQNWVKc2RTN3lSc3hSVnpsVDZOaWQ0ODRPSWF4a3J5b3ZMNnhfM0RXUUdYTGpRS253cWVPYUE3WjRFWFRsWUl6bjFLT3hHZw?oc=5,"Sat, 19 Sep 2026 12:52:50 GMT",2026-09-19 12:52:50+00:00
"Circle Review: USDC, Security and Stablecoin Infrastructure - tokenpost.com",https://news.google.com/rss/articles/CBMiWEFVX3lxTE5LN1Q1ZExIc2xGMDh0QUxtTl92TjVmOFBsTkppVDB3MzJjSFlBWXVmR0x3VDR2aVpJY05rUURtelRVTVVJZUVleWtDcFJXSWJXUS1PTThQQVo?oc=5,"Sat, 19 Sep 2026 11:06:05 GMT",2026-09-19 11:06:05+00:00
Brazil blocks stablecoins from key cross-border payment rail as $1.1 trillion market faces new limits - CryptoRank,https://news.google.com/rss/articles/CBMi1AFBVV95cUxQbmRLazR5dlBZSVVCdEpyS2RQN1pZcDJ6Wm5SRThKdVQzdElRSVRlOWZ4TEthYTd3WllHZVRTaWpTeFBqWVVLV0ZTMzlqSXZTSnM0ODlocW1RcG1lb0tRQ3VFV0toU2tKV20yZlRzYkhkRnAyMGgxTjBxMFVKanpYWHk0Q2NsLVBuTEtfRnhINWc3dmk3ckc3ajJiTnlPSUxyR3JPQUdPeGM0Z3lNUU0zQldfV0lySldkUzdSNVZBM0JFMWNXaXRxdjFNTFBuUDg1RHYzUg?oc=5,"Sat, 19 Sep 2026 11:00:21 GMT",2026-09-19 11:00:21+00:00
"Tokenized Deposits, Stablecoins, and the Interoperability Challenge - Oracle Blogs",https://news.google.com/rss/articles/CBMiuAFBVV95cUxPV2Y1UXJKZTZMOWhHWl9wbVdMdzhJdTA4STVkUzU4R1lYaE5IWmtmRWhnVm5PT3lyODJkemd4S0cyaGlJNHM0cjZCT0dCSi1oUVJ2LVJVZlFTblFaUHRzWGVYMjlaOFNPYVdRWnhhclRBNm9PNUNYSFhBTV9DUlZZMTI3WHJWVUg2bHdaS2w3M3laV0RJZk1MQmJWUzRYdFZ0cTByM0l3ZXhmV0dKQzdXREpySzFSTkFQ?oc=5,"Sat, 19 Sep 2026 09:01:53 GMT",2026-09-19 09:01:53+00:00
Sam Altman's World Launches a Stablecoin Super App and WLD Jumps 15% - Startup Fortune,https://news.google.com/rss/articles/CBMimgFBVV95cUxQa0FwNWxMZlAyTy1MSkhPdF8tTnN3d3JYeWwzU3F3VUZOdUFaNWhoUVk3MUNlbVkzUHBmQ3p4Q0pIaDRGdTZGWDVCXzhuZlJXcHJDcGVleW5lQmIyOC12TTVNaU1ra1ZLNGlyMVVIUXN0RXZwVVFJRW1LOTdhVC1Eay1JOWVLVkkwNXltbmh6c215Y2tQLVdoaXlR?oc=5,"Sat, 19 Sep 2026 00:55:26 GMT",2026-09-19 00:55:26+00:00
OCC Approves 3 Trust Charters For Stablecoin Businesses - Law360,https://news.google.com/rss/articles/CBMimwFBVV95cUxQV3dRR3FSNzJET0hzaXgxM0ZCWGlySVYzc1BSQkk5dkRTc21PZzZNQUNyVURIT0F6eGFmM3d6ejhpNUdYMFp2amUxRmliVzBlb1RqWXhqRUI2RkdEcXNFcTlaOUJLT2ZpeFJiZFo4SHlLbHEtWlZBZWZIeFpVUW91V3U1VURnSTFvblRhMmR4WUUwNFRLaHEtZjlWZ9IBVkFVX3lxTE5fUk1lMXZNS0c4RmRCNVR0UEtyQ3d3clA2eTM2dTNZMThzRURUZW5Nc2JEOGhRYTFFdWlDVjV5dkIzTDBJLUUtN2tudjE1SEY4WC1CMlR3?oc=5,"Sat, 19 Sep 2026 00:29:00 GMT",2026-09-19 00:29:00+00:00
OCC Approves 3 Trust Charters For Stablecoin Businesses - Law360,https://news.google.com/rss/articles/CBMiVkFVX3lxTE5fUk1lMXZNS0c4RmRCNVR0UEtyQ3d3clA2eTM2dTNZMThzRURUZW5Nc2JEOGhRYTFFdWlDVjV5dkIzTDBJLUUtN2tudjE1SEY4WC1CMlR30gFWQVVfeXFMTl9STWUxdk1LRzhGZEI1VHRQS3JDd3dyUDZ5MzZ1M1kxOHNFRFRlbk1zYkQ4aFFhMUV1aUNWNXl2QjNMMEktRS03a252MTVIRjhYLUIyVHc?oc=5,"Sat, 19 Sep 2026 00:29:00 GMT",2026-09-19 00:29:00+00:00
"What Is a Stablecoin Reward, and Why Did the CLARITY Act’s Failure Keep It Alive? - Yahoo Finance",https://news.google.com/rss/articles/CBMinwFBVV95cUxQeU5EVEd3VDR0N29COUdTSGdUbG54Nl82cUJlZGNzVnpkUG5Uc2dQckE4Z1RHQ1U2N3VSM05CRThZSjJ2TFdiZ1RfOGJ0dFhrQW1fYTJHVmlHc2dsbURjWmFqdjYyTlR5VHVLRjRwQk5nSDJnRFRNR1V5V0lqSmR4QlV3d3A0cWFoUVdacUxvTVNKTjlwSlNqcS1rLXVnLW8?oc=5,"Fri, 18 Sep 2026 23:10:49 GMT",2026-09-18 23:10:49+00:00
WisdomTree Opens Tokenized Treasury Fund To MoonPay's 35 Million Accounts - The Defiant,https://news.google.com/rss/articles/CBMirgFBVV95cUxQLWUtSVA2TU1ZUXBaMTB6UzJybWpfOGptRDZvXzBZMWZ6TlZuM0JvaEo2aTlNUEZuZ1NFQldCbldSZERmUnpzdFZQTi1FbWl6ZmVlRWc5cTFYVkNpQ1lNNlFsNzAwejNURVlMX1RyWlNxdDNqTWM4d3phMHM2ZTFDOFR5V0xwb0ZvRWR2RURKUXRPRUFrLVE5NGJyQkc3dDBxc0dzNUgtMTVRR0thNVE?oc=5,"Fri, 18 Sep 2026 21:48:57 GMT",2026-09-18 21:48:57+00:00
Bastion Receives Conditional OCC Approval for a National Trust Bank Charter - GlobeNewswire,https://news.google.com/rss/articles/CBMi4AFBVV95cUxQaFN2QjVSM2xMVGF6WGtNTk5IR1prdVl5WHV5VVVZOUg4OVBGVlRhandXSmFzbFRLbnJWbmJHcno0Qkg4YlZXOVJDcmxwODhEcy1TLWJKeFJhVEphb3lsbG1WQkM1amRCcUJ6dDBONXhsbUZHT3BQdVBJWDBlSkVlc3NabjBuLXVsbmxURWYwTmJCTDE5ZFhLM0xQMXM3OUtOaG5RRXRXZUZVblNKZlY1ZHptemtmMFd5NEF6cnF3bUVNQWxGUlB4NXVudjVLOW5LMVIyX0RWR2pTMWZuZG9Ybw?oc=5,"Fri, 18 Sep 2026 20:49:11 GMT",2026-09-18 20:49:11+00:00
Stablecoin Issuer Bastion Gets Conditional Approval For Us OCC Banking License - WSJ - TradingView,https://news.google.com/rss/articles/CBMi5wFBVV95cUxPaS1GWnBLbmE5QnhYSERDZTlXSS1rOVgzRXdSVjZyYnBUNXdKalR6UjVjU3lyN3lvS2NCSk5jeVB0VjhBZ0ZkVkRwZFl2cmthZzh0eE5seUVhNFRiWjB0R1FsbHZMSFluakl5TEUwRlZ0S1VKRF9ILTlIQ2Z2ZmVsWHc2cnFxeFNtRVpSS2UwNXliZ3doVVlVbFRlcHRXQ29qMWhuVFo0WVBPUnYzMnVuaGV1LUxYaVZsWlZUbEtldmZtUnpFQ0pBUE1mcGhRcXFCSWdVd0c4SGRZMWx1Nk84N1R1b2s2dDQ?oc=5,"Fri, 18 Sep 2026 20:07:53 GMT",2026-09-18 20:07:53+00:00
Exclusive | Stablecoin Company for Big Business Gets a Conditional Banking License - WSJ,https://news.google.com/rss/articles/CBMiugFBVV95cUxPakFkbDU3cVdxT3JLMmpmOHlQcm1leGoxaXJkTVZRTTBnRENQQnoyWWJVNXNWaFVPbERUdWZ3cVVjX0UwOV9XdG9feGlBMEdncjhacGt2OHNoSlVwVDZiSEhOc2tPUEV2Q2VvbTdYSVVfQlBfNUl1eTZDZC1zTTh1VGp1Sk1MOXFoSmNQUUJSa3VqbHJDOTl5WU1qZzZiYWItcGhfNGppQ1JQQ19ZUHo3WEtUVDVSVDNnYXc?oc=5,"Fri, 18 Sep 2026 20:05:00 GMT",2026-09-18 20:05:00+00:00
Visa’s Stablecoin Settlements Grew 15 Times in a Year. Is the Stock Still a Buy Near $370? - 247wallst.com,https://news.google.com/rss/articles/CBMiygFBVV95cUxPZnBhYXpyNEZPMkhidmYzdGM1ZWpramlHc3hRbFJGOXFEYnBpa1hhR1VsNGtjd3hFNDR1dXY2SHdqb1BMWGgtcTNGTzV3VTBuSE51S0Uza01SQWtkN0hZTWlsWm02aVloUXF4d3JrOW5ZQU5LNS1kU2hqSlJkUENBY1dSN2hFZGN5QjY4aElmQ2ZaRlBvLUhta0dHUHR4LUFfcmx3VVp1WW9wRmk0b0V4Mnl2T1hfVjVTaE9jOFA3NExBcF9rakZMMHpR?oc=5,"Fri, 18 Sep 2026 19:55:00 GMT",2026-09-18 19:55:00+00:00
Why SBI just put millions behind a Singapore startup’s stablecoin push - CryptoSlate,https://news.google.com/rss/articles/CBMimgFBVV95cUxNU2dUMFhicmlrOEwtUXFQT2pqb1ZJaVV3OWhVcS1XdXVJQ0F2MHZNNWFiLXRkZDVsbkptRzNKM1RjNW1vbWh4djNmT1VyMk1mUFBJOFQxTmk3bldvdkxhVDN1Q0w0LUNBZVdSV1hqXzRRLVNYc0tvLTY0Uy1hQjFxWFVfekhMWjkteXJnd3Q2a0Z1b0l1WXVFQkVn?oc=5,"Fri, 18 Sep 2026 19:50:45 GMT",2026-09-18 19:50:45+00:00
BPI and ABA Comment on FDIC’s Proposed Reporting Forms for Permitted Payment Stablecoin Issuers - Bank Policy Institute,https://news.google.com/rss/articles/CBMisAFBVV95cUxQQW1OMjlUN0RkUWZTVlZHclVocXdyTl9pc0VHQlRWcFY2cWtlQmg5NnhUaG1OMk9TbkNKYnExdEJ3ZG9VRzVqalg2a3JldGM3OTJaWG9QMVpUamgtRVlLSTg4R09xMFRNWFMyR2p5YkktMXM3cHlPZFUtNTVMdlFZZFNfYm9hck82cUxxZUl1b2l5YkhrVGRwNTFPTnBqRkQzUGtzZmlGcng4UU1CdHUtQw?oc=5,"Fri, 18 Sep 2026 18:49:52 GMT",2026-09-18 18:49:52+00:00
WisdomTree WTGXX Tokenized Treasury Fund Enters MoonPay Reserves - Altcoin Buzz,https://news.google.com/rss/articles/CBMijwFBVV95cUxPMm1MR05xUWRNeHZES2owdjJiWVJpckZEMnF4dk9CNGVMOE9GZlJWSlZsU2x3aTQ2aldWa3BQS3gySUM1T1dWZU9zWUNCYlVId0dlZm01eVVEeXhURHFYQVIwaUM2SHI3cFRWME9TVWJ0WkxodXdpY0V1WGxsZFVKVDByOFpiaGtfaExENndzQQ?oc=5,"Fri, 18 Sep 2026 18:39:47 GMT",2026-09-18 18:39:47+00:00
Stablecoins must preserve one form of money: BlackRock - Crypto News,https://news.google.com/rss/articles/CBMif0FVX3lxTE5icERONFZ5NWg1Wi1QZEowUmt5ZUlrTDQ5Vkgzb2ZpUUVmcDVKUTRHTWdfQ1FLZGNDSlYtOWkwTUFjNHJJTzlfc2ktVWM4eXRKLUtCMTY2T0NMdUFCVmJ0TEZkcm1uZnpqaGZrV3FjZ21fMm10Sk1xS29fQ1pER2s?oc=5,"Fri, 18 Sep 2026 18:06:46 GMT",2026-09-18 18:06:46+00:00
Sam Altman's Worldcoin just launched a global stablecoin app: What to know - finance.yahoo.com,https://news.google.com/rss/articles/CBMiigFBVV95cUxNRG5ZbzRwYVIxcVlscjFkUDBCTXpBa0JXNTdFWk1XNFNsZTZYZDNqcFU3MFQ1ZV9qRHdyaVl6Nl80dHdmZzU3QVZHUGhteVNnMHFxUDdfcTZmOFNMUVRKeEJOa3FBZTgzMGJPTFpxbDVtRTNMeFlaSGlEd1NkTlJnRXBjVjlTVjg0MWc?oc=5,"Fri, 18 Sep 2026 16:42:04 GMT",2026-09-18 16:42:04+00:00
Sam Altman's Worldcoin just launched a global stablecoin app: What to know - Yahoo Finance,https://news.google.com/rss/articles/CBMiuwFBVV95cUxNUHUxWmxTODhaSFp3NzZiR1Vyc09TZ05vNlc1NXE4U3doRWUzOGY3UHhTeTFybVQ0QUJkZWljN1RKRXRZUjBXX2JHd09menhpcFJBUFcwLUhtVEpFN2pydzI1MnhmQnZOR1h6Mm1sSEkzd3JmbXlzdmVzOVhsOVRrbk1MalFaODhLSmM1RTluenNsMHFUMDJkMDBPVU1NSHp2cXo0X1hwNmxYZmxsVURhTVBCYll6RDBqeDFn?oc=5,"Fri, 18 Sep 2026 16:42:04 GMT",2026-09-18 16:42:04+00:00
Chainstack extends Arc Mainnet support: Stablecoin Layer 1 built by Circle - The Defiant,https://news.google.com/rss/articles/CBMipgFBVV95cUxNMzlrWXAzN3dPeXdhNkRSX3VPeV9MZkNwRGpQcnhRMHhmYldobk9aTjM3LUJ2T3dtYkZPUExxaDh3cjZXQnc1SzVYSnhIVHRMRVpsNWtoVldBOXQ3WlhXNnpTcFU2cU1wR0ZRSTF2LVlCVEVDQ3NPRWtKdkNBMmU4SlVBZzhhbXBIRjFiRHhncVJsRXptc2FpckYxam0xVTZYUE5iX3R3?oc=5,"Fri, 18 Sep 2026 16:28:23 GMT",2026-09-18 16:28:23+00:00
ARACORE Joins Global Dollar Network to Accelerate Institutional Stablecoin Adoption - FF News,https://news.google.com/rss/articles/CBMiqAFBVV95cUxPSE5MMUtyN1JNNENrZHNwTlA4TEpWR1JDN1A5b1Fkb05kNW4wUzBSTWdBMjhtQkg0NERJcFlEUDZCcU1oZUV2NnRxYk5mRC1TZGltOEM5aENnRWd3V2x3c0RIQ0VOVnVuNENOX1UyanA4RVFWRDRscWhYdW9iaHVFdkx6NmxtNXJzWld2RHlTWHFBa29xR2d1LTd6d1B4RG1NTlpQaUhnOGo?oc=5,"Fri, 18 Sep 2026 16:01:27 GMT",2026-09-18 16:01:27+00:00
dtcpay grows Series A to $25m with SBI Group backing - FinTech Global,https://news.google.com/rss/articles/CBMijwFBVV95cUxQUFQ5RzRldklDUkRBQUlpUGlxZ0F5eTVLTGp3ajRSZ1pweXhIcGdpVHZwZm5Jc0xwSkZmdGNBRHhkTkVnanFmTHJUSUdBRXNiaGVMQ2FvcXVPVEw5djczM3p3YkcxRlk2a2lMM3ZLbmRpYWxMOTRmc0FJclNmLVJ3a0hRLTRzc1BHYlUzR3d1NA?oc=5,"Fri, 18 Sep 2026 15:11:34 GMT",2026-09-18 15:11:34+00:00
Hana Financial forms partnerships to work on stablecoin opportunities - upi.com,https://news.google.com/rss/articles/CBMipwFBVV95cUxQMXIyVzRLSFdIb1dVcVZ5ZHJQa1p5NXo2WHFzVHZXY0dqQzc2UXNmaFdBNjU3SGNIZmMyVDhMaTgxMHNjYnNmVGxlSE03dVc3TDgtRTBTdV9XaFNDN1p4Q3JjU3EySzdwejZxWkJBUDFpRkx4Z0lFOFFtZi1YSW4zOVA5cjRaUVZuZkt0QVZROTk1eUhRLU51dEstX1RKb29IYjBEYjVBRdIBrAFBVV95cUxQRUI3OE9pSWtHaTBmNzctdnFsQU81WGJnNThLOHd5Nzg4aHJmdDNZRmYwVGx1Tk5mbkptbUN2SW9Zc01tX1hGaEdPNHdMRDVJSkN5ZlpibEFhbm5heFQ2M1B1d3VzSGNBTldLbmFYWmRLeTVrVXUxVzl5WTBtZ21aWG1OODNPcUxGOVhZeXZxUnZxc1kwZ0RnMUxySG9wMUNaTlo2Q3FnVHdvWTMx?oc=5,"Fri, 18 Sep 2026 14:10:49 GMT",2026-09-18 14:10:49+00:00
GENIUS Act Creates Stablecoin Regulatory Framework - legis1.com,https://news.google.com/rss/articles/CBMidkFVX3lxTE9FSmJ2bXZKRlk5LUtndnpubWVGbnE4ZE91QlpidU5YLS1wT0pFUkRXSExfd2Nvb29qVS16eTJ5MU55RHJfM3JGcENWX0dUeHozY2NZQWVMUl9vOUswT3NpOGY4NEM4TWhFY21ORlZCeUtjdTU0THc?oc=5,"Fri, 18 Sep 2026 13:46:37 GMT",2026-09-18 13:46:37+00:00
SOLOWIN HOLDINGS Reports FY2026 Revenue Growth as Stablecoin and Digital Finance Business Expands - Quiver Quantitative,https://news.google.com/rss/articles/CBMiygFBVV95cUxQNVV0alUwd0F4Qm5temx6VjJmWWRSOFVyWEwwSW0xX2ZEMFRtX1JVSEtFQXQ2WVktelg1dE1vQjlwSUdNU0NhUzJkQ0JVTkVlS0tSQ0pIblN6czVKTzVwQjhlbFU1Q19SS1MtRUJUOEdHc3QxZGlHbVN2STQ0RVh4V0dueVhtODFiS2pyZnZySWtqTTJQQ01QallWc3ZneXhPVzRPVml1aERTUmt6SV9sLTFITHJjRGRhMzBUVDRWNDF4R3pHNTlwbDhR?oc=5,"Fri, 18 Sep 2026 13:00:00 GMT",2026-09-18 13:00:00+00:00
SBI Group Invests $25 Million in Singapore Stablecoin Payments Firm dtcpay Series A: how 18 outlets framed it - NewsCord,https://news.google.com/rss/articles/CBMi4gFBVV95cUxPSDFzWTdmQ1FVMVNyLVhHUUx1T2Z1Zk42SGFreFZRcWVnYUhwZGVuSi1JTmhZMDQ2aWt1Vng1Ti1vTmV2Y2tmYlBSVjhDckJoS1F3Wm9sMWJBVGdBRkZqUW16T1ZuZU9vb3VjcjkxZTk3bFR1R2VBUmZNQ0M5Tmt0cFVIenJSWmkwX2tfMnFUS25MeEpHMWJROGF6TDZUREVIU09TZFg4N25TQ25nYW9aTEItUTBBOW1UNW9HWDVDblN1cGdGN1RWTE1qbi1nZHAyZXB5eXl2ZVN4bnF0cm9NWUVn?oc=5,"Fri, 18 Sep 2026 10:13:58 GMT",2026-09-18 10:13:58+00:00
World Money Just Baked a Biometric Passport Into the Stablecoin Payment Rail - forkast.news,https://news.google.com/rss/articles/CBMinwFBVV95cUxPcnFfUEVQWVgyNmI0dEdwTUVOR0VUU1hsN0dXcDN0U1JnOFAySTAwNnRqU2tVcGwxdENYMlFNZWxsWVZTUVNUVnhXaE9VN1gxaXFpaW81WExrWFhiT01oY1h4b0tMbFNmT1cxSzRsV0xaSk1PWnVSbFRWa0huMmNubE9ROEpzR2pTR0pvNE9wcUp4bm82THRJMkE5Q0xrajg?oc=5,"Fri, 18 Sep 2026 09:45:23 GMT",2026-09-18 09:45:23+00:00
Stablecoin payments firm dtcpay closes $25M round with SBI backing - TradingView,https://news.google.com/rss/articles/CBMiyAFBVV95cUxORHdyVDVQQzJjTGQ3aUZFYUVsbnJ3WUZfSnI2S1ZXM0hfRHNZc1d5WHY2MWlTdzR6TjdlMi12TFd4X1dpRlhNMXhjaVJ2dGZUVW44V1AtWjJ2Tm1HOGhlbW9rU1dDQ2poRjJSMjZ6UEJBNTB4VklOdzJpejNwUHJ5UWtUSXBzb0FoTUhjVk1xTlpWUXoyaFZVQTZaQTJ5WkNENzBWSklSTDJSUExHRGRWX2tPMHVEYXYzLS1VTTJkVUlHZjBVc0JLWA?oc=5,"Fri, 18 Sep 2026 09:14:03 GMT",2026-09-18 09:14:03+00:00
SBI Group backs payments firm dtcpay in $25 million funding round - CoinDesk,https://news.google.com/rss/articles/CBMisAFBVV95cUxQR2h3WklWOEJCT25jYk41MjZxR0laUm5oLWxnVWdVQUdMb3AzT3IwRDBVOWMtX2JIb05QY3dzOTczS3BTZm01T0RkTTloMjNEblo5bUVuZGVEcEFVSmlVUnVTRHp3UllpMkdpRE1mSXBlTVZQQ0NnNlNNOFNIeE1Xak5SREU2aGZKTVBBNWhCOVlkdFJUdWJrWnBpTWV1UGpVbDc5bFJQQ2sxR1RMckZpaw?oc=5,"Fri, 18 Sep 2026 07:37:32 GMT",2026-09-18 07:37:32+00:00
Velocity raises USD 38 mln Series A for stablecoin treasury - The Paypers,https://news.google.com/rss/articles/CBMirAFBVV95cUxQazVEYklKbkFuQlRYbzd1Y2w4Y1pCNV9XdkQ3LWh4Rk83N3poODBkamU4SXlJZmlEOC11Z3ViTmxOWFlDay1LSHdFZk5qa04wdll4OEhqTnFiUG9xWmotYWNCNEp1dEJwSjFDdXN0dTB6T1RXc29vaFNCQ3VaZ1l5SHdrVmRRSm4yWGI3SHNTZExaZjhDYnBpS3g0TGdNUDRkZk9ON2ozeTZvRkxj?oc=5,"Fri, 18 Sep 2026 07:05:48 GMT",2026-09-18 07:05:48+00:00
Stablecoin payments firm dtcpay closes $25 million Series A with SBI Group investment - The Block,https://news.google.com/rss/articles/CBMiiAFBVV95cUxONDRvZEdrSVRyaFh5SkpWVGhYcF95MDB2cjRUeGNXSVEwem9TWjBmOGp2ck1kT1ZXMDNrRkYtbDE1b0RVdGtDbkJFdmdHTl85VmgtU1UzQXZVczlHMzlMTERBLTRncFkxUTFGMWRxZ2VJcW8wdkJqOUxRWU1JNFltT21BWlE2TVV0?oc=5,"Fri, 18 Sep 2026 05:29:10 GMT",2026-09-18 05:29:10+00:00
Payment Giant Visa Is Doubling Down on Stablecoins. Here's What Crypto Investors Need to Know. - The Motley Fool,https://news.google.com/rss/articles/CBMimAFBVV95cUxQMmF2TWR3MXBlSVE3QkNQRGRrMEwxNE5OSDZEdXdtbnc2bm1ybkxuMW5lYVlrSXRRNGk0cXF0Ykk2azlyMGxxdVNZeW5paFlUa3JiakttWTJ3VHhQVmNHWWtYSnh6bkVhZk5ZZlVEWDNxRVJqbDJZb0gwckNJcEROREd4NjloSUt4Yk5ZWTRaX0ljMDBkVkdRYg?oc=5,"Fri, 18 Sep 2026 03:29:00 GMT",2026-09-18 03:29:00+00:00
Payment Giant Visa Is Doubling Down on Stablecoins. Here's What Crypto Investors Need to Know. - The Globe and Mail,https://news.google.com/rss/articles/CBMihwJBVV95cUxPLS02NVcwWWE3b0wzWVpFT2JkYmpHSXRpVnl3S2hiTnFaMFllRV9ZUWhkTUdHZUJ6N1l1WjQwTGpJWF9RRHZPSkZTQWlBZ2ozdEtlZy1DR29EblNwRkhFeVQybndVel9HVVVVZ21BS1d0ZUhYRDd3UVV2M2hOUHRKSkdnSDVPTWFPYWFUbjBTVkhrUkdTXzJvNHpOU2Nqb21lbWRac2d2Xy1YQ1VxYkxiOW1ZcGdpQTFyOXNBZjVkVmszYzhVaGVIYUVWYVlzcjIxOWtQUEVKUE9oay1kbmQ3dm1RV0hPd3p2NDhoYzJXYndRT05tWDY5a1NDY2lWWDZGOGNScVRiWQ?oc=5,"Fri, 18 Sep 2026 02:49:59 GMT",2026-09-18 02:49:59+00:00
Payment Giant Visa Is Doubling Down on Stablecoins. Here's What Crypto Investors Need to Know. - The Globe and Mail,https://news.google.com/rss/articles/CBMigwJBVV95cUxOdk1LUmJXbEFIMjZ6Vm5tQ0tCTnliWGdxNEJQYW40X3FkekpORWg1QmhKQ0IwYWVvQy1yWnJ2SXlWWGxwLVA1ZERzQ0ROdzJSXzZrYllWbXZLYUlzZThwT3FySXVBSmtCcDlJS1k1RkFoWGY0bDJyRXFRUWZlaWtLM0JPazJTNlE1OUc5MEt2d2pKS2hmSDJsdXJLaXB6RjMtZ1lkblQwWWRCMW05bExpN0F3d2tiZmRCakxteFpHVTFpS3dzZ05FNkRsNlc3bWlXNDZ0bGp2Qi00RmZDVUszUmVyNW8xcmM3VEpJbUpyaGVZdUl1Z2pYTGNQZDBwQXhUeXV3?oc=5,"Fri, 18 Sep 2026 02:49:00 GMT",2026-09-18 02:49:00+00:00
Payment Giant Visa Is Doubling Down on Stablecoins. Here's What Crypto Investors Need to Know. - Yahoo Finance,https://news.google.com/rss/articles/CBMingFBVV95cUxOSHp1U0l1b0kyblBqX3Y0aWNlMXB4V0NuM3R3VDdpU2U1dktzMW1VOEFWX1hsS3dyaFZSaTVNSGZXN3BUWmxMbWcxWnk5UUQ2WjRFTzZRemtWRFR6QXZBRDNfTEhtM3ZPUWRRZlRzZ0owc0NDc012Slpocmg5MHpHTkU5MFlucEhIVWNNSFhlYS16U2JTaVR0QmNpSDlCQQ?oc=5,"Fri, 18 Sep 2026 02:49:00 GMT",2026-09-18 02:49:00+00:00
dtcpay closes $25M Series A as SBI Group joins stablecoin payments push - Dealroom,https://news.google.com/rss/articles/CBMipwFBVV95cUxPQWwzNEk4V0cxa1ZHMlJUeWl1UU9VOXNxbmdieU9RZy1hdmJXQXd3RDNNellkdTFjMXRMUmw1czZsdUtfa3dnRURTbUJzQU5iZHVGUWNZcFJxMHVLbkYyVDAza21kbmN5WDNyRGROT0ppdGJ4cmVjVkgxRDJTLWdoYnE5V1lnVHlvWkhuaGRIYlNhZlZySmVwZWNxSmhRMlN2V09ETTJtRQ?oc=5,"Fri, 18 Sep 2026 01:36:26 GMT",2026-09-18 01:36:26+00:00
"Why Banks Suddenly Want Stablecoins, and Why It May Matter for You - BeInCrypto",https://news.google.com/rss/articles/CBMiX0FVX3lxTFBrd2U5dU9INm5FRXc3XzdYcVRaNHJkMWMxOHNxUkJyQjVpYTBrRUZnSzAxOFZGb0hkTmRZdHNIQUt5d2hNcFA4WGZveWs3MmJfaDI3VE95eWJBV3NqSGQ0?oc=5,"Fri, 18 Sep 2026 00:11:00 GMT",2026-09-18 00:11:00+00:00
MoneyGram Just Launched Its First Stablecoin-Backed Visa Card. Here's What Crypto Investors Need to Know. - The Motley Fool,https://news.google.com/rss/articles/CBMilwFBVV95cUxOYkFWMnRRUF9TNUtLYWpwWVppTWpOSFg3dXdfWmFWX3BVZ3ZtRWhwaG9Xd2FyREU5OVFKQy1zZk1wZUpzSVBQd0R6OXhiaFpCb1FEMlhaSE4wVFFITmxYUzctOS1ackc2SXUtMXdyX254UnJLMzkwTXFHNE14WXdLX09rTi1JVFhQaGVITVFLRFUwSzVDT3Qw?oc=5,"Thu, 17 Sep 2026 21:23:00 GMT",2026-09-17 21:23:00+00:00
Stablecoins Court CFOs as Crypto Loses Washington - PYMNTS.com,https://news.google.com/rss/articles/CBMiqgFBVV95cUxNZ2FuUm5VR0Eza29MQnA3dlMwY3NtcTFoQUxQcEdzemVMTUlqcno4dHR4RlVJOWc0ODBCSVRWZjJFU2c1VTZDekxUcFdfWTIyMlRaUEd3cjlUdm5XS0RZRVdRcTFtQnJpR3NRZzB4Mzk0ZHpRbDh1ZDRNZktIMkl0TUNQdDM5bENXSXoteG9fbTNZbzBrOEhDNHdDb0RUOVJodFN5UF8yVldaUQ?oc=5,"Thu, 17 Sep 2026 20:52:13 GMT",2026-09-17 20:52:13+00:00
MoneyGram Just Launched Its First Stablecoin-Backed Visa Card. Here's What Crypto Investors Need to Know. - Yahoo Finance,https://news.google.com/rss/articles/CBMiqAFBVV95cUxNa3BxOGZ0eVpHWXJEMHd4dmRlVkpLRzF2MXZtc3pTYkRtM1FYZkxaTmk2a01vTTlPN0FVQ09PZTFpNThhaVFBaTFwVjBmVHlBTlhmeUxPYUR5OGQ3NkFGcmRpWUVxMnpNTWsteTI3WG8xd0VDVTJkYXNOWDQtU3NYd0xWTDk5dWlVMW85RjhjZ0d5OHdGQ2JBUUE3c3B2VUJtWlVKZ0U2MzA?oc=5,"Thu, 17 Sep 2026 20:43:00 GMT",2026-09-17 20:43:00+00:00
What Hyundai learned from its stablecoin test drive - American Banker,https://news.google.com/rss/articles/CBMinAFBVV95cUxOTGVqSnhRWTBCWmVCMmxaNnU0dUxvVGs4RmFwMTdTSG02SFFrRnk2OEZDd2k5a0pybjVBX3dyQ0cxUG9rMVFZREFOdTBueU5jSHlTVzhqUDA3T0N1ZUlqaGxYWGU4NHlwMVRSc2VPU1VRZ0xEZjRsbVQzRkpLOEExN1IzLVJ5NGpyRnlQZFllMW1RbzREZnpNU1FQelA?oc=5,"Thu, 17 Sep 2026 20:29:00 GMT",2026-09-17 20:29:00+00:00
WisdomTree Partners With MoonPay to Expand U.S. Access to WTGXX Tokenized Treasury Fund - NewsCord,https://news.google.com/rss/articles/CBMi6gFBVV95cUxOZ0JDR0E5bmdGWlVGVzd3aHoxSmhvZ0RiWEY2LXBEMlJsTk5kNlc4SHZIcnVJc3k5YzZRazNlOFJ5R2M3dXE2cTNERkhHSWxWT2R3MnlRYXpJNlo4MmY3dTJwYVJVNHpGa01yQzhKTTRqVWpUbGk0VWNWTURNSFJ5MnZLNVZKSV8zeUtRaHZVSW5qXzh0Sk1yaFhPbi1MTDVVaVR2eC1kZG1oTzhUb1lVQzVSMmRQR3U0Wms4U0ZEdk52MXFvVlRpbGE3cjNUdWl1MUNUcDU4eGdoeGJLV0dRNWdOdG9wU0Jsa0E?oc=5,"Thu, 17 Sep 2026 20:25:06 GMT",2026-09-17 20:25:06+00:00
Stablecoin Settlement Rails Are Expanding to the Countries That Need Them Most - CryptoRank,https://news.google.com/rss/articles/CBMitwFBVV95cUxNVUt1TmZ6emZNeHN4eFRfMzdqQ0VIV3AtZ2RneVFUSFI0MWExc2F6TkhuTktzeDJITlNjUlJBekNrY3lFR1EzR0RiOWtzVTRoQVJJeWtpUTdpeXdzUGpBYW5FcUsyM0oyZjdBQUxVRzVxRXVEZUNJNVI3ZkYyWU1EMGFKdDJidFF0SmZ5OFZlZXhycjZFTnBTY282RFZ3RUdtdkQyTHdZTHN5bWt3QUp6WUd4aEJrbGc?oc=5,"Thu, 17 Sep 2026 18:30:10 GMT",2026-09-17 18:30:10+00:00
"WisdomTree, MoonPay team up to expand US access to tokenized money market fund - TradingView",https://news.google.com/rss/articles/CBMi2AFBVV95cUxNeFZhZF9RNmhPQmFJLVk5RHZ4ZmtSSmNpejdCQURqMkFKR1ZyUGtEbDh4NTIzc2l1bVE5OUJCbElZRFk1OWNZamdIRlBFQTZldTkydjJCQ0V4aU15aVdTY0ZoMjkwQTJGMU5vMmoxZWQ3cklNTzJPN0lFYUpIbTMxak5mcmdqQ3Y0MnBoeFpQV0NITlUxRWY5WS10Wm15aUJaQktkUGM2QV9KRXZnaGdyZ092SDNQZmxrZG5acDBxd05DTWhyWE9vdTRpNDFVUS16UzNtbllYR2c?oc=5,"Thu, 17 Sep 2026 17:31:12 GMT",2026-09-17 17:31:12+00:00
"Coinbase and Stablecore Bring Crypto Trading, Custody, and Stablecoin Payments to 3,000+ Community Banks and Credit Unions - genfinity.io",https://news.google.com/rss/articles/CBMiugFBVV95cUxPMllVWG5JcjFkLTVOYXEzd2FpbDNRVXVqN1FyWUFoNlZ6MDU0ZnlRSGpyQzd4Z2FFYVRoVmJFS2JkdXJoNVdidzFnaVRKaUk5MnRaSW9XSG9YbmlCSEFJZjlrREVxRWFhVVk5ZkozbGEybmdIVF9Tb2J1aFA4eFZaSVJjZVNmX0RONnNpR3hHYnA3NFcyMmlvdmYzUXFFa0k5RGNVZjAybENTRWVkV2ZoV3NPQ1FqeXFmZkE?oc=5,"Thu, 17 Sep 2026 17:22:08 GMT",2026-09-17 17:22:08+00:00
Traders Pivot to Stablecoins as Markets Absorb Federal Reserve Rate Increase - Northeast Times,https://news.google.com/rss/articles/CBMitgFBVV95cUxNUVU2REFZdmtCYWR3a0kxTU5xRGo5T2xJX2V4MGhuekNWbmtNMXBHY2dmamVrRUU4MGxRY2d5enhZcTRyNTlZWi1sek1sMTJGWVpUWDVqcG5VcDRKaUk2d2FYenZnZ2lRRTA5djhKOEFMQVRpa2hoQmdSVVpfZ042ek1OV0RZM0FaS09mN1NuT2dMel9LYzNqWGVwQ0JBY0c0dGh1WWswbzB0d1ZxRHU0dlZEWk9JUQ?oc=5,"Thu, 17 Sep 2026 17:07:33 GMT",2026-09-17 17:07:33+00:00
Introducing World Money: a financial super app for humans - World - The real human network,https://news.google.com/rss/articles/CBMiXEFVX3lxTE1GTVJIUENvZlVrR09Pb2laSGQtM09HbE5zcVVTQWp5MzlXRU9jckZRaWxQRGg4blUxaVBzOExNdE9nWGVWZ19NRUVPRExqakZWTU1fd082dmdKRVVx?oc=5,"Thu, 17 Sep 2026 16:50:09 GMT",2026-09-17 16:50:09+00:00
MoneyGram taps stablecoin ally - Payments Dive,https://news.google.com/rss/articles/CBMifEFVX3lxTE5KQTlNenRxd0Q5SHVueFVzS19RU3lxMU5rSExuOXNEbGpoNm1FXzE1S1gzOHpuQ19KV2RyVjNPb3hMcFNacTJvOUlEQTlJc0NOYkFvWVFLc1ZsQVlCOFQyc2RXMzhubHdPTW4weFBZRUdGZFN1Y3NQZG1odXU?oc=5,"Thu, 17 Sep 2026 15:55:40 GMT",2026-09-17 15:55:40+00:00
Stablecoin Settlement Rails Are Expanding to the Countries That Need Them Most - forkast.news,https://news.google.com/rss/articles/CBMiogFBVV95cUxOV2FVZkdyam1BQ0dZYWE3RC1DbVRSZkpXc2U2NnMxX2U3Zk4tZ2dTQm5Jc3VSamVwYXhjNG9UWEJrRFJ5cUxXS3NjTk8ycVBueVZyR1RpejFZZlp2VV9qanJsX2hjY0hST1VsXzdSaEFjWEJqcDZNcHZ2WjZ6bXV2bGxoTEhQZ2ppaXRmbVZxSlQ5VFFXcWdoOFJDSFZEYkFSN0E?oc=5,"Thu, 17 Sep 2026 15:43:50 GMT",2026-09-17 15:43:50+00:00
Four Ways the Market is Financing Stablecoin Payouts - Fireblocks,https://news.google.com/rss/articles/CBMigwFBVV95cUxPVjFLTy1kVVA2NXBUbDZ5Z3VZY0VSRUhETDZKMVRoUVB5NWdLZVJzZnNFY2IwSThDTnJtdzBzanZPVmJ0SDJNSUhucVA1STBnakRBUE1WSU01cE9DN1lSMnRBSFdjdFp4dWF0YTFmNWlWWlh0N2ZfdVJ6d1doOFRwc3RZYw?oc=5,"Thu, 17 Sep 2026 15:12:06 GMT",2026-09-17 15:12:06+00:00
"World launches 'World Money' super app with stablecoins, Stripe integration and boosted rewards - The Block",https://news.google.com/rss/articles/CBMi1gFBVV95cUxOSXMxQklvTXZRTGJNUEswMGhoelJyUVF1LXJIdWJybkNKaURjT0tSNXZZdWVmUm94Y1ViV2pOOHpxZEVYQXg3REhDUHRyZ1dGQjFaYmZ3eFptSDFfVnJJeUxTaWJ6VVQtYXBQcnlyTWVHbjJOQWY4YksxS0stTHdkUXlYQmlUbm0xMVp6S2VpeVNJd1dVWkVOS3pyRDFXN2ZBT1hLWE1sb29fWmphSjBWSFZFTnctSmlOU0lFczlrQ3Bha2FIaFBrWHhFaExYeVFiQ2FqMnJ3?oc=5,"Thu, 17 Sep 2026 15:06:58 GMT",2026-09-17 15:06:58+00:00
MoneyGram taps stablecoin ally - Yahoo Finance,https://news.google.com/rss/articles/CBMimwFBVV95cUxOOGF2TXI5VktIdFZYMmJmeWRvTW53b1lIaks4OVE3aWFGd3BrejJMU0xQdlBqVk5xdTgtWFpIRlQ3RW9POS1ad0pCZFI4dmZBN2J5eVFiOG53Mk13eUpsSUxuTmQtM0ZDd0xmSENFeUNTQ3RrbFlROXIySVI4M2NDaGNmMTNIN21RNHdVT2d1NmUtWHEwRkEzbmRTRQ?oc=5,"Thu, 17 Sep 2026 14:50:00 GMT",2026-09-17 14:50:00+00:00
MiCA-Compliant Stablecoins: Complete Guide for EU Users in 2026 - StealthEX,https://news.google.com/rss/articles/CBMiY0FVX3lxTFBIUU9yWGViV2V6U0wxcU0zZkg3V0l1WTVfdTlUSVBBSTZzaTR5Wnp0VV9zcktiZlFfc2hxekZvNTRuZFRDVEpCYk1CLTd3UFdLVUJ6R1RsUWNqcDlkSmxmazR2QQ?oc=5,"Thu, 17 Sep 2026 14:46:07 GMT",2026-09-17 14:46:07+00:00
Flagright Bolsters Codex Compliance with AI-Driven Stablecoin Monitoring - FF News,https://news.google.com/rss/articles/CBMiswFBVV95cUxQOEJqVE9WVG1kSHgyaTU4bEZrRU9UMEdITWlBMzlvREVyQlg3bl9HQVZ6cDdycmxScUkxSkNvcWR1YmZ6R0M2V1p2STk1bU5fX05yWUZSb1REVzRwMXRkYzYyREpyd2Y4QkhISXp2MkVGWHN2UVJZTWxIOU5BbFpBem5YcUJwSDVsM1JmTVR2eGxuWlY0N0dsX3c1TkxwNVF4elg4TGhNYjVxMEQtaXAtdmdTYw?oc=5,"Thu, 17 Sep 2026 14:10:31 GMT",2026-09-17 14:10:31+00:00
Wavebridge Expands Korean Institutional Access to Onchain Stablecoin Settlement Infrastructure with the Mainnet Launch of Arc - PR Newswire,https://news.google.com/rss/articles/CBMijgJBVV95cUxQN21GOUE3YWRKWkxxZzZqTlhhUkRLRWJKYUo5M05JbVJrZnZqUnhNaExHQWxVd2JpOE5UTzhuaEM1WkVxcWlGMnRxemt2RkY1ZDNSYkdkQ0VoazZrbE1tM1BjUndJZlJwQ3JqTE1Ncjk0V3pGck81ZS1zSW11VERkRWlndkNfX2YwMlBFSVJQNjJwem8zTFBEWmI3Y3Ffbzh2aFMxR1Zna3JHZlg0OVlTZXdZbXpYRVh0a2ZmLTJjVTNJZFZxTjVFNkdDbXBnN3pGVmFoaTlwZ3J0YWhnVzZBNW43c2xvaXlxeV9HXy1XcVV2NGtURlJkaXUtUzJfRndWZU92VjBfNFRBU1FPd1E?oc=5,"Thu, 17 Sep 2026 12:00:00 GMT",2026-09-17 12:00:00+00:00
USD.AI Secures $40M Stablecoin-Based Revolving Debt Facility From K3 Capital - Financial IT,https://news.google.com/rss/articles/CBMitgFBVV95cUxNUTFDMEN0U3EzQ3czOTdTdEtPSzZ5TDJkVjlFd291WUlOUFd2RlNkZ0RJLVhjVkFQYlAzRlVsM0JlZG5obk9XUVJldnZUUkVNbE5aU0Q3eXhmcEJ4U2dIZmNtcXJUblpNNmFLbmVlcFZ3S2FUa2tseGFPYXpYaFZCcVowS3VoTmJ3ZHRWa3BjM3FtUjl1M0Y5SXIxMUxtTUJJNUlDN0JPR1NxX1E5MDE1a0pqS21Vdw?oc=5,"Thu, 17 Sep 2026 11:37:02 GMT",2026-09-17 11:37:02+00:00
The OCC’s November Deadline Is the Only Federal Stablecoin Game Left in Town - forkast.news,https://news.google.com/rss/articles/CBMingFBVV95cUxOU1IwVUdDZ3IzWXJyQVlYRUFzMWtDdUZoYURZeExNUFpDSEh5YkVUVmNxMDVIaS1hWFRyQmplZHZ5RC0zQzdib2lmRWNaMGUxbnJNb1hvbTdyMjhZOExqQlJ3QnQ2UkktWE0yZHRLcE9oQjlCbnBXMm9ndWxMQmdTNFdXaThGUTNjMXF6bFNBRDVSYUdtX3ktTUlDbnk2UQ?oc=5,"Thu, 17 Sep 2026 11:26:52 GMT",2026-09-17 11:26:52+00:00
SBI and Kyobo Test Japan-Korea Stablecoin Settlement Model - Yahoo Finance,https://news.google.com/rss/articles/CBMilgFBVV95cUxNNDFIVWZYNVpDa1l4LUtKaXpwX1Y4TWZXOXdCUW9qTWJtOWdoUDBkbl9QMnByM0phSTdBdGlORFlma09MUjV0dGlmcjM5dXYySTlULUtGLU0wS2lROTNyRlVmLWxjWVhNNFJFRXdLVzhOcHc1alRnUkJWV2puTXA3dmd1M1BOaU10bWk4YURzSnlhS2dqX1E?oc=5,"Thu, 17 Sep 2026 11:09:13 GMT",2026-09-17 11:09:13+00:00
How to Bridge USDC to Arc: A Step-by-Step Guide to Circle’s New Blockchain - Bitcoin Foundation,https://news.google.com/rss/articles/CBMidEFVX3lxTE5oR0FpUXMxWjNrYzNMN3FNaEdOY1FNdnByUy1ZNURwNkVja0lENjVPMFl1WnJFZ093NGhURTlwRVRvOWd2X0Vvckd5azJZQ2swNFhCdDNESEczcDZwODZ5OWdLMHhrSnlhRE9QMVNwTERQOXp1?oc=5,"Thu, 17 Sep 2026 11:05:37 GMT",2026-09-17 11:05:37+00:00
WisdomTree and MoonPay Collaborate to Expand U.S. Access to Tokenized Funds and to Support Stablecoin Reserves - Business Wire,https://news.google.com/rss/articles/CBMi-wFBVV95cUxNcmNzM00tQlVnVUZVQnYxTERnd2ZqZzFJZGpYbVlQSEM3SHNjd1NoMjNOdnJJLUI3RldJUVhpbjdyRUNxRHB3TTg1QktXQ0dJMGc3ZG5lU0sxaDBGSXlsdGJ6aHNjTF9xSGp5MWhhT2VDTWVkMDBvbHJBYm9MSmNKOWI2TFpxT2pBdGowQXpZS2xhbjlrejJwZmgwaXZjdVItUWlmTkF0TWVNSktEdUU3YjhfZm1Fa08za25zNTBxR1R0bHpVVV82eEF3UnJtM1dwbHh1MlE5aFJSYm5peHR1bDBNUS1pcEhwUkt4OHZoNTA3R0R2dkZiNXZyNA?oc=5,"Thu, 17 Sep 2026 11:00:00 GMT",2026-09-17 11:00:00+00:00
CLARITY Act fails to pass — what now for US crypto regulation? - finextra.com,https://news.google.com/rss/articles/CBMipwFBVV95cUxORXJSOWxrOFdOWThqcEplUUxoVlFvNENTMDlUbXNLYjRlM1BTaGJ3S1RBVDBTVmp2dVpnZHRFbl80VEY2OXB0M3BCSFpFWTAtWnB6aHR1NkhsdGFWWGtmdkh6TGhXVUFqWklLZHVMQTBaT0ZQY1pwNE1MTHJhWWJiWVNLLTd5MzlKRmJITkwybmd5NHpxQndmQk5BU3RkV0VONDF0VTBvOA?oc=5,"Thu, 17 Sep 2026 10:00:00 GMT",2026-09-17 10:00:00+00:00
What It Takes to Build Compliant Stablecoin Rails Into a FinTech Product - DesignRush,https://news.google.com/rss/articles/CBMibkFVX3lxTFB2dXRUSG0wNWxNX1g1cjdOS1RrdWE2NHhjeDhXNVI1Sy13QnRFcF9UVXA0UHZwaDE0a05tbTQzVm5ObkRDVFlISWx3eE5BWHFPdFRURE9jcnAtazFVLXpUMTlENnVERm1XTm1FSGl3?oc=5,"Thu, 17 Sep 2026 09:48:57 GMT",2026-09-17 09:48:57+00:00
Hyundai Card eyes larger Avalanche stablecoin rollout - Crypto News,https://news.google.com/rss/articles/CBMif0FVX3lxTE5RUlFPdXN5cElXVExmWjBVUEdBbFMweVFiV01yeWx2R25UM3dRc0kwSThfaHRWTlJyMHloS0Vnal96LUt0MUZuY2EtYlpCTFBINUM4WFkxZE1LaHVBaDZ1ZGdRME1BZV9iZDJwR09vX25KZ05EQmVzTG5EcXN1Vnc?oc=5,"Thu, 17 Sep 2026 08:36:15 GMT",2026-09-17 08:36:15+00:00
Column Launches Instant 24/7 USDC and USDT Conversion Across Banking and Payment Rails - Bitcoin Foundation,https://news.google.com/rss/articles/CBMizwFBVV95cUxOaEY2UkZGOXlLOUxYQngxZEctYnJhQkNiVThibWxuZXN1SmZFN0ZfLW9fd05pUU9CbGNWUXRXbWEzRkJCVzlmZHF5WU9ZRWdaMG5TWUJpUi1PbmFvQXREV2JOUXd3TEY5U0NkWDFqZUE0OFhhTXl1aXAwa2FCVEs4aTQwSXhlN05iT0tXNkFWYTM0Y3paVVh1RjhlWnMxSFc2V3J5SnRyRFhQWGQtZnltTHlCV0hLZnY0bkgtQnhLZms0WmROOVB3WnhDRmtoZm8?oc=5,"Thu, 17 Sep 2026 08:15:31 GMT",2026-09-17 08:15:31+00:00
Column Rebuilds Financial Infrastructure with Full-Stack Card Issuing and Stablecoin Integration - FF News,https://news.google.com/rss/articles/CBMibEFVX3lxTE40RklZZmJ4MW1UWi01ZjBwSHNYc1FFdWlDa1lnTHlzNzRmQjkxNDIwWkw0S1h2MXVhOERjNkxDQ3JrQ1JtaThxMFNiaG5mSDNrQk1yMUlyWlA5bFpXN3Naa0ZFN2pmQ1dIWjNTUQ?oc=5,"Thu, 17 Sep 2026 08:10:21 GMT",2026-09-17 08:10:21+00:00
PayPal launches PYUSDx platform - The Paypers,https://news.google.com/rss/articles/CBMimAFBVV95cUxNcEJOMVNBWU4yY2p6enlxODF3aHpvSnAwQlFiQWt3UHliR2xtUk1NQjNaMjZlaXg0UFA5blhjSmtiYm5LTkpYVXFXNHhzNVhPNDR0TUwyMlBuQ0QwMUJMbjJoMlB6d0M3eW9mcFMzRlpyU3Zrbi1qb01RMzdzRUdGb1NHdjgxUUE0M2EzbGE0bTFwS181bVBQNA?oc=5,"Thu, 17 Sep 2026 07:03:04 GMT",2026-09-17 07:03:04+00:00
Hong Kong targets stablecoin trading and tokenized real world assets - Crypto News,https://news.google.com/rss/articles/CBMikwFBVV95cUxOQ05VdXdXMEFERUk3Q3lHNEVZTXFFcGpGQmxVMmlJU3huRW5DUmk3SFoxOC1CVW93Z25QaXZzc2U1S3NLXzVzcmtIMEhtcmE0LUhnZEV5S2FqM2s4LXdrazc2NWJWaEJ5RGo1aFFxWGNfVmVHWDFaTEJsRzA4MnQ5NUZZU0NOOGdpczJaWnpyYmhOb1k?oc=5,"Thu, 17 Sep 2026 06:40:00 GMT",2026-09-17 06:40:00+00:00
Rhino.fi Offers Native Bitcoin Deposits With Stablecoin Settlement for Businesses - Carroll County Mirror-Democrat,https://news.google.com/rss/articles/CBMitwFBVV95cUxOUE1MTWFrQ2REYWt3TmJUVVdfdEtnSElPRGdFUG1ZeW1Fbm9vNEhiWHBiYmJxVkFYMDVwY3FpTk9LWEUyaGVfZHVoS25aZUhUcVpxUWt6NktmX1hMUUlTY2tvU01rOUtzb2w4LWo3NXRydWozUV9OQ3dBdG5UT0cwU0dFeGUtUG5EZmFiQ0IxRF9oWmtIdjMtWWpYLXJNQWtxQkRYMThmcFh5djRMZFU2MDFlcGJLSWc?oc=5,"Thu, 17 Sep 2026 05:36:44 GMT",2026-09-17 05:36:44+00:00
Solana gets the default spot for stablecoins at FDIC-insured bank - Yahoo Finance Singapore,https://news.google.com/rss/articles/CBMijgFBVV95cUxPaTlZUV9nbHlyQzkwUlpLcnNNeXB2UF93WV81YXE3d1BWUEh6TC1SWWVPeG53eV91X0x2TlUxem1mVVllTmxIZ19PSUFfOWVOY3lNdjh4REdWU25rWUlHOC1wRFlrZ01sV2pWWjJvaU9aSWIzT2VIbWppTWtLa0FvR3ZIZU5XSVF5T0RhbU1B?oc=5,"Thu, 17 Sep 2026 00:53:00 GMT",2026-09-17 00:53:00+00:00
UK Sets Crypto Licensing Rules as Treasury Plans to Exempt Some Stablecoin Payments - unchainedcrypto.com,https://news.google.com/rss/articles/CBMivgFBVV95cUxPR0hVdjhXdXJoTkFVMXR5Sktlc2VqdXgzdXhNRUJ0WDhvMU4zRVBZUk1wUVJDZl9YbEVxT1hLQXpHd0s4b1VSNmZrWXhxdDZfVXo3bDZTTlhxR0ZhVXI0ekt0aDVrUVRNWUtsa1Q1dFBLN0RwMlFMWERINS1aMkdiaUZqUm9VQVRkMlJGZk56b2VPZmtGbXF4QnkzNTdtMTRLNW85LUpGdWhrWGwyaXM3dnpscE9nMkUwaTlBMk9n?oc=5,"Thu, 17 Sep 2026 00:42:00 GMT",2026-09-17 00:42:00+00:00
Stablecoins vs Traditional Banking - The Block,https://news.google.com/rss/articles/CBMiiwFBVV95cUxNWjRUd1lfYkxLUWp5LTFYdFVzY2ZqSFdpSERqeUNmUS1Vd3ZLTHVEMlZodVdkNDNIWGtzYkpKYjBKV21FbW83azZkSjNqR1BjTzc0TW9TNU1Cb3UwbUtUNTV0blFXMGpXZVQ3a2RRM0M0SnY3U1VZeC1tNm9vMkdaWEVOV3VIdDdOZmtv?oc=5,"Wed, 16 Sep 2026 23:26:01 GMT",2026-09-16 23:26:01+00:00
How Do Stablecoins Maintain Their Peg? - The Block,https://news.google.com/rss/articles/CBMijwFBVV95cUxQQ0lPa0VPVUU5ZE9mbkhhN1lfWFktczcwSncwUFhCb2paTTl5SXF2VHdlOFFldm5IejNqOENHLUl3WHpwSWpaLWV5M2ZYT3MtYjVPZ2psdGFvRzlZVkRUczFrZ2lXT0dtNGh6R0d2ZjFpQ0U2d1B6Y2lwN1lZUTdia1UtX1lTbm1rS2VfMVhBYw?oc=5,"Wed, 16 Sep 2026 23:26:01 GMT",2026-09-16 23:26:01+00:00
What Is RLUSD? Ripple's XRP-Native Stablecoin Explained - The Block,https://news.google.com/rss/articles/CBMib0FVX3lxTE1SVUlBVmhxdVgwbHQycXdXT2xsd3F3azBCbDM1R3lJbTcxS1NnX2NnRFRyNkl3c1UxWmpadzU0LUlzNWw4QkgxdzJwYk9nTWhEOUNnSS1PTnNnOUlMdjY4T0NmQjh6c2dzUXQtNklWaw?oc=5,"Wed, 16 Sep 2026 22:56:59 GMT",2026-09-16 22:56:59+00:00
Solana gets the default spot for stablecoins at FDIC-insured bank - thestreet.com,https://news.google.com/rss/articles/CBMiqgFBVV95cUxNc2RPdlFXU3FYa2VaMGFTRzlGS3A2NnpkRUxFNEo5S3pfTWpRY3VZM0Utei1rbV9BM1dzbElqTEkwekdYdlNQOFdudERqMTc3MEV5Y2ZFeHpuaTBqTXZaeWtKUjJDTFRkcUVkUUtRVXZ4aGtnNllqa0hGU0daSXJwVzloX2NTbUwxVkxVelhtajBMRGx3Nlp6NEc4OThVQ1RaYkhHX0NZdlNmZw?oc=5,"Wed, 16 Sep 2026 21:53:00 GMT",2026-09-16 21:53:00+00:00
BitGo adds support for Arc stablecoin blockchain - Investing.com,https://news.google.com/rss/articles/CBMiqAFBVV95cUxPWmM1a3FucHNidWkyWl91SGJfUDE3MmFIczhDdlVMUlRQd2k2N1pjSzRlQlNqOVl2R1MwZFNPU0JGcmFVVmtCUV9CX3NYVEh2aDJfREpyc1RiQ3JweGgtMjM1dkwtVFhaNUZ3ckVqTmVCV25lR0xzdnJOaGlHem91cXJmeUZjc0Nmd0RSekV4SzU1ZnF1MXZwem93dzdFRmRpYTR2UlM4N3Q?oc=5,"Wed, 16 Sep 2026 20:48:50 GMT",2026-09-16 20:48:50+00:00
Stablecoin Development Corp (SDEV) ties 212.9M-share resale to SKY token warrant deal - Stock Titan,https://news.google.com/rss/articles/CBMiywFBVV95cUxQYmlXZmV0ZFo0aEoyczducHJXaGRpcUh2NUJibTdHVElDM3d0SENKSW8wd1YySHlFdUNkR3l4ZkRZeEFBLU54UFhwZ3hhT1hSVnZ5X2xLdU54WTZac3ZTTzU0NmdsaGg2c0lLTWVndmM3QTZ4U1VLZmstM2lURDhWeEhNNWJsX3VRaWJJak85ak1KQ0F2Nmp1LTZtc0VIQWlkSjFNUXhhZWl3MjJWN3JyN3FWR0wwaEZKRHAtYnZQWTVYVFYxSWZ1VXdZUQ?oc=5,"Wed, 16 Sep 2026 20:36:47 GMT",2026-09-16 20:36:47+00:00
South Korea's KRW1 Stablecoin Becomes Spendable at 175 Million Visa Merchants - Startup Fortune,https://news.google.com/rss/articles/CBMipwFBVV95cUxORGg5STBCZG12QmRGUktZOTRfNDgtUWFObW8xZ1NBVjV5UDJVTDNHMUxKM0ExSnkxclFlMGM5aUtEMTV4MHc1bEFNakd3UG01MTNHdlRJRjZLa0ZBMHRwbGNheEhUQnI1cXFhRnlqR29PS0dVVFE1SkJrRDNEWHlieUItVUE5LW1lTVNuWDlDVnM0OUNjcWpCUEVVM0g2RnFaQW94VUVJRQ?oc=5,"Wed, 16 Sep 2026 19:22:05 GMT",2026-09-16 19:22:05+00:00
FXBO Partners with Overchain to Integrate Stablecoin Payments with Banking - LeapRate,https://news.google.com/rss/articles/CBMixgFBVV95cUxQM2hGU29zSWh1Vm84Rm9ZUXRsTEE1TzNUSjhKRXdIanFrc0ltUFN1R0JCcXJjTnQwRk5pZEtBSHlNLW93MFNaT3Y2bjFBWVlGekhBT1JOWVhielRTRlJ5NFpDOHVnWV83blc2c2JvY1QtZTlNcnZmTExjcTF1SExnbnNYbkhkT01LdkZKSXByUDFrd1hYeVQ1QXpDSG9VNy1NRUVlVVp0Q3l5amQ0eXNOd1pnZGU1UWZpemItMWNjWWdIUFFzRnc?oc=5,"Wed, 16 Sep 2026 18:19:10 GMT",2026-09-16 18:19:10+00:00
Rhino.fi: Interview With Founder Will Harborne About Enterprise Stablecoin Infrastructure - Pulse 2.0,https://news.google.com/rss/articles/CBMibEFVX3lxTE1zNGFXZHlpQTctLWZkYXI2QjdYSzd2eFJNMW5BRVVway1kaFNGbzVpcnNlRm54Ml9ya3VRYXJQbGxKTFFrMlRsMmdPQTA4ZzVtekJjN2FnZ2hPRl8yQm9xMnpUR3VNYU5uNlpTYtIBckFVX3lxTFB1M2JmS2NZMXFsN2dwYjVmUWt6Y0FpTXNNbXpjVV9OVHJBeHFmdEdlaHZhdWJVNU94N1ZXOUtLbXJOZzFicTFJX1VBZXBCNFBBbWF2SEM2NlZ5YzJKWkMxd1J2TGZrWmVuVi1JcHJ2OElRUQ?oc=5,"Wed, 16 Sep 2026 18:18:46 GMT",2026-09-16 18:18:46+00:00
Rhino.fi: Interview With Founder Will Harborne About Enterprise Stablecoin Infrastructure - Pulse 2.0,https://news.google.com/rss/articles/CBMickFVX3lxTFB1M2JmS2NZMXFsN2dwYjVmUWt6Y0FpTXNNbXpjVV9OVHJBeHFmdEdlaHZhdWJVNU94N1ZXOUtLbXJOZzFicTFJX1VBZXBCNFBBbWF2SEM2NlZ5YzJKWkMxd1J2TGZrWmVuVi1JcHJ2OElRUdIBckFVX3lxTFB1M2JmS2NZMXFsN2dwYjVmUWt6Y0FpTXNNbXpjVV9OVHJBeHFmdEdlaHZhdWJVNU94N1ZXOUtLbXJOZzFicTFJX1VBZXBCNFBBbWF2SEM2NlZ5YzJKWkMxd1J2TGZrWmVuVi1JcHJ2OElRUQ?oc=5,"Wed, 16 Sep 2026 18:18:46 GMT",2026-09-16 18:18:46+00:00
"Circle Launches New Blockchain for Stablecoins, Other Assets - The Information",https://news.google.com/rss/articles/CBMilAFBVV95cUxOQTlEY3pNcmhLbXMzcFcwR1EzSlh0VFgwSWQ0RmJhZmdZV0ZiZ29jLWVlUndJaXNJYV9rQ1RWZ0tFczRZaUlodzRsUExuNTRkaV92UWQ4NG5hYVc5Q3NheEhOdWtTcTlMS2pkNWN2NEFTNWVjMVZQVFVLazdpSUFxTjFrZzBfVHlPOUlZamY5RDMzbjh4?oc=5,"Wed, 16 Sep 2026 16:40:00 GMT",2026-09-16 16:40:00+00:00
Wirex Launches Wirex One: A Stablecoin-Native Neobank for Mass Affluent Wealth Management - FF News,https://news.google.com/rss/articles/CBMiswFBVV95cUxOWTJYTTFvbElKR2lZOWhqRTBmcGtxLUNITkJaYUppUVd3NGxsVHBSWHlGWS1BY1NIQ2REbzhQdVJBX3RfeUFOWDJmX1BybjQ2RVNBR0tNY25vc3A0MDFoRXJmTXZnaDRzc0JvS05tc0JtSkgzQ3Y1WENlOWdranpwVjJfLVU4VTVhYzFlaHo0UUpEVGhQMWIwWm5Za3hjbW96ZFNzc01YajVVaVdMQzZ6OVpuWQ?oc=5,"Wed, 16 Sep 2026 16:29:49 GMT",2026-09-16 16:29:49+00:00
How to Make the Most of Your Stablecoins - Ledger,https://news.google.com/rss/articles/CBMijgFBVV95cUxQQi03SFhsMVI4ZktHLVhVTUh6WG8wMXdUaEN5Y0JLYW1rX294cjViblJGVnN3TkpIN1R4OFR0ZTZta2lCaU9ER0dpdDVuWEJCZFp0d19BZFJMTWo4NmZoWFlqdkdsRWJZc0NvYk1tNzlOWmkwLTZhdno1SXJFZF9JcC1PSF82U3FoQ3JFZl93?oc=5,"Wed, 16 Sep 2026 14:56:33 GMT",2026-09-16 14:56:33+00:00
The UK just quietly carved out a massive stablecoin loophole while crushing crypto lending - CryptoSlate,https://news.google.com/rss/articles/CBMisgFBVV95cUxNVnNiR0RoR2FJV0RaQ3lyanZnYVIwbzNpMDJJaE1LTHB3SDJiM28wcWNXNS16SjRjZzVmaGRndmJzbUdjVG15aGhXQi1Cd3Z2eTJsUk4xUzRwQ19JRHlkUEJldnhZNHdvZzJNenJWdUpSSzFVSUo3aFA4N1A5MU96UHBqY3hRZERSMURpUDVUYjIxVVR3c0diTEpDUUVFaTYyTk8yMVRpZ1pTMFFJRHBhVHdn?oc=5,"Wed, 16 Sep 2026 14:30:12 GMT",2026-09-16 14:30:12+00:00
LatAm telco VIVA taps Avalanche-based Iris for stablecoin settlement and dollar reserves - CoinDesk,https://news.google.com/rss/articles/CBMitAFBVV95cUxOc3ZNUVJ4TDl0QTdQbFhXODlwSUhyd1BTaHNFNGZoVkppZmMtbDFtSHV0M1FocGczbmZJYk03cXlqeG5ldTBEaF9fOUtkbEd2OUpwZnkxeGotdkIwdGtvVU9pYU9ldS1fQ2h0WTdEanl4M1JiWm1Jc1Z0U3pUcXkxMEVtYkM3bHd1aGhpOXJLY1BkOE1zNEZkOGJlQzJsTllkNnZlOHdxbFAwNElhak5sN1Vnb0g?oc=5,"Wed, 16 Sep 2026 14:15:03 GMT",2026-09-16 14:15:03+00:00
"Wirex One Launches Publicly on Arc, Bringing Stablecoin Private Banking to the Mass Affluent Market - PR Newswire",https://news.google.com/rss/articles/CBMi6gFBVV95cUxPZmVyRDZIUEtvaFJmSjR0ckdaOVdmbW9sZ2RlWXgyaHFoVE9yLXNaN25wcTFfYnhOajV2Q0N6RnZ0d1VKTTJqeGEtczB6R0JObVhweGdWWW5DNkZmZGxHbDgtM3U3ejVjd3NBVHFIZkxCVktHUTVxaUZSTUhSQ2xtcFpCUnJJbXdIWXpraHB2d3FkTjlBX1A0RTJFOWtBcWoxcVJIekc2SFdIQnhvSWVKNkljcUktalc0NGpKNmNkakVFa0F6MHFJU3JtTGFxMngwZ19CMDJpMGJrR3N1a1NkOFdRcVB0U0VTaFE?oc=5,"Wed, 16 Sep 2026 13:40:00 GMT",2026-09-16 13:40:00+00:00
"Bernstein says Clarity Act failure allows stablecoin rewards on idle balances to continue, expects 'swift' SEC and CFTC rulemaking - The Block",https://news.google.com/rss/articles/CBMikwJBVV95cUxQVHVSTy15RnZhQWNyQUttbE8tM1NLbDZHTEp1NlBablAwWnFJcUg2NlQ2MDdFTlhsdzZaZE9KNmFIUF92cTBfc0d5dXBqc053Ry0xcThGU19pcEdjU0ZQRE4xWTJ0VFhhOWs3WEtILXVNWEs0bndWcnM2LWhsbEFQT3poSnpIWUlIdFdoejl0NF9YNXZRVGJ4Slc4bGZoQmRhZFNkWmFacVUtVkZ1QTBQWEkxNHVFeVljYmNzdVpmaVI5TDVjWWJYMGRTUGR5V2d2NExJQ1gxemthQkZuWjNFcHh1WGtUUVlUWjhhTzJ3ZDBVNzNtUXNvZ2tDQU8tZGFUYU5tWGRabTdaNHNlUG03UzVfaw?oc=5,"Wed, 16 Sep 2026 12:47:59 GMT",2026-09-16 12:47:59+00:00
"Stablecoin Push Exposes Infrastructure Readiness Gap at Banks, New RedCompass Labs Research Finds - Financial IT",https://news.google.com/rss/articles/CBMiwgFBVV95cUxOdzR0WTFHTlFtS0FaSFcxMHpyc3JJNzNrTU1SemVEOEJzeURiZTEwSF9Jc1VpN2U1QWJTbGVZV1JNOHZQa0pmQ2VNbHhsNm9BMGNVTVN6UDFfSVlUZ2tTOWdQdzhFTzNIVlRTTlV3N3ZpRFVVTWc2OElZN0h2a2c3SmpfUFR4amdFalJ5T3JjWW0xUVlKMFEzRjdyLU40TVk3QjY0Y1hvZ01TallIa095Y1Bucm00aGNSbWNVU1RZRHRFZw?oc=5,"Wed, 16 Sep 2026 12:40:47 GMT",2026-09-16 12:40:47+00:00
Stablecoin inflows to Binance remain robust. - CryptoQuant,https://news.google.com/rss/articles/CBMidkFVX3lxTFBob3NWcXI3bE9xd1ZEUGNEcGl5R1hHZjZFSjdfb3FEYTBUMGdZLXFIbEhsY1FuVVBCdGExbk1EZnhaZTQ4YWlVa3dPLVBWMHAwSkVIXzlWNF9McnFHMThyTTRLU2JqbUVwUUlTejZZczRhbmZyc3c?oc=5,"Wed, 16 Sep 2026 12:06:02 GMT",2026-09-16 12:06:02+00:00
Velocity’s Series A swells to $48m as banking giants circle stablecoins - FinTech Global,https://news.google.com/rss/articles/CBMipwFBVV95cUxQdWZhdGlzbndoWEZBMjhLRW5kcDJMNmFuWEZvTFkyWEJfbVV6Zk9zTFppalZ5aG9ta3ktaWlGVWotcjJUN1ZiVUdOd3NGRWd1SEQ0MTBwZWZkSElyeFIxMko1NDBrdDZvbkladVdPOGlXUHdHa21wS2duM1NKRVB2UTdDdkhZVWdoMElkMVBQTDNsZS1fSFBTMXhBSUhPejlrZ0RUeFU5WQ?oc=5,"Wed, 16 Sep 2026 11:26:19 GMT",2026-09-16 11:26:19+00:00
Banks vow to continue stablecoin rewards fight after Clarity Act setback - TheBanker.com,https://news.google.com/rss/articles/CBMiekFVX3lxTFAzWjdDUktpSWluTjNyQUFrNWdaclk1cmdNdXNFWnJqX0dtZWxudUZuS2M5NFFnbWJLcTJ5ekxtUUVMVFVlS0hMcGNwUFFIS1VGanB6VHlDTFhKV2RxUmdBcFFFQ3ZnWlYtYkwxc29ZVlNOYi1OS3VvNWNB?oc=5,"Wed, 16 Sep 2026 10:57:39 GMT",2026-09-16 10:57:39+00:00
"Circle Launches Arc Mainnet, an Economic Operating System for the Internet - circle.com",https://news.google.com/rss/articles/CBMiqgFBVV95cUxNMkF1WkdLaVF5cW5nTzRoV3kwejI2Uk42WDh3SmFSU1pITzRZTVFrLU9YRkJZcjJsWHFYODZIRTBOTUV4M0J0Q25YZFBVem5qZmJDNzdxRjNKQ2JfRzA3Uk9SeWJBSE5UUlpMdHV6X2xKb215NW1PR01aQl9aVmg4d193cWlqS0VsU3ZaR2FrTUQ1LWpSOUxDRjZraTNSWDl2Zlgta0o4NkJlUQ?oc=5,"Wed, 16 Sep 2026 10:54:12 GMT",2026-09-16 10:54:12+00:00
"Opinion: Tweak stablecoin bill to close loophole, protect local lending - STLtoday.com",https://news.google.com/rss/articles/CBMikwFBVV95cUxQVTEyMnNEcG92R2s1dFZYN21XcjY0UkRlMU1SM0U1NzM5TVkxWi02V0hIV01sNnlvWGJ4cE1iWDhTUjNKUGZCQUFxR1VkS21yZ2hFdXhuSzdUZ0syYk5OZ29uUGNKNE5JTENKUWlvMVVxWFRGRlA0RmpXdENkbnk5X0tWQ3hxaTZrSlRNMkFUQkQ5ZW8?oc=5,"Wed, 16 Sep 2026 10:45:00 GMT",2026-09-16 10:45:00+00:00
Circle (CRCL) debuts Arc blockchain in biggest bet yet beyond $74B USDC stablecoin - CoinDesk,https://news.google.com/rss/articles/CBMiyAFBVV95cUxOT05ybk4tMXZCS0hxSFlkRC10MXJUemxqcW9hS1prenlMVUxWSjJpUzJpdk9WVEI1MHVjMHNVTnRUaVFUX3cwUVF5QmYxV1cyZko2VWZ4SFc1RzNqTGd3clVjOUVubmtLNmtkSFplNkZWbHFYNGgtb2hUUXRyakYzS2FlaThqNjFyQ0c3d3QtdkJQNjNGVVZoYkFWaHFqT2lHcUJnZFlWWjlES1BHQ1hGOFRIOGNleGVmc0VNNzBxUHNtUmdkTzQzbA?oc=5,"Wed, 16 Sep 2026 10:32:58 GMT",2026-09-16 10:32:58+00:00
Stablecoins and World Trade - Executive summary - World Trade Organization,https://news.google.com/rss/articles/CBMilAFBVV95cUxOYW5kWXRrajV3bEhyeWZzU21RdnIwNjRPTjZ0bV9zRFFZM1VRYndZWHhMU21xVDQ3UXBoWlpPS3d3cHEwbjM3c0tYT1FQQVlQV2dyaFN3NUVoTHlVVUJYRkV1YmptSnRVT0tfZThEZEgxemdYRENMaTdGVjNMdFh1ZjY0LVdRLWNMY1Z5WURoZUhHeG5M?oc=5,"Wed, 16 Sep 2026 07:55:47 GMT",2026-09-16 07:55:47+00:00
The Best Stablecoin-Friendly Banks and Platforms for Businesses in 2026 - World Business Outlook,https://news.google.com/rss/articles/CBMiqAFBVV95cUxNN003cVA4bWhSeV9ObDVQWnFiVzVfMEV3WmVHTUViTUtvVFg3a1pCdVJHQnpWX3k1U0hnNjhTQ3BVeUxCZEtXbU1hSHdpU1NKNENVZkFTOGFsM19OdjBGNmJ6dEFqNmdnSW9adFl2UzBES0dkeEVYeExQRW1jWmlvbDc4UGlWNi10MEJGVHdtVTVzU1R2QnplZkFZQUlyN2tjT3k5eHBobnY?oc=5,"Wed, 16 Sep 2026 07:47:36 GMT",2026-09-16 07:47:36+00:00
Permian Labs Receives $40M Stablecoin-Based Revolving Debt Facility from K3 Capital - FinSMEs,https://news.google.com/rss/articles/CBMiuwFBVV95cUxNOFoxSXR2c3BwbTJhU2k2ZkVsejVrMXJMME1kOWRveW1jd18zTnlCZzViVXZaVHJ6T0tFQ0F4VXhVeGZ6NE1NazhabVhpbzRad010bXkwRzQ0eThnc3FVV2xmaEVQc2N1TkV1Y2JMWDNKQndxYXJUWG9EZXhpUmh3WVdlV19JeGd2aENES290aVdwVzZZd0g2LXZmQ1RQVkhMSzI1a0d2VlA2d2JZcGdLM3I0YXBJa01WYVFB?oc=5,"Wed, 16 Sep 2026 07:41:50 GMT",2026-09-16 07:41:50+00:00
Fin.com raises $20M to expand stablecoin payments - Cryptonews.net,https://news.google.com/rss/articles/CBMigwFBVV95cUxQRXBZajFVSFpjMTRIcF9XMWJSU3NtYkRCUUtoQmNTUU55Rzl1bkRSWmR6MUhlV2JTZjBDaGVtWjNRZ1ZFUEdwRExVQVpqZVBCOU93Ul8tUWl1cXhGWXFvVzNpQndTejFXU3gwRF85U1NwT01Edm5ZdTY0ZU1RZ0RSZnA3aw?oc=5,"Wed, 16 Sep 2026 07:18:45 GMT",2026-09-16 07:18:45+00:00
Area banks plan differing paths to stablecoin use - Miami Today,https://news.google.com/rss/articles/CBMilwFBVV95cUxPWTVWNDBLMl9jaDdCelpPb1l5Wk1yWVdfWkczX1daZUIzaExyeTltNHVTQkh4NXVhSDJqYmpDLTVQNm5BRzM1Vko2WnNkUDA5VlVMUE1FUVdJTkEzTmN2WWpDYVZpeEpqQV9qb2hIZGJUVW5pX1ZpYUVMRy1VZDZnc1h2MTc4ZVdnbldpOE9pWTRVb1d0ZS1j?oc=5,"Wed, 16 Sep 2026 07:03:00 GMT",2026-09-16 07:03:00+00:00
Fin.com raises $20M to expand stablecoin payments - Cryptonews.net,https://news.google.com/rss/articles/CBMiggFBVV95cUxNYU1NelVTTkpmU18yVVRSejVSckZXQllaN285RnJZOUpvdzhPV3FTSjFkOXhDMnowdDhkVUVkQ0RGVFBBVUlsMUNic055ZnphZVBOelJ0OFlURjI4ejdBeEVGTDYtQnFYN2p2TTJja3RHSWFBUjJHUjd0ank5Yml0LVJB?oc=5,"Wed, 16 Sep 2026 06:39:14 GMT",2026-09-16 06:39:14+00:00
Northern Trust (NTRS) Enters Stablecoin Reserve Management With New Money Market Fund - Yahoo Finance,https://news.google.com/rss/articles/CBMipAFBVV95cUxNYkJIN2pTcjBXSGxveWM4WjJhRThwMkxEeGNKVnNkb0xFLWR4V3QyOFJjamNZbXoxemREaU85TFNlcDNyTVdzZVNjRi1ZdG1nXzZuLW15MTl3NU5zTnB1QXVqNlA4YkJCa3dfblpRY2pjcmhkeGRNT205LUMtTzhoYWVoQ2dSMmJ0dXM0VmJhY2VtN2VsNTcyblJmQUFQMHBmczZHdw?oc=5,"Wed, 16 Sep 2026 06:11:00 GMT",2026-09-16 06:11:00+00:00
Coinbase and Stablecore bring stablecoin and digital asset services to community and regional banks and credit unions - Coinbase,https://news.google.com/rss/articles/CBMi4AFBVV95cUxPckJvTHpCRnVNTUd0MDhzYXhTNHZfUDNweFpsUXlUZ2NTbGxGMG9KbzRBbGJhQ29vV1Q2cklhaUlLd3I1RTZ6ODlYRDVYMWhrZDhvUG5kREMtWlNRSllsNDllcXZXMktaVG5Ya0NSR2ZvS3pVUVBLS1ktZjRZQkc1MFljUjNwcHlZZ2hJSXV0OG50ZC1vMWtrWlhmM0RDaHZiYmtBWkZ4SVYyR1ZGclJNTl9DbHpfdy1RejlJcUVibWdFMDIxM1kwam5ZZTdDd0NmQ0wxT3Q4RE4tWnFZaFZVNA?oc=5,"Wed, 16 Sep 2026 04:00:00 GMT",2026-09-16 04:00:00+00:00
The Bank of England Just Told You What Stablecoins Are Really For - forkast.news,https://news.google.com/rss/articles/CBMikAFBVV95cUxQdm5INVFaMDZzc2tKVjRPMjF3bTZ1a0NyUmczcEtfSE5CN0taOENybVJ6R0JNeHB5Sk85RDlmN2JEb2NaMXd4WGs5dWt3cnJ1VTYwNVlhNFlzUWtUNGl4SHhoQXR5Mjdib2UxelJVTUtPakpWOGFqYnJRcnJ3dVBndHd6cXZocGpKeWhSMUREd3g?oc=5,"Wed, 16 Sep 2026 00:59:51 GMT",2026-09-16 00:59:51+00:00
Erebor Bank’s Free Stablecoin Plan Failed After Traders Found the Loophole - Yahoo Finance,https://news.google.com/rss/articles/CBMingFBVV95cUxQaXpTRzZrbGtYc3ZsSFBsRGVqR2xVZ0kxak5LakdsMmxQZDlUdWdOcUlmcVBQZ3NEX21na05UNUJFVjgzUDMtbkNQOHVwRktFemJURUN6aVhLWDdhYTFWT1JjRDJuSG02OU9hZThQOHRfUmNpLVRhV1RYV0Y0eFRNS09yRUgzSjB4Qm1VZmcxN2pOZFl6cUFNVG1VWVRzZw?oc=5,"Wed, 16 Sep 2026 00:11:00 GMT",2026-09-16 00:11:00+00:00
"Circle, Ripple and Visa join $10 million funding round for stablecoin platform Velocity - finextra.com",https://news.google.com/rss/articles/CBMixwFBVV95cUxPTHVXR0pybF9udUVfMklfQXB3aEFlc3pQcUxLVkYyY2lkNDMzblhEaWZiLVBwN2ZleDhkVUJWMzI4djVBZFU5TmxlZ182c0FoS0lNeTJSVU1OeUVjSW9pbGNrR1lsV19YMmpyb1d5UmNYckQ3Rkpic3BtTmFfZGNvakswTmV1ZFhVSFk4QmdvM2I0VHQ5S2xJUEdYMmpjQ0tfWVAwRzh3bnpraXo0T1lVTUJiNXp6RXdTSllwVUZTLXRDUlpiMGxr?oc=5,"Wed, 16 Sep 2026 00:01:00 GMT",2026-09-16 00:01:00+00:00
"Circle, Ripple and Visa join $10 funding round for stablecoin platform Velocity - Finextra Research",https://news.google.com/rss/articles/CBMivAFBVV95cUxQamItTTI4dGhZZ1V2MmY2cHA2eUJWX1drSUllcF8yVmItX0NESU5QUkx2TG9tcVlTMTRBNlg4RjdDZWtyV0J4RmRRRm1ybkZLQVpteThwR1d4NThtQnJZOUdybEJDZ3ZJY3JSRVQ2T2hPNldXdHhiUEJuS2NpVXYya05XQ1ZrUTY5ZHdvT01IYmVRSTBuSXVfY0RFem14Q18xNHZiSVJRWjh5SGZaXzdvMEcwLTItSzhDcWl3UA?oc=5,"Tue, 15 Sep 2026 23:08:02 GMT",2026-09-15 23:08:02+00:00
Coinbase and Circle fall 10% as CLARITY Act fails. Their stablecoin income runs on rates - techi.com,https://news.google.com/rss/articles/CBMijAFBVV95cUxPbzM1TXVPWkphbGtpa1dtU25TOFloLV9rMFZIYTkwM1E2Qy1NZnlYU3hkNVByckIyTmoxR2ZmTDdYZDF2bzM5SEJKQ1VXUlo2b0gyaW1lQW9FcHNUaVU1LVBNMElETDlnODhET1RHNlFtZ1RNNnBzRGdFZHdjbjVrYkxCV3QzYmJNV1J4cg?oc=5,"Tue, 15 Sep 2026 22:43:16 GMT",2026-09-15 22:43:16+00:00
The Definitive Stablecoin Landscape Series: Asia Pacific - CoinDesk,https://news.google.com/rss/articles/CBMikwFBVV95cUxNLWo2NENUWDA1blgxTHhOcnVSbTFCaGc3U3VTbnFZOHNUYzJvNlhyN2VnX2M5VTdnNTNfSGxyUFZJLXY3VXRETmtLXzNNS2hQbWtQTVVOSUhoQ3ZPM08wUU42Z3FHYTVHMkZUQXRYSGFMY3gzUnFydkhGXzd3ckxjYTJRMU9ZV1dMZHpxamhSTV80NFE?oc=5,"Tue, 15 Sep 2026 21:45:04 GMT",2026-09-15 21:45:04+00:00
SEC proposes changes to stablecoin transfer rules - Bangkok Post,https://news.google.com/rss/articles/CBMiqAFBVV95cUxPUDJqV3lWQVd0cVFMNWdZdkswcmJCSTk3Z3NGTGVSd1RVSTlGUE5YVU5STnE4V2M0OFJkTUNZOUtic1ZLODBLMXFsTlJjTDk2UkZYdFg2dkctdUFXckVCUXZFdVJBM2lZM2R5Q010NWdQNzcteUxBa3Z4T2hLMWoxTkVPMFZiNkNpN1dDbXFhdmM3WllqRmUzUU5Xb1RpdHVWS0k4QXpfaUk?oc=5,"Tue, 15 Sep 2026 21:41:00 GMT",2026-09-15 21:41:00+00:00
Stablecoins could boost US dollar and Treasury demand: BoE - Crypto News,https://news.google.com/rss/articles/CBMif0FVX3lxTE1fMHRZOEdJelBiclAyaG4tNFVpYmdLa2tWMHFlZ09RYjdYb2VIdWV6dnh5ZWsycTJqYWo1Z040ZFExU0JleG45OEg2V0lpVm9ZLS1temgyWGt5d21kMTZ3SllJUEV2NHZJaEpvd1RibEloWk03NXNpYmtmMTNIWUk?oc=5,"Tue, 15 Sep 2026 21:06:37 GMT",2026-09-15 21:06:37+00:00
ERC20 stablecoin reserves on Binance are showing some positive signs of recovery. - CryptoQuant,https://news.google.com/rss/articles/CBMi4gFBVV95cUxPeVdjLUk5NEhKcDJ5NmQyVERjRktOaFRuY1Rud2RXQTlZNWpEUldhNU1HT3ZNY2RjOWpJY1hKRWkxaDk1NlU4U1dsR1lUR1o3eVY2eVQ3aUFwcFNBVXdPY3pIbTN3TnljaEJOMWhxci1wY0FFZEFkdDBNOERqWkszcVhTckx0RTRjcE9wQ1doS0N1VWVVTC1JdzVFSUZIMFA4bk1GRml0MVNuOFkzeFo4SE5KNWx4QWtfTEhvVl93S09oZ284OWd2ZWM5LWlBSUpCWHlydFVBNmhucmEtMmVOaHd3?oc=5,"Tue, 15 Sep 2026 20:39:55 GMT",2026-09-15 20:39:55+00:00
The White House’s Data-Driven Closing Argument on Stablecoins Came Too Late to Save the CLARITY Act - forkast.news,https://news.google.com/rss/articles/CBMivAFBVV95cUxOT1VLVTdvMUt5dmp2dFhrWjlBWkIwVDBPYnpSRDdORm1TQXpENHhuUTB3WTRnV3FPV2lpVmJ3TUwtNmpMcHg0M0ppOG9rNVhyaGhsa2VqNjlvYTZpVXlmTFo2MjQxT1JTOXNoRkRsVFdndjFBSi1iSGtBeWlmZzhRZTF2MERrSEY0YVVwbU1jWkJTZm5STlNhQXFwV1p0XzZrLVdZRGhzS1E0NmREbTNkWkhDdnotLTA5QmtGUA?oc=5,"Tue, 15 Sep 2026 19:20:35 GMT",2026-09-15 19:20:35+00:00
"Stablecoin growth could boost dollar dominance, US Treasury demand: BoE official - Bitget",https://news.google.com/rss/articles/CBMiY0FVX3lxTE9SUEJYNEpuZ3E0Sk16eXJfTXdQQ0J4RzlnOENKdTNQalNaOVdKaTVqTU9TVFdXSHh5RmpQRmtKY0hhT1pwVTdyQ284eTJTUTF4YjZhVU5EVUJudDZIUEk0d2xZMNIBY0FVX3lxTE9SUEJYNEpuZ3E0Sk16eXJfTXdQQ0J4RzlnOENKdTNQalNaOVdKaTVqTU9TVFdXSHh5RmpQRmtKY0hhT1pwVTdyQ284eTJTUTF4YjZhVU5EVUJudDZIUEk0d2xZMA?oc=5,"Tue, 15 Sep 2026 18:47:48 GMT",2026-09-15 18:47:48+00:00
"Stablecoin growth could boost dollar dominance, US Treasury demand: BoE official - TradingView",https://news.google.com/rss/articles/CBMi2AFBVV95cUxOcVlQa3BsaWF5d21GYUFhamtkeHBMUmE1dkkxWkZ2aWJzaFJqRmlwUktCbGdDN2lqb2U2QXE2NmlEYWxaNWd5T2RnUk5yaTNEbm5mUE8tVHdRdnhXZExXb21ZWkZ5Rk5aaFJtSUVid1JwTGZXRXFJQjE4VHNua2pmNUZEZzNqRWF2MWFjMVJjYnR6UjhoZFh2aGluWEJKVWZ5OXdEWERzeGRGek9KY1VISDhzSXMwZU5HRVFWREpQR2NvcFZ4MXZWcThDald0S3lVdXZXbF9TeG8?oc=5,"Tue, 15 Sep 2026 17:53:04 GMT",2026-09-15 17:53:04+00:00
5 Best Stablecoin-Friendly Banks and Banking Platforms for Businesses - finchannel,https://news.google.com/rss/articles/CBMitgFBVV95cUxNc2tqVmtILVV5MUctSGZzWl9CWFN5QVc3SDVHUWRjckpGWG9WRjRNNmx1V0I5RFBfRGRPMmdteVpFLUotc1VONUQ3RUVRemdRRkdLdVFDMXRzTFNmN3NWVC1PVlRRYUtKajVHblRhZVVtQ0F5X2VycWpJeTlFYU5ZQ3luNXVmbFBRcFdJM1ZBNDZhWlRGS3kyVUM4UHpONkFnN0x2X1I5UmRZcmZjX1g1T0xvVlJtUQ?oc=5,"Tue, 15 Sep 2026 17:40:44 GMT",2026-09-15 17:40:44+00:00
Stablecoin Yield Ban Would Boost Bank Lending by Just 0.02%: White House - Yahoo Finance,https://news.google.com/rss/articles/CBMinAFBVV95cUxOZ1RKSXBQbUMwQW9nZ3EwM2NuZFpERGEwRElFeEFKUDVNd0hRUDNtdEZGRTRKRVU0R21RWXg1V1NwNEhXdEV5TFBFczdPRm5yYWgzVnByc3RLVnNlT2NIcUd6UGFtd1ZfTWU2SUl3M2VxNmgzT0ZkUnBIZzBxUk1lenlXMWQyaVVUQ2l0d0YyYk04bVk5MzhGQmhpaTU?oc=5,"Tue, 15 Sep 2026 16:29:00 GMT",2026-09-15 16:29:00+00:00
Yellow Card Expands Stablecoin Infrastructure to Canada via Alkepay Launch - FF News,https://news.google.com/rss/articles/CBMiowFBVV95cUxOVmFvNk81ZUhDY1NfTEVMRlJjTGZycnEtZEYzd05XYVFpQUpUYXBfdGJSSnZocE1iaW1WOTQxdlZtMGFiSElReC1QczlKdmdGdXJUeGtRUnZMX0lZcjZvNmlYS3VnNklCUk40bXFyV3V6bHJNM0swR2ZBYVE5b2pHLXpkb2tRcVdrNXh6bEZhZGpLLXNIWEZpcFg4UHVmWVpQQzhv?oc=5,"Tue, 15 Sep 2026 16:11:21 GMT",2026-09-15 16:11:21+00:00
Michigan needs financial innovation without sacrificing local lending | Opinion - The Detroit News,https://news.google.com/rss/articles/CBMivgFBVV95cUxOTzVLcGpRdElIOXRhaVVISkVrRjhGSmR4azlpR3JFc21jcVFra3ljTm1DTUJIQ19ucS11cW9SbU9VZkt1RVNYMko2NlhZMmVLS04tN3BpbkllOVdCTFFnZEdxY0k0Y21ZN09SeU1YcUpFQ0RjRmUwbWpzMEwtajJQSTAtVjdPUTBoZlZDczduYVp4eFlkRG9UVkphR2gtN3BEWlpLSzdkYl9YeDJvMi0zU1NMTm9pQVBVVW9lUXl3?oc=5,"Tue, 15 Sep 2026 16:10:00 GMT",2026-09-15 16:10:00+00:00
Visa and Circle Back Stablecoin Payments Platform Velocity - PYMNTS.com,https://news.google.com/rss/articles/CBMisAFBVV95cUxQVzJjRGxlb1d0b19ocU9QLXAyNzlXbXNYLXFpak1HaVhKNXMtMVpiNnJwTDRoYkhUalJvS0hqQ0ZkOGhPZVZIY0VaX3I0dnJGT1NMTzIzV0tPemtXbG9RQlF4QURiX0hPYkVoWlB6SkpxTnY0WVVPYjIzYjlySk1KWWFGS2Z3ZWFISjBMbUx2aWE1dXluVTE5VnlqWkliVV9MVFhnVk5WVVhXMS1kSmpKZQ?oc=5,"Tue, 15 Sep 2026 15:52:05 GMT",2026-09-15 15:52:05+00:00
Ripple Backs Stablecoin Startup as Part of $10 Million Funding Round - TradingView,https://news.google.com/rss/articles/CBMiwwFBVV95cUxNaVZnZ1FYNk9mZlhIVnRraGdnSDBFeXJtdW9pc1hxeWRpUGQzZWdISV9xYS1Ed0FWOGdLaXFMWVJ1VV9wcU9pdzZGMktuM2d4X3BFZkZab29HR01iM0dPdFNPMVJrel92NThpOWNlOG5KTkdmSzlMckpmZ3QtMmsxcDh6dDY5VUJLVDk3cllLMEpXazhaVFhoWmRDb0hvWUpkMWV6MTJ0bjFqZi01UWR3Vmc5ZW1zMlZFajEtdWpzU2taMjA?oc=5,"Tue, 15 Sep 2026 15:21:13 GMT",2026-09-15 15:21:13+00:00
How Erebor Bank’s Sweet Stablecoin Deal Backfired - The Information,https://news.google.com/rss/articles/CBMijAFBVV95cUxPS3FJdTFtVXNaTFJfTURwU3FjcG9MYjNLZDZ4cU5UazFqUmhhaHlaSGhoY0oxd09NektQc0dVT1diSTdnTkNpbVBEaTJ3RHZ6cWFtOXhlTm1fRFZ3MUdYNlhzR1BsYnlRSlNGRmtteUtJdm1QX3ZwVDkzdTlTb2NsRDFlUVd3dmR2MGhzbA?oc=5,"Tue, 15 Sep 2026 14:30:00 GMT",2026-09-15 14:30:00+00:00
AVAX Price Eyes $15 as Korean Won Stablecoin Goes Onchain - Coinpedia,https://news.google.com/rss/articles/CBMimgFBVV95cUxQcm9FVHpvYmVKWGpfRkJlemNwNk1IUHJkQjdfN0ZGeVhtaGVEUFNXMEd0U1hpUTFiYjdkcVBzRG1IUkxEczZoMThSM1hBZjV1MVBtaXkxeTJpX0tDaGFMNlRvZEdNcWNaN29LbmZhVFl4ckFhUUZYNXVxd3g2enlxbHU3WE1WZ0J6cm5WN3NvQkhEZDExZmM4SEhn0gGfAUFVX3lxTE91LWNLdUt4VkdsVGw0OEd5eV9kUVp6WkFnYTFIVXJ1U1FSQVRxR2tLX0xITVNKTnJVRzByU3JveThVWVNhak9IZGg2NlB6MUVaYVFtV1BPZlBpeS1Ra1JfaUZlUkdKbU42eC1CUlJYbUw2cWRaUDFDMk83bnJlMzhKV3lNZklhamJDa3duZVl5d1pfM2V2VzFOaEtoMkxTUQ?oc=5,"Tue, 15 Sep 2026 14:23:00 GMT",2026-09-15 14:23:00+00:00
"Zacks Investment Ideas feature highlights: Coinbase, IBIT, ETHA, SOLZ and stablecoin operator Circle - Yahoo Finance",https://news.google.com/rss/articles/CBMiqgFBVV95cUxOWHN5Tm94XzF2Q0xJOXdjZk8zZnlQNjFrenNtV3llVzk5S3pvUFExRmtSLUpjSHhOelA2b2NKZS04WXFLaUJpT09yRS1HMWthX2pQR1ppTE56RE8wZDRkbHJpNGpONEdsaC1BbXM1WG5mdmdtYjF0TDdFQWxsVl9VcG10cW8wbkV6N1BCcTJQYkhKaHg5NDVuLTEzckhrY1JGdF9hLUtOQldUUQ?oc=5,"Tue, 15 Sep 2026 14:23:00 GMT",2026-09-15 14:23:00+00:00
"Ahead of Clarity Act vote, stablecoin interest, ethics remain key issues - ledgerinsights.com",https://news.google.com/rss/articles/CBMipAFBVV95cUxOamNzV0JjeHF6RVA1Zk5XRV8tVUxJS1hlLUhtQUEzenpyeG1xQkg4TlJGcFJfZUZVTmpDaEs2VjhHUFB3SGxZTl93QzROMmduMWFFbUt1U0w1TEJjNDBGeExkNWtJRDA5VWJhX3pHM2l2QnJVUnFXWjlJOFlfclhLLU0yV2RQOFR0UzJTQnhzalVPRllYajBFaVVmY255YTJrNTdHTQ?oc=5,"Tue, 15 Sep 2026 13:29:34 GMT",2026-09-15 13:29:34+00:00
Stablecoins Vs Bank Deposits: White House Arms Senate Republicans With New Tool Ahead Of CLARITY Vote - TradingView,https://news.google.com/rss/articles/CBMi8wFBVV95cUxOZGJkNVQwRFJrZExUYzRCZDJfbUVZQThFSVhVUXdWc0RtUGpyeXBGV1hIaXJsU2Ztem1TbHpXeEZTUDBaSXJ2VldSNnZyRVNNQUFTYVRQZ0NYRWk1V0dPeUNqN3hLWDFYaXJXS0NINUV3RV9OZWhpVnJzWG1qUk9QRmsyRWNTLV9pTHlUbEdCMWNoSVpoS3dTcGJlQzZpa1ZJYjNCRkY2Tk9fWGJtWkViZ1Eza1MycjRDUzN0LTJlbGVsYlI5c1FVZkNDVWJHVlRnODd3Y085OHNhYWRKMlBjbTRZWDltaUNyckI1Y1czQkF2Q3c?oc=5,"Tue, 15 Sep 2026 13:24:32 GMT",2026-09-15 13:24:32+00:00
"To Unlock Stablecoins’ Potential, Infrastructure Gaps Must Be Resolved - PaymentsJournal",https://news.google.com/rss/articles/CBMiowFBVV95cUxNdzNxUXZCSnZGaVJ6aGtndXowQmgtYXNUanBvNUE1eV94dXVRTmpDWlYwQWlBQkpYT0hKTmZkVVZSUEVjS1I5bC1XeThhOE5aM1BtNDBfNTNIS1ZpZWRjT2RBN0E4NXBGNUM4WkNJOWZ1Q3ZuOXowYWlHZ3B0RF9tUTFuWkRlajFhU21UZFdEd0dOVldOZjR6QkNualJYNmh1YVJR0gGoAUFVX3lxTE1MV28tcHVOaWczSGtrT19SUXR0S3NwQmN6NVVNWHFmcTVpRjBxRUQwQXNQaG1uNktMNFhlMDRTZTRVSkFaTXBpRjYxelVYSTNHQU0xM2RZelNXTTFRSWF4UUIwUHZhTHpHQ2JiLU15RFB3SFVwQ2JmLVJQYWN3UEk5dGJpNGVJOHNFYmE5ck5ydldUT3ZZeDRQU0psbUV2bGNzblhfcWhyVg?oc=5,"Tue, 15 Sep 2026 13:00:00 GMT",2026-09-15 13:00:00+00:00
Stablecoins Could Expand Treasury Demand and Reinforce the US Dollar's Global Leadership | Newswise - Newswise,https://news.google.com/rss/articles/CBMixgFBVV95cUxNOFVfYlR4djlEcDhyNjJPekc3WE1KdGtacnU3VG82ZVh6V0RIbDVwRzJhS1hQbXBXREZpS0tqR0ZNZVUwcDlNN0lfRW9sUXdkVkRsVjM2X2VpMnhOQlNTRHotdHdNUUsxc05SQkU1VXpuRkhxaGNUMXFwVWVIZG8xbmhxVWROYWhWXzlkZEJNR2RhN1lKUHM3czJrbmxLVXlKOHRNaGp1RGUwRFNmWEZ5VjBHWVpZZ3lBQ0tEd0FFT0h3ay1rcFHSAcYBQVVfeXFMTThVX2JUeHY5RHA4cjYyT3pHN1hNSnRrWnJ1N1RvNmVYeldESGw1cEcyYUtYUG1wV0RGaUtLakdGTWVVMHA5TTdJX0VvbFF3ZFZEbFYzNl9laTJ4TkJTU0R6LXR3TVFLMXNOUkJFNVV6bkZIcWhjVDFxcFVlSGRvMW5ocVVkTmFoVl85ZGRCTUdkYTdZSlBzN3Mya25sS1V5Sjh0TWhqdURlMERTZlhGeVYwR1laWWd5QUNLRHdBRU9Id2sta3BR?oc=5,"Tue, 15 Sep 2026 12:20:00 GMT",2026-09-15 12:20:00+00:00
"Adrian Cachinero Vasiljević (Steakhouse): ""Vaults lag stablecoins. Stablecoin adoption is the leading indicator for vault adoption. - The Big Whale",https://news.google.com/rss/articles/CBMi8gFBVV95cUxQSHdpRUFlODAyUFdIdGo4TWdYcDg0SkQ5dURaRW9vNlVGSTZfaTQzbENMN1BPM0NfWVZpRXc0T3pzTjNCbzUwc0VveW1EMEU3aTg3UllnMWtTb1dvY0Q4NXhXU1llZUZXR1ZiYUdBaVFGSl9mOUVnYjhfQ0ZuOEdITGEtR0h6UjBoQ3AxSDJLSURSVFFnT3J4eTdISnNNU1NnUFZZcnRWRW9xTkdzNnE2ZFRNWWVKYlY4OGQwMmRwTHl2RV9GQm5TNFhSXzdQVGpUN1hxaVlZbU1lel9QdE43Q2xCcXJVbUJCRHF4bnhQZVlIdw?oc=5,"Tue, 15 Sep 2026 12:06:45 GMT",2026-09-15 12:06:45+00:00
Fin.com raises $20M to expand stablecoin payments - Crypto News,https://news.google.com/rss/articles/CBMieEFVX3lxTE8zdTZEV2lZT29oUS1reGxlTTN0NzBReFVhb0ZuaVI1cGpGVUJ1MFNCNnBBMjRzNEJwWWpuNHd0OHcxclJrV3VrTFI0SW5ucDV3amJUT0xZcWFjckhmVXpXUEc2d3JLWHduTkVkR2VwTWlyaVk0ekx2ZQ?oc=5,"Tue, 15 Sep 2026 11:17:19 GMT",2026-09-15 11:17:19+00:00
KRW1 Stablecoin Expands Global Payments With Rain and Visa - tokenpost.com,https://news.google.com/rss/articles/CBMiWkFVX3lxTE5QRXNhUmF4bVhYZTlCbGtvSGV5SW5XaTB0X1JGMUVmMVZDLW04OG1RMFcxQXNXTWVqSEhmNjcwRHdxaWE2V3EtV3EtQU1EZ21kNU1ESmZTNTZ6dw?oc=5,"Tue, 15 Sep 2026 10:45:21 GMT",2026-09-15 10:45:21+00:00
Stellar Gains Institutional Spotlight Ahead of Protocol 28 as XLM Tests $0.20 - TradingView,https://news.google.com/rss/articles/CBMi0AFBVV95cUxPQWx3bnZ3UV9lcWJjWXJHYkdWN0pjMEJlZXp5M3ZTS29jSFZhaXdINDhyWTBicVZDVHlxWVEwWUtPb25CalBDdVR1ZmNzZW1NOWRMNTdoWG04NmRTU29YTmd4c09IQ3U3LXhUN1k0MEFoajg3ck1BQjRjbjNUVjJBbnFoMFp1Z0xwZWxIZ2RFNW9YTkNSbEdoM0JKcXlrc0lYNG9CZXpRN3pWRUx3Zk1mZDZfRjRRYjdGRk9fd1BwVEFnem12dm1PdkFqX1pPNGhl?oc=5,"Tue, 15 Sep 2026 10:30:43 GMT",2026-09-15 10:30:43+00:00
Stellar Gains Institutional Spotlight Ahead of Protocol 28 as XLM Tests $0.20 - TradingView,https://news.google.com/rss/articles/CBMi0gFBVV95cUxOa0ZWYnFFMGV2SjJRVEc3LTMtYTJyS0N2MEtOTUFvQ0laOVB1YVZoNnFia1Z2WFRtLTFjVm1XWWpQRldlTWd0NE9HS1FOMC1Qclk5WDEtWGh3c1pCN0daY1BBTGVTMkQ1bFNmamd0UUptYzdibWktRklfcm53SmJ5LTRjNW4zbnQzT0Mxa1BpcnlSam14STlyMWs3TGE4MFdoOTNpcGV3UHJRSWFnX2VUY1FPMy13VFFGN0o4WlJzcUFMZV9SQnUxOUc0RXBodk4tQVE?oc=5,"Tue, 15 Sep 2026 10:30:43 GMT",2026-09-15 10:30:43+00:00
Banking Circle to power OSL’s stablecoin-to-fiat payment - Asset Servicing Times,https://news.google.com/rss/articles/CBMipgFBVV95cUxNSmRJVWdhSUtweUtHZnYyVEdZWWZPQXVSbHlyWVM4M2dRVDJOVC13MU1qTU1lNkllUlZZOGd4eU9FRzUyekxfa2tvaWo4SllsMUpMb2o2TzlPakdZS2ZKb3RZX3c0S2VVOEV1dWd4dk9PVXBpNC11RC1YUi1xV25iLTU4ZmNQdHRETkhJRHJURjVGd1Jfa0VvUk8zb2Z4cjloSmMzc19R?oc=5,"Tue, 15 Sep 2026 10:24:38 GMT",2026-09-15 10:24:38+00:00
Wyoming Migrates FRNT Stablecoin to Chainlink's CCIP Network - KuCoin,https://news.google.com/rss/articles/CBMimgFBVV95cUxQTkJORjd6QjlINHE1RU1yZFI5Ql9qRVZuRm1QTWp3d05EZEJ0aldnVEhBZzRsS0VfaUUxczhEMTNsY2RwQ2RudHdfcDhhOXBlZFl0d1FSSmIxUHh1S0RVTnJTWGF5NVVGenducVBBMFFoVkxDaF9WMVhKNWF5QXJyZU9nUjlYSDlLXzJCUkVPYmlWVGNjektHVDJR?oc=5,"Tue, 15 Sep 2026 10:17:28 GMT",2026-09-15 10:17:28+00:00
Exclusive: Expa and Coinbase Ventures-backed Fin.com emerges from stealth with $20 million seed round to build out global stablecoin infrastructure - Fortune,https://news.google.com/rss/articles/CBMixgFBVV95cUxQV3ZwNFVFd0g0NzhBai1GNUUyNGlqRWRETHkxTkkwTFVfakl2Q3VDeWVvSExsXy1RVVNaUWZXZ3ByYWV2dG00SzFvNVVPXzJFclNCWHVFZ25VdVZBWk1id0dDYTMzR25zOHpCbE9GUHJ1dVR2ZXZ2dkpXOHVwWC10RUFkM1pSekhPRzdLdVVoZ0owdDJxZEZNM2tJMzktREF5YWZxSEJfM3U2NVVqMzlPaGZqYmFkYXlxYVd3SEZQS3BUUDFzb1E?oc=5,"Tue, 15 Sep 2026 10:00:00 GMT",2026-09-15 10:00:00+00:00
What's Wrong With Stablecoins? Ripple CTO Emeritus Schwartz Makes Surprising Admission - TradingView,https://news.google.com/rss/articles/CBMi2gFBVV95cUxNYURmTkNpZWdRZU5STW9ET1dyNEE2RjBFWnpFT2tNM2lIRDJadmo2UF9Hc2g0czgtdmdjQUhuVV9nbzZDS2d3eTdTQjFVLVVvVHBidDI0Z3hBcE44bDNVTEM4Zk9vRWVoeHN2d0tia3lPNzMwS0UzNlk5emhpZEpWMWFFVzlwUTJSWmtnOWJzWE8xczc5czg0T1pqNUkyUUFZYXdpbXVURDg2Y04yMktkdjVORExENWd4M0otOXR1ZWxrZmJEUWhPczFpcXJYQmQ5cDA0M0t5cnI4QQ?oc=5,"Tue, 15 Sep 2026 08:40:45 GMT",2026-09-15 08:40:45+00:00
Proposed stablecoin rules might guarantee your dollar while making you wait a week to spend it - CryptoRank,https://news.google.com/rss/articles/CBMizAFBVV95cUxQUmZCZF9ETFoxMXVXTWl3b3ZfbzVGekdQNFNwUU9Jck51M21PSmVDek9GVnBadlpGY3JVcDg5c3NGTVRIY2VuSnotS09meW1NaHRtV3dIbTdWUWh5TVBRQVl1RUhMdTlmWHg3QnJQR2xEYmFjaWxaYkhsZG9sN2wwQllSMWtEOHhJR0NnR25lNXY1TW1hbnNzVVhTSklXMldOR2tNZmRHTVlaY0JSVEVFaEcyWVlBOVpsWVZ1M1QzMXhET3pvRUxHb3M4blU?oc=5,"Tue, 15 Sep 2026 08:01:46 GMT",2026-09-15 08:01:46+00:00
Stablecoins Are Becoming More Than ‘Digital Cash’ and Investors Should Take Note - Investing.com,https://news.google.com/rss/articles/CBMiwAFBVV95cUxNY0JsMEVLU0NNWXhuZmR2dUN6eUs3NTlWN0dPellqZ0ZmV0YwWnQ2LW5SMWRza3hCX195YTdRTnlYOEpmREZISmpIRmVncTkybkl4TWEyN2xuRlhMNDZqd0RHM05BZHBFeE1QTm1oZVVkR0lQakVjc3pnOVQwSHE5U2lPdjhqMjVUWE9OUzI3bElBeWZTcDdiZWhvWnpFN2tEanpWSE1zRjRMa0ZoUTk4empya3RmYzJTdmFMc0s5eV8?oc=5,"Tue, 15 Sep 2026 07:33:06 GMT",2026-09-15 07:33:06+00:00
Proposed stablecoin rules might guarantee your dollar while making you wait a week to spend it - CryptoSlate,https://news.google.com/rss/articles/CBMiuwFBVV95cUxOdURLZWZTSk5za0dGd1FDRll3Zi0zVkFvWEYydXhPakpIV1lhTzhwQWp4eDhXbG9EeVVQYXRvdU4zS1F6T2xoQ0l5Um5xZFFqRy1NcnVzRjRXV3ZZUy1nZTFnX0xDVFFHU3B2d2tZLVEtMnMtZW9mR2NkT1pqS2JsVHZaQXhueGh0NVF0ZTNpZkppbEx5VGk0QVV6LWpNdlpkZDUtejRfTHpEczk1YU1ZNG85ektxMFF5QVcw?oc=5,"Tue, 15 Sep 2026 07:30:58 GMT",2026-09-15 07:30:58+00:00
Korean banks race to test stablecoins as Seoul’s digital currency rules remain stuck - Korea JoongAng Daily,https://news.google.com/rss/articles/CBMi0gFBVV95cUxPakZsY2gxMzltVmt0M3A4VFpNTC11RmJmcVNkT3I2eUxIQkRsT3NRZWhoSnp1ZThGNnoteGppWkw2S1FNNFpDNGdZYzBiRG5NdW9WLV8wbGRMenlkOGhCNGFIOFNtV2ZVMW8xTnRrTVdBYXlQaHVYSDMxZ01XR0Z3RXBqVFNxbnhkRTBFU3RyT2ZhaXVtaVFISlprdGhsRHZxYldGQzlpOFU2MlZBVkd6RUh1ZHdkUDNQYlR6V01mUHExeC1Kel9NS2RJdXBNOUZQaGc?oc=5,"Tue, 15 Sep 2026 05:43:27 GMT",2026-09-15 05:43:27+00:00
"Banks, CUs Remain Concerned About Stablecoin Rewards In Revised Clarity Act - CU Today",https://news.google.com/rss/articles/CBMisAFBVV95cUxQMm9TU1hHS0x5YXNZSHR5aHN6LTZpVTBrcjNHTnNxYTI3UC1oX2lwQTBiT0R1RUw3RWg5YllPYTdPMkZXZ3lSUktEaEJrakxBNjZXekJ2aG44a1YxOG5kMG5VRUgzWFVRRl9tbWRpUFcxbVZXMGNWV05QalZOSW1udWQtaF9lMU9yc3FWQzZSSWNyS2RiTkJGTmN1UldYQTQxUUIxOWh6OGVMWDVudi1nag?oc=5,"Tue, 15 Sep 2026 00:07:03 GMT",2026-09-15 00:07:03+00:00
Mastercard CFO Outlines Growth Strategy Driven by Stablecoins and Value-Added Services - PYMNTS.com,https://news.google.com/rss/articles/CBMixAFBVV95cUxNbFBPbnNTMGlINWlveHZDU0lYMC03UlIyRmgyWmx2cW9RcVNYYjktS2lYMWtIU0xTbC1YWHBsN25MS2I4QndBRm9rN2lCUEp4Nzl0QjRSdm1lWVdZVUVmRGRpRk9KRTRNV0tfNEVVUkhUbVpweXA5Nmg4LWVNaW8xekVTNm9QQVJnbENpdmYxWVc3dW1TTjZFZ2g2ZTBrYllVb2NHZTNWbHJmem5FRUdveS1reWlkUGdSTHlLY2dsbWRlcGNZ?oc=5,"Tue, 15 Sep 2026 00:01:45 GMT",2026-09-15 00:01:45+00:00
US Banking Groups Demand Tighter Stablecoin Reward Rules Ahead of Senate Vote - finance.biggo.com,https://news.google.com/rss/articles/CBMidkFVX3lxTE1FS3NZRHNjLUx2RXpZY1pVMHJ6c1lnTGxnSGR2UHQ2Tkt6aXFkQ0ZHdWxwOFUxYUcwLTFqWWVIZ1V6ZWR3QXpNWUgwQ3NGYm5uYnZKdDdMWVhFRWxYVjBxVGpTb01FV1Y4ZUNXaTVCeWt5NTN5b0E?oc=5,"Mon, 14 Sep 2026 23:55:00 GMT",2026-09-14 23:55:00+00:00
Stablecoins Are Becoming More Than ‘Digital Cash’ and Investors Should Take Note - Investing.com,https://news.google.com/rss/articles/CBMiywFBVV95cUxPbnFGT0ZadXBfbEhQZ0kxdnBaLXRxTTF2WXcxX3RGcVhzWGg3aW1hSl93MkVzY3pLbHItSnlvc05OaGN5ZXkwQnk3S1I5TjV2eGxNenN1MGI3ZnpDS3RaNURySHZYU0RiTlBoZms4bnBReXBPamhfWTRXUjhCVU1pZUpWWDZNa195SElycDJaZGZFYnV0NFRyTVBzMjlXS1hPNnBYN0RqaHEyZjQwdF9adFIxWmJwUXN4dXFfZmQxajF2UnZDekZPSlE5UQ?oc=5,"Mon, 14 Sep 2026 23:08:00 GMT",2026-09-14 23:08:00+00:00
Wyoming shifts stablecoin FRNT from LayerZero t... - Pluang,https://news.google.com/rss/articles/CBMiogFBVV95cUxNeW5ybTU1UUhNWDdSbThSUmZnTFo3dUNjYVBFOVV0TnB2MVBINDh4WkJhN1dNbkxrZ2xsWmxhRkJSQkNGNV9qSjFCajNOdHFUajFoZHVUR0VvZUZMUlZ0VnhmbWgzdUVOUzJVeEJJNldfQmtuSzkyOTNJcG9vLVQxdlB5Yk9aWHFhX3B0T2l4blN0b09iWlptck41MHVfeFBGWHc?oc=5,"Mon, 14 Sep 2026 22:29:23 GMT",2026-09-14 22:29:23+00:00
Ethereum Market Premium Falls to −0.18 as Binance Stablecoin Inflows Slow to $4.0M/Day - CryptoQuant,https://news.google.com/rss/articles/CBMi4gFBVV95cUxNZzlFRlJBWFVwSE9XSEZabnhHc0VuNnJqdXNPOWlfYlFMUUxQWlFZZmlqc2lGNjdQVU5NTjRhUjYyVDdVMHVuNWpNT19qSzIzRzFWUUFXOFBuNGtDekJzQXN1NXFjXzktcmMyMDlQeEJqYm45cDA4Rk16VnR1RXlweG45YXBueWFfdUxSdldIOURvZkVJQmZ3YmkzblBIbTh3eGxfNTE2LVFGa3Q4eHh2WFhYQUR4a19vQmZjTnFHYW9SMUVYZzFHMHVtTDVOVlZPSlVqTzBKWG4zWXBGTGxpXzBR?oc=5,"Mon, 14 Sep 2026 22:14:43 GMT",2026-09-14 22:14:43+00:00
Banks Want More: Trade Groups Demand Stricter Stablecoin Limits in Clarity Act - Decrypt,https://news.google.com/rss/articles/CBMiggFBVV95cUxNUVRpWERXX3RaN2IwUjA3M0RmcFdCUEUwcTdmWHFiNFozVHJfN1dpWkVlNVFucHJxLWpSblg3c0k5NmhvUjZVYkh4WnEwdGVxTlJ3aFpodjNzSm1PMEFIT0IxVUhRclVha25McWI0VktyUkkwVHdhZXd4cFFwcGRJM2t30gGKAUFVX3lxTE5WQUE2TEttWlh3OUtCTEpta1hQNHQ0WW16QjM0Vm82c0oyUFFDN0IxV0NwVzV0SGFwRDljVE05QUthM3VzMjNyYThvU0RYaVhiU0pPeHp2V3pKU0JWcXpibEExZHlHTUZRZW1nSXNOQndnM3ZFVmpxcDR6NUZhLW1JN2k2NWVqaDFQdw?oc=5,"Mon, 14 Sep 2026 21:46:04 GMT",2026-09-14 21:46:04+00:00
The Treasury’s New Stablecoin ‘Panic Button’ Lacks a Manual - forkast.news,https://news.google.com/rss/articles/CBMihAFBVV95cUxPaGdZSVlCNFdXMU5wa0Q0MmVkTmdZTG5YRzNHWm9Ya2hEYWpoU0VJVlFoQW9XQXN0VmpWVlBYSWVfLWJ3c0RNUHQxbEdEa1p1dUoyaGZBLU9IS05DV2E3VWxJaDlBd2h6OHZfdF8zc21nTmNRNFVoYmpXZDBkLTkzdXY3Yk0?oc=5,"Mon, 14 Sep 2026 19:17:18 GMT",2026-09-14 19:17:18+00:00
Stablecoins and World Trade - World Trade Organization,https://news.google.com/rss/articles/CBMiiAFBVV95cUxNZUMyREx0bW42NXAwU2RXOUJ0ZmpXRTJYYjgzejZmX2g3MFVNWXVTblM2dHBPM3U1Zk1mVXhMeTZnM2k2cE11MVBrMjVUY0dyOFFybEIwY0MzMDA5eGcyUFhEaV9XMmhJTTdTR0lyWlBUbU5NM0ctMnI5QW9mOW10blFhVFdtcEw4?oc=5,"Mon, 14 Sep 2026 18:05:50 GMT",2026-09-14 18:05:50+00:00
Banks escalate stablecoin rewards fight as Senate prepares for a Clarity Act vote - CoinDesk,https://news.google.com/rss/articles/CBMiwgFBVV95cUxPbUJ0SjFTTVEyV05lZUdGSmxUM1NfbFlyZEF0dmFKM25ldFVSdlNZMTVxdHVrTzU4WUtoaE9SSFNBeUJNWFZTOWxoU29CZDB4ZHdQVVpGMXhJR3pMdGptZjB2UHlxdFpMRXF1RENUd1lJZWdyemRqc2lINmlmU3lIczRvZUZWOXdhbXNuZXRmV0ZDS3NJSDZ4aHM1dGQtU1VhNFhHWlR1V1VkVk14bGx0ZUxHYXE3UFlyUnRwTFZsZEljdw?oc=5,"Mon, 14 Sep 2026 18:03:27 GMT",2026-09-14 18:03:27+00:00
"Stablecoin payments are becoming creator payroll — Meta, Visa and Stripe are already building the rails - crypto.news",https://news.google.com/rss/articles/CBMifkFVX3lxTE5Qa2lvR1FmYlFVM3dNeHF6ZkVuak9GMzFFb2pDQ0VKbk9DTUhvRkJhc3VUQm5MUVllSk1lblZsM2NaWDJ2MFljaDZCaGpmUExya2NmcG9teFFlM1Z1Ykc2anpSVlBhR0Y1N0UxQV9aMjI0WG81aHZmZVllUkNpZw?oc=5,"Mon, 14 Sep 2026 17:29:03 GMT",2026-09-14 17:29:03+00:00
"Today's Crypto News: Bitcoin, Ether and Altcoin Insights - Investing News Network",https://news.google.com/rss/articles/CBMigwFBVV95cUxQeHlxYWFKcGt0R19ZTGZjbDNLZkx6TDN6azlKa1lKRF9sNUsyZ2dfbHVoQjhTelBMTlR0YXBySkdmeUNnRjFqVmYxZmw5WTU0djMtZ2liOGdUUVpDTzVxcS01ekltekhnLVliZWg4YjRzRWQ5bFhNWVJEOU1pRVo1WlJGaw?oc=5,"Mon, 14 Sep 2026 16:00:00 GMT",2026-09-14 16:00:00+00:00
"New crypto bill looks at stablecoin yield, but passage still unlikely - American Banker",https://news.google.com/rss/articles/CBMipwFBVV95cUxNNW44ZXA3T3dVeFJLTGExUlZRcGVZNnV3cW1nN2FQNzBiYkNlUXVET3ZIUE5IU2U4Qi1ZU2lWOUEtT05kVDFQR04zYlFoRDJPSDRLLXloWkk5d3d4WEhOc3pBQzZ5TVNqMjJKWXpleGxHQnhFcVNuVGE2TTkxWTV0VkcySzhzN2RJSVVyVHdCNl81Y3l3UzJVbXJEVE0wNE90a0k2QkJybw?oc=5,"Mon, 14 Sep 2026 15:27:00 GMT",2026-09-14 15:27:00+00:00
Stablecoin supply drops $414M as DEX spot volumes climb nearly 8% - TradingView,https://news.google.com/rss/articles/CBMixwFBVV95cUxPOUZoYXl2MVB3UDAtX0VxVFBJSzIwTXk4Y21iNTdKdHVNWlVfdXR5VHVDWGhOUDJEOThfdXlTTmRzcGcxanBUMFdWbmNkNk1ZUC1yUTY3SGJHMkhaMzl4UUxYM1J1dVN1MVV1WjRsRGVURm5HSDBYa0Q0MlBQemlIQWdHaks4QWl0M1pIWjJGX0pBd2pXMkJvREJsVGNOVlpOTVFMNnRzU1FFWktRWnJSaXkwUFpMaUZRR09lMENtQ3JMVFZZdm1r?oc=5,"Mon, 14 Sep 2026 14:20:56 GMT",2026-09-14 14:20:56+00:00
"Coinbase and Moov Bring Stablecoin Payments to 1,000+ Community Banks - CryptoRank",https://news.google.com/rss/articles/CBMikAFBVV95cUxOXzVVek85a2cyLUxUdTJfdENOc09vR0FNbnpoZ2pxTGZPM3hKem1IWUNwSUQ3Z3ZBSVhxUmVrYWc2bjZBMlBSazFfdk5VT19idzBac2ZZWmI0MUI1Mks3Y2tXZlV4b201M2ZoTVMtSFFHV2k2ZVp1LVNwS2Z1UEg4MHJkVlhPQ09IMkRWUWdwZkg?oc=5,"Mon, 14 Sep 2026 14:07:22 GMT",2026-09-14 14:07:22+00:00
Coinbase Expands Stablecoin Reach Through Community Banks - Zacks Investment Research,https://news.google.com/rss/articles/CBMinwFBVV95cUxQaWs1NnBUUnVhS2tURV9LV0s1dU8tcDdTYzZDY21uQXZXZ0V4RjFnajdLcDFDYzlLMWdXMy1LQVd5djRTcHNscGR1UVE5SGF4RTFzS2pZWjd5VzNyb29PQWdRTF82dFI4aE0wLUJaRmhKMS1SRVREUWNZQktkZlZ3b19JcnBFS3lId1dXeFI1NXBYTEdOTXlkZzNOcFM2SlU?oc=5,"Mon, 14 Sep 2026 13:51:10 GMT",2026-09-14 13:51:10+00:00
Coinbase Expands Stablecoin Reach Through Community Banks - Yahoo Finance,https://news.google.com/rss/articles/CBMirAFBVV95cUxQeVVsZzJUUU5sTUJTWjFZQ0RTLXRONTAxcG01a2hvWFNaNFJEWGpYazZVN0Vqb3Q4WnVvSFRkYVJTa1FZQncyYXIxN3c2bVk0SmVnc0dMYjJsTDV5M3FSdUtqUmwzOVJUa2tyNHlKWGZrRlNPLXh5OERFY1NKNEJSVmZDTGc4R0tlTi04R1V4VGotdDJYUklnSlN0Wk1mbC1MbGRNdUlfSmlfLUtU?oc=5,"Mon, 14 Sep 2026 13:40:00 GMT",2026-09-14 13:40:00+00:00
Coinbase Expands Stablecoin Reach Through Community Banks - Yahoo! Finance Canada,https://news.google.com/rss/articles/CBMilwFBVV95cUxNdHBJeU9Sb2tFNHIwQjV4T0I2OHBGNzNmZ2FhV2I2aTVxSmhoa0pUNXVyT0xBa0RfeU1jVXZWNVZXV2lzLWpCYVhyeEFKSXNCM3RlYzdZQnl0SWZSSklfYmRnZlFVWjNhR25YQ3MzeWRDOWRTWFpMUVdUR19MbWJabHZXUVFaejZoUzNjX3NJNFR4d2RabHNr?oc=5,"Mon, 14 Sep 2026 13:40:00 GMT",2026-09-14 13:40:00+00:00
Coinbase Expands Stablecoin Reach Through Community Banks - TradingView,https://news.google.com/rss/articles/CBMiswFBVV95cUxNa2RDMzRWREFydlJKMW9QOUZyV25pR1h3Umk3RG9qMVRxWlZiLXR2Ml9BSHhxYWhvTmxlLWMxZ2ZOcG94Q05DT1NWbUl0dGtNQTNyTnNNWGoxY2xsZnAtVzFvU2tCN1B3OU1QdUpnR2luQ1RKNXpxLVp4WDdFbVVCU3NwcHE2N0lUWjkteFhYZXoxMHhSWlZIQ2s1RURlakJGUlpEelYxR3JHRU5WU2tvblpHOA?oc=5,"Mon, 14 Sep 2026 13:40:00 GMT",2026-09-14 13:40:00+00:00
Fragmented regulations limit stablecoin adoption in international finance: WTO head - TradingView,https://news.google.com/rss/articles/CBMi3wFBVV95cUxPMVR2WmlJZGp0S01fcDFkcXl4MWtNQUdRRnZVWjRoWTNSR19JQnU1WHRHYy1QOFllSThqRVNLWU5xLVZIeEN3NDhVRnhVOHNka3J2WDN0U2ZLTno2OFdVdDNsV2tNbHAxVEVORHFLYkFfSVZaeXExcjRWMndvLUtNYk9UV1d0RDZvc1B3STljMjI3ZGphamVmaUxxWTFQRVRleW1ROS1xTXQ4MUxYQ0c1b3dSV2J5M1pWc0RtdnRtSTJWSEU4UjRYQUNUOVhub1FRWks4MUNqeGVNN1R6eC00?oc=5,"Mon, 14 Sep 2026 13:30:00 GMT",2026-09-14 13:30:00+00:00
Northern Trust AM launches stablecoin fund - Funds Europe,https://news.google.com/rss/articles/CBMid0FVX3lxTE5LaVFZVV9ldnZKU0dXb2g1d2NoMUpzTG9DQUhfTXg0MHZnSUg4VU44VFhRSWxuQ2lxVGFlOW5Bb2hZdTJFMFJKcUFGRmtnc0RsZ0EyRF9yeWRfZkRraFRfVVZtc01qRk9BMzJDTHJmNUtrNU9kWnJ3?oc=5,"Mon, 14 Sep 2026 13:28:04 GMT",2026-09-14 13:28:04+00:00
U.S. Bank Completes First Live USBDC Stablecoin Transaction - bankingexchange.com,https://news.google.com/rss/articles/CBMisAFBVV95cUxQUnlBVVVhdTcwZGxETkJnZ2x5TERkczhHSkVlc1dzNERyUmpxQWprZndFeXVHOEtzczFGeUY0Sjc1U21rWFBVMG9INVBLbUlpWW4ybEhPNFA0Z2VydV9KZkRnaWR5UFhOeVNmSmwxYU1EaVIwSEpScWpkZlk4WE9tWVpkZUpZRm5nRGxpQXJhTnZ4NkY3Qmg3TUNxS3pJeWhQS3dseDgyVk5WX1ljSkNadQ?oc=5,"Mon, 14 Sep 2026 12:32:18 GMT",2026-09-14 12:32:18+00:00
Trump backed Clarity Act's final text as banks and crypto industry clashed over stablecoin rules - qz.com,https://news.google.com/rss/articles/CBMif0FVX3lxTE9kN3dnQnUzQy1oQWRKYkhQeW9XdlBESk93emdiRFp1Q1BhNnBKc0s4b2hPLUpCcWxwM2hyTUJoNVgyaEhlVUx0NFNscWc0QkFsazl1d2RtOEVlcnFNSE9HTVp3aFJ4ODdJNzZnNnBSWExwTFBpdXVrWERSbWlZcUk?oc=5,"Mon, 14 Sep 2026 12:14:33 GMT",2026-09-14 12:14:33+00:00
Bad information about stablecoin rewards is running rampant - American Banker,https://news.google.com/rss/articles/CBMinwFBVV95cUxNMnZxb2RTdXQycW81bzVUa1M0T2lMZHB0TlJycWJjZk9OcTcxVHVBODI0cWpQSjB3dE1XOURHRXJSNGJ6ZXJCbkdjUVVPbUg4ZVVyNzVIV1M4YXVsQVhJeUdxZEU3UkRvQ3p6cFBSRF81Mkg5SFUtWVZwSnFsUXBhV3NNbERSYTh5VXRrdlFPYk1WSjRYaDR3eURwMFNBMEU?oc=5,"Mon, 14 Sep 2026 11:35:00 GMT",2026-09-14 11:35:00+00:00
Digital Currencies: From Idea to Implementation - ORF Middle East,https://news.google.com/rss/articles/CBMihAFBVV95cUxOX3BFbVR4eDBzLWxxSkdwakUtYnRHMmNFU3VwZDA1cVBlTWlLTVJOandzZDhneFBRSzVkTkRpbTV0aE9wdzlCTGdmMWM0ZlBudzdtcmFrZ1Z0SG5jT3JCQks2VWM2QXZoNXVvTkR4ZklkeE1tSTl5VHlYWHcyaGNaVEZZNTQ?oc=5,"Mon, 14 Sep 2026 11:29:33 GMT",2026-09-14 11:29:33+00:00
Trump agrees to ethics requirements in crypto Clarity Act as GOP seeks Democratic votes - CNBC,https://news.google.com/rss/articles/CBMihAFBVV95cUxONk8wYkc3Z3BtOG4tYVlGRjRzWmE2NEhrb29KTWxrdE5tMTZwS3pweWcyZUhYTHgxeDh4RGhwWW5DZzZuSmNwWXhhTVVJdHlMSE1YQVJ3ZmpyR0JNbDRXa1JWbV9tWjhwX2FiNld0VzhGVS1SWUV6RkhNYTNCbHF3c0JQTV_SAYoBQVVfeXFMTlVMOFJ2TW9JTUEyUWJvVVVWTjVWdmJSX3htNGhfUUg2YWF0ODRnWmQ1bzRMMlB4dHhzVFFWQTBmdzZPaUlhOE1UUG1WVVlISUppSWhhdDc1NDdJVkdvTzlzZThoN0Q4YVRrUVVpclE3NVpqTEl0cTRCbE85VkRmbVNQUGVJY3Jxdm9n?oc=5,"Mon, 14 Sep 2026 10:30:01 GMT",2026-09-14 10:30:01+00:00
"Northern Trust launches stablecoin reserve fund, backed by $1.6T asset manager - Dealroom",https://news.google.com/rss/articles/CBMirwFBVV95cUxPWWpYOFZoSTd6V3BKZWsxbnU4N19wMEVkZmxyTXVFOHlSb0h1ejFPOGJNdGVBQ0gxUjBqRDBnajRXWTY2TUxGeE13Nno1UW5tOTlIMktFODRkX3JFcTIzWXpMMGRabkU3U0NVbVdvaEgyekJtN3dPWXFqNnpKUEtEa0dSdktVc25qcnpRM3pUb0VGUHBBLVZlVS1vazZ5aFNtbVh4ZWFKSHhJd2dZalpn?oc=5,"Mon, 14 Sep 2026 08:39:26 GMT",2026-09-14 08:39:26+00:00
Uniswap Declares War on Curve: Will the StablePair Hook Reshape the Stablecoin Trading Market? - Moomoo,https://news.google.com/rss/articles/CBMipwFBVV95cUxOT0dFckpISmlMaEFvX1hzLV9OQU1OclFlT0ZzNGdhMEJQRS1qVUVERjUxX2hlN3hnTHVfS3pqZS13ZWwzaXMxcWMzWUxaTGllbnJjVkpRNFg0U0ZMd1pSRVdqOEJnWVlpd3NpMUpQT2NJTTFLRWRQWkt1RmM1YTZOTDBkZWw5dHJSSDd0Ujg1Wk1MMjdVUEY4X0tsRUc1SzJWX2gwM0FmUQ?oc=5,"Mon, 14 Sep 2026 08:25:01 GMT",2026-09-14 08:25:01+00:00
Issuing a stablecoin: A guide for banks - FinTech Futures,https://news.google.com/rss/articles/CBMipAFBVV95cUxQZ3NHY3VsTHdMcGl6NXh4ZVE2bGN3NUpGaW10NWVQcTZLbGpLOFpqOXlrOWgwVnNoQmctOGpYbUduOTdIUmZuQnYwTHdEQ2lxSE1tb2JjblAtbDBlYTF1TE1Fci0weUNrbmJFNnJTMlJXckVkdW5WWFpoQklwcE5sVHRXdXJEZ01UVmhkbVZPNkRQSUhvNHFMcTY2cFBCQkMwZjZkRA?oc=5,"Mon, 14 Sep 2026 04:40:57 GMT",2026-09-14 04:40:57+00:00
Layer One: Stablecoin leaders converge on Avalanche Summit as Clarity faces key Senate vote - The Block,https://news.google.com/rss/articles/CBMivgFBVV95cUxOTDlwRnBqUU5NczNwajRZRjhVcW5sN0ZROVFmWC1VeS1HemtMWk8ycm45Zm45NVFNYWVOZE1ycjF4Uk9RUFd4YUpLZU1jcF9jOVM3S1hTVERYLVFybDdRRGZCRkRCY2hBZTFaR0M2eXg5UFFGVmxldnRNb2VqVlFJMkZ1dmdlaFExTXhKZ09ZWjVSUmhvNGVfZmZkSU5XMk5FVEF3aWd3a3pWLUFwTGxSRkJ1YjB4X0l1Y3pvSTB3?oc=5,"Mon, 14 Sep 2026 02:34:59 GMT",2026-09-14 02:34:59+00:00
Solana Report : Stablecoins Can Reach Unbanked and Significantly Reduce Remittance Fees - Crowdfund Insider,https://news.google.com/rss/articles/CBMizwFBVV95cUxOVDM4NllzOEVSQlFJMWJiN0Q1NXEtLVBFZ2pPSmZMTFl3d3BQeVZQZlFubEhtRldPNTNPSXY5U1EydE1PYXNHQjBNZzNDRExObW1YbTZDUjdDVDlTUE5aMjFUTzFJbEk1N0ZIc1VIaEV0TVctZUpwSFlpSTFubVhWVWJhSkg1NEkzYkkxZFpqRmNzeFV2YTBHQXVHSXluamxoQ2p6Vy1zeE5FaVRNNmoxQzFBQTk5VkgtWTh5VWxFYUtYRGF2VlM2M3d4TllLRUk?oc=5,"Mon, 14 Sep 2026 00:43:59 GMT",2026-09-14 00:43:59+00:00
"The regulation that helped the US get behind crypto, stablecoins - Yahoo Finance",https://news.google.com/rss/articles/CBMiiAFBVV95cUxNejNLZF9jNkszWTJQeWRXWGpmM2d3bXl2OVBSazVYYWg0RkFfOUhyRDItUFZJTE5ZVjFaT2huUnE4ek5mVk56eG1wRWs4TEJPVlRQWjZtQlV3OTk2TTFtTjRZTktzSzhCZ2pld1h4eTI4MGt6MEJfS0xpQlhudjN5MEVYczZUVFY1?oc=5,"Mon, 14 Sep 2026 00:00:00 GMT",2026-09-14 00:00:00+00:00
Thailand SEC Proposes $151K Daily Cap on Stablecoin Transfers - CryptoRank,https://news.google.com/rss/articles/CBMimwFBVV95cUxQcllzbDRHWGVpcFdtakR5UXdDc1lKOFJacXNsU0hHNUV5Qi1ZNUhlX0FRNUtIR3dvYnhhZnIxUUU2WjRaWmhxS2pvVFhMZHNrMjlQSXRTWElpTzNuVy1qUVlFeGNkdzVKT0ZHUlVRV3NyVkt3b1E2NW9yeWlIZjlxSWdDT21OOFBjdUpOLW1OWWZoV2plLVA0RDhVRQ?oc=5,"Sun, 13 Sep 2026 23:33:54 GMT",2026-09-13 23:33:54+00:00
Ripple Looks to $13 Trillion Corporate Treasury Space for Stablecoin Growth - PYMNTS.com,https://news.google.com/rss/articles/CBMiugFBVV95cUxNSE9OLVc3OVdhTHpKX0tQVDNQVXZUZ2dnWFhZT09UbzI3Q1RxZ2Fac1dFcGxDTlRrY2hORy1OMjd2WW5LQW5WRTFrejhyVjFPR25ha291LUQ1SVNUMHpXNlBCM29OTzE2T1JjTVFYRlRkcHVmZlBSeFVCVE1XNlhZV2NtcXlIM2Z4NFNBckdMbFp2OVdCNHdWNVV3UVJqeUJRZVpYUkQwekk4MTFFdllsVVVCcjdzZGtZSVE?oc=5,"Sun, 13 Sep 2026 22:36:15 GMT",2026-09-13 22:36:15+00:00
Coinbase gives community banks a stablecoin bridge while supplying infrastructure underneath - CryptoSlate,https://news.google.com/rss/articles/CBMiuAFBVV95cUxPN0loYVZFT1NzVldtVEZPYXJFMjdrWkwwaXZ5NDJHUW9Gb3k0Vl9oYWUwMm40MDRVSWhxNzBtMG9FWUtQV1ZCRmRUaTdCdndueXpreDJNQUVOWE1IcklFSE0yVzgxSjZRRDlGMGk4emhLRC05djV1UnNaZDZZclh2U3FpRVkyTHYxRmdYeHdZWEZUVkp0eXNBejEtYXpDYjhjQ1hwV1ZJc1B4b21TV0o4MXB0Q1NybDVW?oc=5,"Sun, 13 Sep 2026 19:10:30 GMT",2026-09-13 19:10:30+00:00
"Thailand SEC Proposes $150K Daily Cap on Stablecoin Transfers, Who Is Exempted? - TradingView",https://news.google.com/rss/articles/CBMi0gFBVV95cUxPUzhHYlgwUUdpMXVwVk91c3JialpyeUdjVnhVaF9YOWZBZjJYSVBldzVPczBnTjlsSE9aWHpjcEt1cUt6RVhkbDJJTE5jNHVveGpKelJ4eDEzWXNpNTctdFkwS2F1amhjdXQ5VkZaXzdUc2diNHR3RnI3eVhadE9wWXVlZkxFX0FOT2E1am8tUDlWcUlaWXdhWENub3dFMktwdEgwb3c4YXAzM3NTOGNEYkdLalZkc1pweTEwU3N2ZWhsZHRIbW1aMXg1Um9HRGI5SHc?oc=5,"Sun, 13 Sep 2026 15:03:14 GMT",2026-09-13 15:03:14+00:00
Is Northern Trust (NTRS) Fully Valued Following Its Stablecoin And Singapore Expansion? - simplywall.st,https://news.google.com/rss/articles/CBMi4AFBVV95cUxNaGJ6NnA2U2V0dzA5WmdQd2s5UmFXQU5WdGlZcFRWcjFCNmU2Z3hiWTNqMGRfeGpfOFNMb0lSMGtrSEloVjNTbk4zY0lZOEhXWTMyYzNSclNfbGVwQ0VHSWNnN2hycWtYRDVqaEpQZDJtN3lHdzhZYjZ1Y1VzWm51cVVuemczOWZyYVVxTFBITEYzcWZCSUZMT1pFWXhraWg1Wm5EOC1Tc01tZ21EMHFiOXV5NzdIa2ZoU2FzbTNhNFhnejRVbVZzZEZtZzZrcWg3SWI3eFd0TGNCblJFdlZPWdIB5gFBVV95cUxQQTVnN1FxVF96TjhjLUdDbWN5RG5mRmZnbzRBSl8yMnZfYW9fcEZ0NEg5NWs2a3dEVTd4aWtDZ25qNUVzTFhOVFpoV2ZKYzl3QWIxZ2JHUVNyU0xPVGpOLW01RnVmUWVNNm43c0hyR3FTUWZMU2JWWGVRQTRmaG1SR0FLdFRQaDBWcEE5YlE2NHFxbDUxeUNTWFZKNjlVU1o3NlRqcFBUbXMxTExzY1BadjdLLWdNRy1ybVhWSVg5X19Fb2VvVGxfeWJkUUY1Y0I2eElUdVlCRVRSZjBJZ2R6a2hFeGZhZw?oc=5,"Sun, 13 Sep 2026 13:43:08 GMT",2026-09-13 13:43:08+00:00
Why Circle (CRCL) is spending $400M to take USDC deeper into emerging markets - CoinDesk,https://news.google.com/rss/articles/CBMixAFBVV95cUxNSjBOeVpXUHVjeXdHa254QmVCWllRckI4cGtsSDMxOFFpQlJVd2RnWlEzYm1IbTFCeFNxN0R2dmt4YjhUYWRLZVBiMHZkcUlRWms3QU1fRVl1REI1SzNIWE5Oa1B2SXRMd1V2Y0lKdmVvVHdqWkRUQlk0al8zOVdHWWtaejVGbVVvb3JKLWJBS3hxZnlxVmQwYVJHYl9OOXFWa2FOMXFBTDVJZUtJQlczRzdoVzNBeU9uSVdVbDVfMzdGRE1k?oc=5,"Sun, 13 Sep 2026 13:00:00 GMT",2026-09-13 13:00:00+00:00
Diameter Pay Reports New Funding To Scale Dollar Accounts And Stablecoin Payment Rails - Crowdfund Insider,https://news.google.com/rss/articles/CBMi0AFBVV95cUxNUEdybnBNMlJpU2I3dE43aFd4TGRtUWFqTkR2UzRScV82NTdFNU1OcFo2Mm9HZGJpYmFnVEp5ZDJQNW1LcUh1dTZWVEpRbnM1TjE1S2hEcUlseXcwY19pOURtQzlxT3JUajhIQVZDNVJLZDVwZjVDcUtNMmVoOUFjTlhlWnF5MmkxaEs2R1BUOXdOWDJMYTVwWDVnQXNrVVlkYkd5S0pSOXlZcFhCQ1MzN2FhMkFmM09DZE03ZVV2T3JQbWFmU3V4QVNBSWI2WDNt?oc=5,"Sun, 13 Sep 2026 04:35:41 GMT",2026-09-13 04:35:41+00:00
Warren Buffett's old favorite bank enters stablecoin business - Yahoo Finance,https://news.google.com/rss/articles/CBMinwFBVV95cUxOUkpqQlduQXY5dkFpTkgyUTAwQlR2TnRwUzd6LUp3NkdnaFpzSWVteVZxU2N1VFNITWwwaEZJU3JMQXg1UHZMMjJXVm9waW9iN3F2Rm04eDBzOFlpeGlkRzQza05SRDhpTWdiNXdnYnZVNGVKdTJiUU5pbDl1OFcxbEUyYmtmcF8xRzdOc1VvRjY4M3d1VkI2cHNuWGh1NVU?oc=5,"Sun, 13 Sep 2026 03:53:00 GMT",2026-09-13 03:53:00+00:00
Warren Buffett's old favorite bank enters stablecoin business - thestreet.com,https://news.google.com/rss/articles/CBMiowFBVV95cUxOb3pjUnFoM1FDdjN0Ul9QNzlVdWd0X01XajZrb0VpdTNocVFWdVJxRnBaTjMyVHdFRjFsbXJELVp5VXFQSENWV2N2Tmx2YlNtMFdvcWdqUFVFUEJZcEZvVDNqVWhoTGExaE1LNnRPUnRJdU9zanpSR0IwNF9JcHRGYU9HVUJPVlMzYTkzbXZ5Rk42Y1U2M1dYTW9OaFhEbURrelB3?oc=5,"Sun, 13 Sep 2026 02:24:38 GMT",2026-09-13 02:24:38+00:00
Thailand’s stablecoin proposal would block transfers to other people’s wallets - CryptoSlate,https://news.google.com/rss/articles/CBMiowFBVV95cUxOa1ZuNEJqNnRhRi0zMExSSXcyR3FjdVR4eDh3aFBRTm5OV0VOb2RKYzRBaDNhTzMtNFF5SXpHY2FLMlk1V01aYXZJRGdUb2dzSXlpTXdwNllybWVCWm9jSmRyYTRnVmNLd0d1ZTVFbHkyQm1IWG1hT1FHZk9JeUhNZFZybFV2VWZzS2JXdi1QRVkwcG5Oa2ttcXJNNFNmRWlZOTZR?oc=5,"Sat, 12 Sep 2026 21:25:29 GMT",2026-09-12 21:25:29+00:00
Is RLUSD Actually Regulated? What Ripple's Trust Charter Means Versus Tether and USDC - 24/7 Wall St.,https://news.google.com/rss/articles/CBMi2gFBVV95cUxQVUtua2lKVDlVMW81XzE1MERHLXE3VnR3cVJGLUo3alJiU24wYWVVVlU5cU1QaWdiYVFMZGtSRkNuR2h0UzBqLTlfNVQ4TlR0SnIxcS1qdjlBMXlGUWFBZHY2UkpuYi0xb1FpbFd0cWx4MWh3eUFSRVRic3gybGRYQXhaUHdDUmhaNHB4X1hRLWZRRHo2bUQ0Mk9JenBqYmQxMGxvR0k4alJBT3M1Z1hJMTl2MXlYQTVlV3BSWlkyZnBsdXpQMmFiWHVEMlJVQU00TF9taW5OZ05rUQ?oc=5,"Sat, 12 Sep 2026 21:01:00 GMT",2026-09-12 21:01:00+00:00
Stellar's XLM Gains Traction as U.S. Bank Completes Cross-Border Stablecoin Pilot - finance.biggo.com,https://news.google.com/rss/articles/CBMidkFVX3lxTE1rbm9nVUxOQkxQY0RSU2R0SWZueTNnc19LYUdrTDZ6OG1BYU1WWlotaGpyVnBacFpqTjBlbWZzM1NvU2ZmdXFzdUtfbDQ4cnRFX3lLcUg2REM2eVB5UUFqMF9zUmdWbFlCQy1qdUF1bTRGVXlINUE?oc=5,"Sat, 12 Sep 2026 20:05:00 GMT",2026-09-12 20:05:00+00:00
"Ripple eyes $13 trillion corporate treasury opportunity to grow RLUSD stablecoin, executive says - CoinDesk",https://news.google.com/rss/articles/CBMiyAFBVV95cUxOelZQMkloN2g2WWFaSnpCMF9ySm5RYVIydW1xcElTcjBjYVJ1U1RKLURzVUdwZEJ1NmRaeDJ6ZWE0RzJBa2p1S2lLbWp4T2JaWmo3RFg5Vms3azA5R1VKWTBjZmsyOTdoTHcwQlZybllDSWVWcm8zRE5kbzFlcUN2bkVNZ0Q1YlNQM05lNExSd1k3a3NlN0F5VTg4S1NGMkRYM1RCWG9IUHd5bFAtMUJ2UFZPa0tINUUxLVhfMjVxX1pDUkNWRHNvUQ?oc=5,"Sat, 12 Sep 2026 16:00:00 GMT",2026-09-12 16:00:00+00:00
"(Sm)all banks should compete on technology, not fear it - Fortune",https://news.google.com/rss/articles/CBMiggFBVV95cUxQVDRlTmVscEpXZkh6Y2YyZkJ1eWktVWxDYWw5dkwzUHotWDR6ZkRaQnN2aUlKcFhyaUdHV0ZsVUcyaHJvaTAwOU9kWEdtNGdPZnFJa1hZWVktOG5mWHRKa2JFMlp3eDFYWVdGZDFrLUNmQlc3Wm43NkJlY21pYWluRWVn?oc=5,"Sat, 12 Sep 2026 14:38:00 GMT",2026-09-12 14:38:00+00:00
MoneyGram Launches Stablecoin-Backed Card With Visa Spending and Cash Access - CryptoRank,https://news.google.com/rss/articles/CBMijAFBVV95cUxQUlZuYWFtNk80ZnRsTzdiS3NqRjhvZHZzX0hzMTRVSFhHYk9lcjQyMUh3cWUwNnNULTE4bGVMLVdIWERXcWFIRmJZaHdmZk1UUEs3SmxEQkxWZi1ud0Jyb0M0RE05Z2FRUlBZZVlNbDJaTllGcVg4bnRTb3F5Nm5fcGxQR1BreW9PczdoUQ?oc=5,"Sat, 12 Sep 2026 12:44:59 GMT",2026-09-12 12:44:59+00:00
How Stablecoin Card Partnership At Marqeta (MQ) Has Changed Its Investment Story - simplywall.st,https://news.google.com/rss/articles/CBMi1AFBVV95cUxQa0JrZlZVS0g1WGN6bVNZVnlTZk93bzdxWXFoN0p5aGZZWnFyVEJ0OWNSUUtvMzdRdGU5VzRxaHg2QkpESGp6OFlyZkI4VDRUQWF0d3dZLU1VS0JzOGdOVG5UVzFlb2lZaDlJdlRfQXNWVDZYcjAxRno1bVZzRGFPODVFY3liNXZvei1KZHR6VXluNkIyYWVFQVk4eW1pczE4R3BHbHB2MHl5ZlR2ZVB6VUF5QXJQbUZxVm56VE05MGxhZnBqV0x2WXVJT0hiQlk4VFVPRdIB2gFBVV95cUxOQkgzdjFHaTNlU2I5ZUFiSFpxNDFFZ1c5aVFxN284LXFHblZtX3AwWVJ1SVFHUkQzbjhqb3ZOOG5sNHo3aFU3WWVWWWlrRE9KOE81LXUxWVpWOU96ODlCWTNPYmVzMGVWU2VyS2pEUmdHVlVXWnV0X0JXdWxjNnR0V3BnTXc4VUxWOTQtV1JhZ1R6eW1RZ19vUUFfR1R1RVg5ekUwOGZXSFM1UEZfNE51eTUxUkc4V3V2bVFIZXFEQTZTOFl2aXVLME82bHJwV25NNFBIa2RTelFpZw?oc=5,"Sat, 12 Sep 2026 06:28:54 GMT",2026-09-12 06:28:54+00:00
FDIC Chief Says Stablecoin Users Won't Get Deposit Insurance - Even Through A Back Door - Yellow.com,https://news.google.com/rss/articles/CBMiwgJBVV95cUxOMk41cW0ybVdqV25vRlBFeTZ2M0ZGc1NETWJ6Und1TzVZU1I0NDRycmU1WXU0NmM5Q3ZXeFBjclJ2emhOUFdpLUZfMXBxZU9TcWl2TERzYTd4OGlCTmNJejFuRmo1alpjd3Rza2VyTW9hUks0STNBWk1BVW5ndXp6amdVdTNraE45RW1fM3RMU3pKczFBRzd5NVRwdGdIXzAzT2dGWDF1akZqYVlsdXVlRHpZa3VWLTJ3RDVuTGJabzV2b1ptZXl3SnNPRHFNTGZpQVFNNF94ZXFKTW1pT3R5RHhBTy0yZTZCaDc0TVR5d3lIa2RTa19TZGpjWkNTQ015VUpaYWNreTRkdjc3SEQtWm5qVnl0V1doclg2Yk9KczI5SXZWTVZTaWFZcTBkd3dwTy1YdU12UDUzaWJZc1hKUUNR?oc=5,"Sat, 12 Sep 2026 01:38:39 GMT",2026-09-12 01:38:39+00:00
Circle-Tazapay deal aims to accelerate USDC adoption in cross-border B2B payments - Digital Commerce 360,https://news.google.com/rss/articles/CBMimAFBVV95cUxNQTZHcXlwbUxSYWJubXktNjRsWlZzU0hQQnpGOFZXVWR0VU5HMVBSQTc0NGpLSzBSQzFna01kVHF0YWFYbUdKLWZTMnJNVEdDNjd6RDN6bTBKcU1NV1hHMUpueDJlVE5jdFk3eGNyd25LZF9fY3VXdWF5UG0zMkRQaEdOYWZreE1lcHZWNWFvaW9BaXI1dFFzTNIBmAFBVV95cUxNQTZHcXlwbUxSYWJubXktNjRsWlZzU0hQQnpGOFZXVWR0VU5HMVBSQTc0NGpLSzBSQzFna01kVHF0YWFYbUdKLWZTMnJNVEdDNjd6RDN6bTBKcU1NV1hHMUpueDJlVE5jdFk3eGNyd25LZF9fY3VXdWF5UG0zMkRQaEdOYWZreE1lcHZWNWFvaW9BaXI1dFFzTA?oc=5,"Fri, 11 Sep 2026 22:42:06 GMT",2026-09-11 22:42:06+00:00
"Coinbase Is Pushing to Bring Stablecoins to 1,000 Community Banks. Here's Why Everyone Is Talking About Stablecoins Right Now. - The Motley Fool",https://news.google.com/rss/articles/CBMimAFBVV95cUxNV2F1b1B4cWVHb1JQTXpYLUtMVTZtZnl3LWlVdGlVUE1hRmdQQm5PdFA5N25OUnphN1FkZ2RhRmxuNEpRLWdSY0cydjZRWHpZNzBtaUlBcHJxZXY0N1gyNDk2enlTQVFMXzFOOWNfWF8yNDdnYzQxUWI5UjhRSDY5N2pXNm5QSFNFZ2dVU2RONTR2czRYMTQxYQ?oc=5,"Fri, 11 Sep 2026 21:30:00 GMT",2026-09-11 21:30:00+00:00
"Coinbase Is Pushing to Bring Stablecoins to 1,000 Community Banks. Here's Why Everyone Is Talking About Stablecoins Right Now. - The Globe and Mail",https://news.google.com/rss/articles/CBMisAJBVV95cUxNdXJCYzlrb2dpd1ctTW9qM09JOXRfQ2ZFR25ScnUwSlp4TWVhYUd3UEdPcExlUWk0RTk0UXNsSEtpZE9mU0ZYU09SZ3hfWWs3TVBUc3hSaVl1NUtneFFQd0NzMWVrTGMwb1d3c0tfaElMSlp5SmdfdzBGQk5WRmFYQURid1EzSExnN18xX0pKUTljbU56SXlRcy1xVGZlY1VEYUltNDZ1N1BxZm92MnJYaWxQZnZOVE9fZ0xuaVIxcGJkdkU2YTA2MHpHemZZMjRNNWNDUkNDUDZNNXRvSVVLT2ZqQWVkaWM1QkpmQmZSRG1ibmp2cWFrZFFPUk9aSThIaFUyVnBkd0FwVTJYenZ4NGxqYlYxTGNqV0hLd19KTGpZZGZVVG00cmw1cFppYzJi?oc=5,"Fri, 11 Sep 2026 20:50:00 GMT",2026-09-11 20:50:00+00:00
"Coinbase Is Pushing to Bring Stablecoins to 1,000 Community Banks. Here's Why Everyone Is Talking About Stablecoins Right Now. - Yahoo Finance",https://news.google.com/rss/articles/CBMiowFBVV95cUxQalFXOC1OcFR0OUxpNk5HdjVvbmhiSTRITTBhX1l4QnlER2ItZnFYYktkOG51YXNPT0tDYk5rMjd2NFY5T3BfT25ZYlVnMWlHUnhLMzBpZjFad19JUVZRNmoxSjBycE91V0pxM2R3WWk4NHhWSkw1SG1rSVhncWRzcndHWDhhLTFhNjBhVUUyNEdyWEppNy1UMGZfUFVDTTVkMk5j?oc=5,"Fri, 11 Sep 2026 20:50:00 GMT",2026-09-11 20:50:00+00:00
Wirex Partners With Tempo To Enable Stablecoin Backed Card Launches - Crowdfund Insider,https://news.google.com/rss/articles/CBMitwFBVV95cUxQU0h3clM5VWpRcHNrdTN3M084Zmk3eXN6MGRoZmhBdWZHMWpueE9jWVBhN2NuMUlKUjZuU1VsMXQ4QzBreTVsSkJfdTNObmY3YUxLV25VZ2NUbzNrQmpKaTBDZTdiem93MjBlTlJtaU9MTW1LMnRjWWJGbW5FYlRiVkNzVmxINHh6N1hPM0FFamMtQXB4SnI4ajE1WERaaHRlQ2I3MzgtbG56UmlYU2RUYllnRGdVQ0E?oc=5,"Fri, 11 Sep 2026 20:30:52 GMT",2026-09-11 20:30:52+00:00
MoneyGram Introduces Stablecoin Backed Visa Payment Card In Colombia - Crowdfund Insider,https://news.google.com/rss/articles/CBMiuAFBVV95cUxQVEVTdjM2ejBGUUViYjJESUpvVGdkRXFFMlpMVUNxSV85RHJDTUMwS0JoV2tSSlA5a0E0WlVZSDdWOUU0SGZodU1DdmhNMnp6U1BoaWNkeXBzeU9PYjFNLVBqeGNlVkFjSnBjN0d1QWd5Skh3T01ibGZMZGw4Y1VLWkJ4R01RQlN5TFFJbmg2TVlBSzNITjFfNTVuZzg4VkczYnktaUFtTjNqeFdLOGNNcHV3WDBUdVd2?oc=5,"Fri, 11 Sep 2026 20:27:34 GMT",2026-09-11 20:27:34+00:00
U.S. Bank Launches Its Own Stablecoin and Beats Wall Street's Joint Venture to Market - Startup Fortune,https://news.google.com/rss/articles/CBMirwFBVV95cUxOb3lJeDIxOGJXUFFGbEFHSXBkQzRrbXp4ckwwUndfaUhQUWtFT0Uyb2pQa2ZoMUY1THJzVjlxV2NGLUFsQ1RtbVg0bXhnRlYwUU10Z1V0Y2sybzVnTW9rSmUxQnpKRW9FTHZ4V1VETzhXRnJvaU16N1dlRU81aVhJdlBjWFZLWHpjb08zN0lzTGdGZk9JeVgtX1Rka3d4NzhoTXdzdVFKY1c4aHNNeUNB?oc=5,"Fri, 11 Sep 2026 20:23:00 GMT",2026-09-11 20:23:00+00:00
ARK Invest says only two stablecoins have scale - thestreet.com,https://news.google.com/rss/articles/CBMimAFBVV95cUxQU25PUm8wTmtYUDFwUmNwUzlYb1hQbFk5RHgyM1NMb3gxQVhDQm93OHYwRnU4MmdxSURaTHpvcVhJVDRFcXg5cFZrVnYzUjdJbXg2N3l4RHhneHhoTHl6RFRjVjNETzdMTVdmLVRRZmFsZmNQOHlrbnZoUkgzcDVwQUZ4b01VRWNlS0VZSEpTVUh0XzhESy1oVw?oc=5,"Fri, 11 Sep 2026 20:12:09 GMT",2026-09-11 20:12:09+00:00
BVNK and Marqeta dangle a payments lure for stablecoins - American Banker,https://news.google.com/rss/articles/CBMingFBVV95cUxPeXdaNjNNYkNWckxva1R2czlDNGp4SW11YUdRV0JzRkQzWmNGQXVJMFdSWVVEc2pZNm1mRlZxbHllQWlHWlQ3OGlQVzI4UDlpYnBFajJlNGd4bnBYcUl6LWdpMXBjWUIyR1pVQl9xSTVyUDQxSnB0YWk1Wmg4cG1BRVROZHJHMl9tM1FiRFpnbFdtWDhzUVJtSDRDZEpZdw?oc=5,"Fri, 11 Sep 2026 19:51:00 GMT",2026-09-11 19:51:00+00:00
Stablecoin News: MoneyGram Adds USDC Visa Card for Colombia Users - CryptoRank,https://news.google.com/rss/articles/CBMipAFBVV95cUxQWEpRcVRrMFE0N21XWWtHWmZ0d0dxbkEtWnJ3Tm02Mm1qR1FJNVNPZmdidDd0YVJZa3FWaFJDMnc0NXQ5SXJhWkdpTm5jM0VTb04xTVBXVWYxZEhNTnJna2JBYWtBRGhtOXdvUktYSjRzM1BxNDJ0RnU3eXBiQkRmRHJQZ0x2Y1JWLVhKRzQya1RVLS04NmRaQWRGcmdic0FoRE9ENA?oc=5,"Fri, 11 Sep 2026 19:30:52 GMT",2026-09-11 19:30:52+00:00
Anchorage Digital Opens Regulated Custody Path to Frgmnt's fUSD Stablecoin - finance.biggo.com,https://news.google.com/rss/articles/CBMidkFVX3lxTE5paU1pMFRGTmIyTFdQNkFBektZcElVaXZqaUtxUC0tbkFGVXdmSloyR2x0LXJOTjEta2JaMFc4ejktRDV6NmZyU2JITmRkY29PMms3TXd3Q3luOVBoZ3JVMVdSSE9ka0V1UC1zRFVrSjNHZXFnU1E?oc=5,"Fri, 11 Sep 2026 18:23:00 GMT",2026-09-11 18:23:00+00:00
Latitude Raises $35M Series A to Connect Stablecoin Payments to Local Rails Worldwide - Financial IT,https://news.google.com/rss/articles/CBMivwFBVV95cUxQYUNWclRVMDVJOVdLTThoRHM0TDNENExPb21WdE1DMTJtS2RMUzhiNEstYTduNjV5R3oyaVpsX1JMcUNQVzE3MkMzbEVJOGR1VmxaTnhZTm92TWpoYzhEQWFTZU9RWDdRV21ybGY2WnRna0l2NWQ4RVlWLWxLeGFYM294dlhmUTkzV1Z5YVg1THFDdlQtRUFDVmVWczNDNEVMQS1rMFNvekgxbi1pbzFPSnBTOTUzMXlxcjNhUmJ2aw?oc=5,"Fri, 11 Sep 2026 18:17:16 GMT",2026-09-11 18:17:16+00:00
GENIUS Act Makes Banks Check AI Payments for Financial Crime - PYMNTS.com,https://news.google.com/rss/articles/CBMiqwFBVV95cUxQbXlrTlJoaUo1dnRyWDF5aVNISEpFOXkwT19GZFdPSWJCOWo0X0ZfQUV6Y2prU0Z4S2pXTlhCQ09QemU0TmVaMWhOWklwTFR6dGRJMjRfZGlwSXdncWM4WXcza3gyTlpiSWJDRVdVenlvTEp0dTk3WWZaMzdIVV96Tk9uX2tteGxreVFGTjdFZXNsVkVoNmNUU2pscGxXaHpZTGh5RzMzVmRzOUk?oc=5,"Fri, 11 Sep 2026 18:13:34 GMT",2026-09-11 18:13:34+00:00
Stablecoin Proliferation is a Treasury Policy Problem - thefintechtimes.com,https://news.google.com/rss/articles/CBMiigFBVV95cUxNa0tzSmhIWld5cmxscWlycUJFZ2NTYVVRUFNqNmZxN0t0WUU3Q1duYVpWV1o1NkRjUzJVY1FkT1ZDZDB4QUlGaHJTZjBpOERtSy1vdXBDT3JHZHZDZHpvY21jdDFvcWRPX2dFV3drcGczVVRCR0xkZXZibmJKeW1nZlpHamxqbE90OWc?oc=5,"Fri, 11 Sep 2026 18:00:19 GMT",2026-09-11 18:00:19+00:00
Beyond stablecoins: The tokenisation story - RBC Wealth Management,https://news.google.com/rss/articles/CBMilwFBVV95cUxNaUU0TVJfUkhyZ19YSnluQ2FDa3Y4eUFMOWtmVmZVLURyV1dXdktpMl9lVWVFTHBUOHo2UlV3MTA5UnVrZjJqaFRtb3hhcjF6Y19LdGp5VmdDZC1MSkVzeTVna1p3WkZjQVhWNHgzUmxLZG9uMG1GczlVbGdfNks3MEFXV3c0VHMxMEtWX0Q0QlgxcFNNNEhB?oc=5,"Fri, 11 Sep 2026 17:30:55 GMT",2026-09-11 17:30:55+00:00
Stablecoins aren't replacing the dollar. It's giving it a new global face. - Yahoo Finance,https://news.google.com/rss/articles/CBMikgFBVV95cUxOTGdjOEctSVhyYjNZQXJOcnFQNHl6WFFzMGdaekVQcjhNT3Y5bXRIWFJ6TzJZZU1jemxhZ3I5VHBoOUg0Y3ZPeEZzS2luY2dWRzZEVXRGV3NXNzllSy1VMVJEX21wNmpSQjl3RVZBZkJlT0lMR2xLTi1udGc0MmNoYXdlQjRlT0gzVm1sdlM1VnV0Zw?oc=5,"Fri, 11 Sep 2026 17:30:00 GMT",2026-09-11 17:30:00+00:00
"House Panel Weighs Growth, Stablecoins and Financial Regulation - Legis1",https://news.google.com/rss/articles/CBMickFVX3lxTE9TNkRDaEtDVXI3N29Nekp5SjVONkFBcmZDeFpSU3hxeXM4VG9GTzNVSDhEQzJyb0t2ekRJMV8xUWxfQXVJTEFMNTBHVlZyaTFia29kMUkzOWRMQzhJWTZ2TC0zTUlzUkV0UUlfQVYyMXFadw?oc=5,"Fri, 11 Sep 2026 17:07:13 GMT",2026-09-11 17:07:13+00:00
Latitude Secures $35M Series A to Scale Global Stablecoin Infrastructure - FF News,https://news.google.com/rss/articles/CBMiswFBVV95cUxNSHFDSjJRU0FSazh4YkhuVVNNZGtmd3RhakxXMGtycGNWN3Z4M1k4dXFlZFFkLTJSX19JcWZ5VEJCMkhPM1lUTm9LcnJ3WjZxTEtvVlUzNkhtSzRlbzcycEFST0pQckVxbVpPRFgzUG5JdlB1MmFWb1l2Q1c1MW1kYk9PcmFGaXBTOGEwV2ZPRVp1LVZYWFEtbkNyS2tPVEc3aUNvTDFJREFEd2w1WUIzSlFNMA?oc=5,"Fri, 11 Sep 2026 16:12:59 GMT",2026-09-11 16:12:59+00:00
Anchorage Digital adds institutional access to Frgmnt’s fUSD stablecoin - TradingView,https://news.google.com/rss/articles/CBMi0AFBVV95cUxNaFlWX1F4Y3dsNGliMDFzMUFFTklqMHpVSlN4bktpVmhSaTJIZUhadDlJVjN4RjV5dkt2NmJjdzY1ZXNXMmc4dzhLSzlEelZwcTFvQXo0NlAySFhSWVl3bXY2VVEtZ2hqWklhcHRKOXZRcXdOUWVsQ2xteUh4aGJLYVJXcEN2NjRIM1l2NmJfTEx5STM5QTlyZVFUb0hWNmlXSnhlSVZEZm5IUlRvSXZJdnZlb0prek91cUVCOGhubDd4TzBCNEhpR0FZUmxWMGhU?oc=5,"Fri, 11 Sep 2026 16:05:15 GMT",2026-09-11 16:05:15+00:00
What Actually Makes a Stablecoin Regulated: A Guide for Institutions Evaluating RLUSD - Ripple,https://news.google.com/rss/articles/CBMiswFBVV95cUxOXzlUUmp2QVV6OGJZaWtPc0ZfcUY2MlJrQkRQVGs1OERpVFQ2M1lDQzN5Z3NRYVFILWFWTmEwZ1VJalN2azdnRzQ3MjdqbGxNbjc4VVk1R2R3cWJaeWFJcXFoQndNQjdQNWlFNU5xcUl4bnEwcmY4bnNGaElqZFNvS2ZSeU9janhfZFdmRktCOW9wX3hMQTltN2NFeTZzaVpwMXlJbkFXTXhQV3ZJWlRuMnhHVQ?oc=5,"Fri, 11 Sep 2026 16:00:39 GMT",2026-09-11 16:00:39+00:00
What Actually Makes a Stablecoin Regulated: A Guide for Institutions Evaluating RLUSD - Ripple,https://news.google.com/rss/articles/CBMisgFBVV95cUxPbXdkMmpjamRkS2QtWEJjODVaY3dOMzFhOGJHNk83eThlTkxIVmx0b0FxSVdUSmRaR0daY2xYNzZZdW45MFpQS0lTTXFXOWtYaWtld3EyTWtDcHp5Qk1JYzlFLTNJTXB4Z0hKRjAxUlNZNHFmX1I0UWQ4ckFVeDNud1dMTVF0VTJwdUtOZ0JoOGF0cHFOMTVDU1NpYU13QUFzUVhBSmRIQjBlaGNRVWp3cjVR?oc=5,"Fri, 11 Sep 2026 16:00:39 GMT",2026-09-11 16:00:39+00:00
U.S. Bank Debuts USBDC Stablecoin for Instant Cross-Border Payments via Stellar - FF News,https://news.google.com/rss/articles/CBMidkFVX3lxTE13VVRKLXo2ZnhKOEsyQlVlLUxjMlA0cUgzTVFZQzRRWmJ5TGlsZjktZDFHcVI3NmRuOC1fRU52TzNtTTFGWVZ1NjNSSkd0bDRuME9pWVh3WmJSSFlMTlQtR3ZWdUhVWjFTa1ltQ081YjRJRl9GUUE?oc=5,"Fri, 11 Sep 2026 15:42:59 GMT",2026-09-11 15:42:59+00:00
Visa Positions Itself for the Next Wave of Stablecoin Payments - Yahoo Finance,https://news.google.com/rss/articles/CBMinAFBVV95cUxNMGVpVXZNdDVIazZrelhCN2xSdzRSaEV3NDcwZHk0cGpfN1B5OWtuei1QTHpPZkZValBxR09jU3dCaWJQZmlLc3llRExvYWJEWUtxTm9HeFNQYTc3dzZyX1lNdEJVZFA1Y01PdzdyYlZVWWtNUUhkMVQ5czJ1OGRSSnExY0tpVm9UU1BOek50bXFvTzJZQXFpQkVBcWg?oc=5,"Fri, 11 Sep 2026 15:21:27 GMT",2026-09-11 15:21:27+00:00
MoneyGram Launches Stablecoin-Backed Card - Yahoo Finance,https://news.google.com/rss/articles/CBMiqgFBVV95cUxOX1RPZm15ck1aZ0tjSlhEMkVHa1NETE42d1gwaHg3c3JLazNlVWh5YXAxTk1jZEpReEdvSUJfejEwM080S0pHQk15SEdablRsUXkxUnQwRXdtczZ0SXBhalRidkdlSUlHcDlJeXlwQ3lKNnN3YVBFUV81SkxqS2FRX0x0TzVSWHVQdXhla1VBWEtvdnNqb3lmWFFiR3R0X2FZclVkX1F2ekVPZw?oc=5,"Fri, 11 Sep 2026 13:31:00 GMT",2026-09-11 13:31:00+00:00
Nu enters US with savings account and stablecoin-backed transfers - Yahoo Finance,https://news.google.com/rss/articles/CBMimAFBVV95cUxNeGN1b2FzdmRDQnpoWXVOYUJkcmk5ZENwMVhzTzlnSHpyQUdDbWFVY3Y4Um9Tc051REZiV0hBYUJYeFAtWldXUWJEMi1BVjRKc0RvOWFBWVRkVEw0TGhYdVJmSHczcWMybDdrNHR4QlR3amtacUc2bDM5ZmpHbU9sc3MtUjltZkd1UEpWSmZzc1NETDlTZXlVcA?oc=5,"Fri, 11 Sep 2026 11:55:28 GMT",2026-09-11 11:55:28+00:00
Marqeta and BVNK partners to enable stablecoin adoption - IBS Intelligence,https://news.google.com/rss/articles/CBMimgFBVV95cUxNWm9lOWZmUkdOaHdvYXJzTi1CNzZlN2d6OWV0NlJpT29hMXRySlR1Q0JDNVlUbVRkai0xdnV1TjMtVHZOVXBSanA4X1ZqMG0ybHJNWHlKYVdONVpYcFJzcjBnREd3VnR2OU1NZXpqQTJKcmlhTzU5a1NHemF1QjV2b3F6cTlaLWQ0Und5UURidnZwZllOS1JGZlhR?oc=5,"Fri, 11 Sep 2026 11:46:36 GMT",2026-09-11 11:46:36+00:00
MoneyGram invests into stablecoin through MoneyGram Card - ATM Marketplace,https://news.google.com/rss/articles/CBMimAFBVV95cUxOOGVELUh1OGhfSjVaWXM1dEhKX3k5eE12bmY2N2N4Y3NrUTlzVV9aZkdOQlltdGNqeGxSeC1mbW45RnJEUUhuYVBqMmtZS09rZzdsWmdUZ0luZDJ2ckpwVGp5eGVqSWNjZEdtc1JyZjFLTWtJeEJUVV9NX3poTzBOS1RIZjJ4YTNkaDJra3pUZE80X0t5ZDJQUw?oc=5,"Fri, 11 Sep 2026 11:44:02 GMT",2026-09-11 11:44:02+00:00
U.S. Bank Issues Its Own Stablecoin On Stellar - The Defiant,https://news.google.com/rss/articles/CBMikAFBVV95cUxPOGFpUGZRcm5GNmV0THp5aHc5Z0dJTEtSOXBJRnBsSWlGZkxVNXBjSXo1VF93b0N2MHpZbGptTVJ3aHE2em5fYi00OFF0MW5DWDdEU3NEbTdFMGpJeFZHVHo1cjQxeHpXaU0tRGpIY1ZZRjdLb1QySjl5QjRfVG9yUTRMUU1pSm5OS3hZYUhXYVY?oc=5,"Fri, 11 Sep 2026 11:29:47 GMT",2026-09-11 11:29:47+00:00
"Coinbase Partners with Moov to Bring Stablecoins to 1,000+ Community Banks - Yahoo Finance",https://news.google.com/rss/articles/CBMiqAFBVV95cUxPTDNkYVdPZm5uVXpkOVJMN0xVTzFPdmFHamRxRVhLQ2MtZWpqUlZaclJnVVI1UDJxejdZLUJ0T2V1a2ZDVkVhM01lME9pZGttT3ZiNmc1UWdQSEc1VW9hbFlTRnNYS0EyYXQ0Tjh6TmhFZDE5bDEwaHlRMTA1UE1ja3IwS3BVLVBTaC1XblQ0U2thWTI4SFhpcjEzd0FtZEQzUGRJYjM5SWI?oc=5,"Fri, 11 Sep 2026 11:17:15 GMT",2026-09-11 11:17:15+00:00
Latitude Raises $35 Million For Local Stablecoin Off-Ramps - The Defiant,https://news.google.com/rss/articles/CBMikAFBVV95cUxOa19aYmR6dFFpQ3VtWHkyc3hUVFhCbjJwWUtrVGR4V1FEMVM1aWc4ZVZpUlkzVmsyYWtiSktCQnRQeUR2Z1UxSy12ckhicm5peVlaY0Z1OVBxZVRnc3dEV0hRN0RUVVJaNUJIRmt4VmJQbnVHZUg0VU5JOWxQdS1UY2kwYzlzZGlSd1dkRU1DdUI?oc=5,"Fri, 11 Sep 2026 11:00:48 GMT",2026-09-11 11:00:48+00:00
Coinbase and Moov partner to boost stablecoin payments for community banks ahead of CLARITY vote - Finextra Research,https://news.google.com/rss/articles/CBMi1gFBVV95cUxNQWl3MG9IMTNkYmQyY1BhOGlrSmM4X3hXLUQ1OTdRNWQ0WFlIU3FVUkFpRldxajRNeU1UTWVkd0hLWXJ2VGNkZ0NBa1ZwMHp1NDVUSU90WnpMVnZweHVacjM0UTVBMTFRcDhMY1hBRkhON3dnTk5wSjJDdWxpMVFyX3VKQlZFaHpsR0dMSFJ4RVIxcmpvRUR1SHZJTHo4M2RRQlB5eE5xajJyN0ZxTXF5dE9zN1ljNEM5UzVSSGVtNnM4a2R2emxFT2RTSy15NDVCV1RaMTln?oc=5,"Fri, 11 Sep 2026 10:34:00 GMT",2026-09-11 10:34:00+00:00
ZBX partners with BoomFi to bring stablecoin payment acceptance to merchants across the EEA - The National Law Review,https://news.google.com/rss/articles/CBMitwFBVV95cUxNYVpRRHlnajhYWnRmY2p1QlYyWU9PRmMzQ1E5Y25PZm1MQktFWll6dzhMWmtmcmpWSUJiVFAtQkZ1N3FkY2d3RXBVbm9QY3VEMklJT1FTd2pxMHVtNXk3dFhLS3dadzJYWUR0MUVuazRaWHo4ZDBBQ1VGc0kwb3ZtZ3cxREZfQjB5UkJvb3RseUZ3NHdlSXlIdVJaNDJ3MEZ5WjVkNjQ2cFJMajlEMXRzSWk4VlJ6TEU?oc=5,"Fri, 11 Sep 2026 10:05:30 GMT",2026-09-11 10:05:30+00:00
Crypto Fans Say Stablecoins Are Good for the Dollar. The Truth Is More Complicated - Bloomberg.com,https://news.google.com/rss/articles/CBMixgFBVV95cUxPajJCRnJDNUs4bTdxYy1FMnAwUkhmSTRqMzZTcGxfczZHWTR2cl8xempSX0NCWWFYSGQ5azc5cVFWMklOaEU2UHNJU3h1ZmxLbkJFMTBLaV94eFFFNlctekZSMlFjVHY3TmszV2xnUW5GcGV0ZS1mbkJOc0F3dm8xUlVJVm43NnA0TWhXY0RPSm5IMko0RFZFYmhmQlBQVVZXc0VFT0ROYS1ZdjdVbFFNRmpWRTJxWGZIWTNOQXEzVF9rVzNhTVE?oc=5,"Fri, 11 Sep 2026 10:00:03 GMT",2026-09-11 10:00:03+00:00
Standard Chartered Sees Yield-Bearing Stablecoins Driving Sky’s 5X Bet By 2028 - Yellow.com,https://news.google.com/rss/articles/CBMiggFBVV95cUxPanhpMERvVzZabE5KcFdZUEZRYjYzNXRHTk9feTFpWlhBNkxFOExDcVFwamZKVXdKMlRsUGR3Zkh3cU5EQnNCSlNMTldZWm83M0JEbFZ2eEhiVkFvT05sRDR3ZkRiclBGOC1sM2ZXc0JZMFJYWmVDa1J6RVdFbzhFTnhB?oc=5,"Fri, 11 Sep 2026 09:43:29 GMT",2026-09-11 09:43:29+00:00
$135M Stablecoin Laundering Case Links US Banks to Colombia - Fincrime Central,https://news.google.com/rss/articles/CBMif0FVX3lxTE9PTUswUWI2VWNPWWt6VTlxcnowU0V2ZEhOSjY2TGFPcmZ0WWUxUEZMMDgzZnVOLUdQY3RPUjRCc2RCRml6MGRRSWRnemJHZElZMHZwdWk3ZFBXbmtwRTd1SDBuU25BSVhYQjNHd3RWdGltbTNjNjdSQ011UUY5MEU?oc=5,"Fri, 11 Sep 2026 09:12:16 GMT",2026-09-11 09:12:16+00:00
Stablecoin grows as more countries explore sovereign tokens - CoinGeek,https://news.google.com/rss/articles/CBMiiAFBVV95cUxQZlc1Z2RScGFNT3lxRmdnTDY3QmR3Rk1jZk1kdVBJQ25qVWpCMTVBakZfaWE5bGlTSmVudG9qckVIZVVQQk5wRjBWNXVUX3YyME5FRUloYWZuanJIbHlGbWZ4S1BtQUlLN1lTMExMRXlMTDVybzNrX2laYmRoN3ZmS0ItZ28yYkZR?oc=5,"Fri, 11 Sep 2026 09:00:00 GMT",2026-09-11 09:00:00+00:00
Nu Global Taps Sygnum for Stablecoin Custody as Brazil Tightens Cross-Border Crypto Rules - blockhead.co,https://news.google.com/rss/articles/CBMixAFBVV95cUxQNkw0RWt3anZBcFZ5SmJlRS1qb0RVVFNsdE1Kd09PejVhdGMzZXlqcmdyTmdQQVBSM09vS1JfeWRISFBnZXZORkdIUjVIOVludHdvcVg0QUNFV3ptSTFnazYwNXJPMG5kU1VrOGw5QWU4RHZPVXFDM1o3SUZlZDZmeHQwd2pGOGdXcDMzR0dMZVpVREx1QW1nZjJycUNmTWVGaHBkVDU3bTJnMFh4dm1jMXBmQTN2Y0ZBeTUwWUV3RzA2VS1z?oc=5,"Fri, 11 Sep 2026 06:49:22 GMT",2026-09-11 06:49:22+00:00
21 Banks Plan Dollar Stablecoin as Rules Tighten [2026] - shattered.io,https://news.google.com/rss/articles/CBMid0FVX3lxTE13NFVrQUdsQnVDcmpvMWEycXpUc24zQlBGaGh5eHllMUdOSnRrVlVxVkJ6dkloNTA4RVY2WkV0TGlEdjFadUJLaGxQbkJuZTg0ZDQxVWh2SllTcHFqNjBXQWdyQXFXU01PV2NoWUF4M2hUbGdTalpv?oc=5,"Fri, 11 Sep 2026 04:35:32 GMT",2026-09-11 04:35:32+00:00
U.S. Bank Moves USBDC Stablecoin Live on Stellar in Cross-Border Pilot - genfinity.io,https://news.google.com/rss/articles/CBMiggFBVV95cUxQV1ZYcXlfdXQteFVsZTQ0QVB6WGhQV2VhNTI1V0RyT2ctejU4MTdaTnU5RW03NXd2bEVYN2pycWNESWl2M3lkZ25CYTBjdks3WThDbEhkWlJ1N0YySUw0ckNSOTZiUVpxbWFOWm56ekpNUmpvbW0yYmdoREJTUGpzWXFB?oc=5,"Fri, 11 Sep 2026 01:12:29 GMT",2026-09-11 01:12:29+00:00
Stablecoins find a role behind corporate payments - Yahoo Finance Singapore,https://news.google.com/rss/articles/CBMilgFBVV95cUxOb1FoMkx6WXpubU1BU2ZtQ0t0eGtVci15VXlsWFhaZGhZSFdXZmlaaVlwZmRCWjlJVEN4RV9pT1RpQktjSk0zR0laYUg2eVViSlR2MjBKSEkxN1doNm1JY0pncF9jUlNuckxwWjZOamJYZmRaTlliUkRVN2RyTGxtRG1nd05EeVprX01QX2t6Q2VFb2w4WHc?oc=5,"Thu, 10 Sep 2026 22:35:00 GMT",2026-09-10 22:35:00+00:00
U.S. Bank Moves Real Money With USBDC Stablecoin in Live Stellar Cross-Border Pilot - Bitcoin Foundation,https://news.google.com/rss/articles/CBMixwFBVV95cUxQMXJpc3lwSFA3cjJXbmhjQV9FZzJpSDNqQ2xieHl1MXcwaXRGQ2g2ZW8tbUVvQWd4bWlrajg4Z29ILV9DZEtQRUdBNGVTOHlzUm1uOUhtX1d5Z0RLdjlWVWRrTTkxVWJLblF6R2hwdWw4d1VRRXhDSFpwbkx6ZHVWbEpFemlZdlhQMmZiM3NPaWJhX09MUjk3UGZWQ2RHRGdiX2VnRkZUYlE1cnNpcW1IcmxtaGc5N0cwYU45VkxZTWtjU1hZNy00?oc=5,"Thu, 10 Sep 2026 22:00:00 GMT",2026-09-10 22:00:00+00:00
U.S. Bank Tests Proprietary Stablecoin In Cross-Border Payment - CU Today,https://news.google.com/rss/articles/CBMivgFBVV95cUxOQzdYNmZzT0lGMF85UkV1VHQybnVPZ0Mya3NsMWcwaGxEUkx2WW11S0J6eVIyN2o0MHFfdV9zWkdiVmszSTc4YUw1bnkxYnJVUVRuOUVLdEpGYy1KRkRpenh0cDM4UGJJeno1OVdtZGwxdFR4SDRaUzlrQWdMeVB2MF9sa0ZlaFZrbFpnTG1xaGljeWVTMTZwU3JtbHhwdXY1bWJ2bXJkYXJ1Nnhja2RLNzdlS04zR3NyajZqM2dn?oc=5,"Thu, 10 Sep 2026 21:51:49 GMT",2026-09-10 21:51:49+00:00
Stablecoins Trade Crypto Buzz for Banking Chores - PYMNTS.com,https://news.google.com/rss/articles/CBMilwFBVV95cUxQTzdzaHIwNGtaNXhBcU1yWUJhUkRHejhaM2tXZnVFQlA0eUF6bWVPVjJqSV9fb1VONEhRaXdSNzQ0Mm5oUUswcHM5TTg3OXd5b0NDaGN2OGNrZUF0QkJRTjl4QjZ1Q1BscFVCcEVEVkVSa0pja1lCN2FiRC1lTUlqRzFPa2lhcmZLaEw3aC1ObE1ROHRBWWNV?oc=5,"Thu, 10 Sep 2026 21:28:09 GMT",2026-09-10 21:28:09+00:00
World - Stablecoin Card - Currency Market Volume - MacroMicro,https://news.google.com/rss/articles/CBMiiwFBVV95cUxQNU1vdTFnRUREejRGNlhsanB4bzhlc1VNNmMxOGJUbmZHQWNJNVJ6aExEODM2dU5oVm5JWEdNbGZlMm83bGVqVGVuMkdqVHRlVHhRbXg3NXREb1pWV0tKUU5FY3BaM0FPQ0VlSmRNRU13NDZIMllwaE5RNERRLWdYZWQtZERlY0RPdm9n?oc=5,"Thu, 10 Sep 2026 20:35:43 GMT",2026-09-10 20:35:43+00:00
World - Stablecoin Card - Currency Market Share - MacroMicro,https://news.google.com/rss/articles/CBMiigFBVV95cUxOcDd5TWU0cXVEUE50dDk0TU5Pbk1QQUZlZHRZRUwwSGNFTDczWGwwMTlmR2NTeUhIX0NIS1VldWRDWkVuZDBNbV9KMGM1Uy15Y2dKYV8tTU92ZnR2SlFXYy1uMmJYYlVsMEZMNmp5WEYzeTl4MzRSLXYwUVE4aHUwVEtwdTdpTVZNdlE?oc=5,"Thu, 10 Sep 2026 20:35:08 GMT",2026-09-10 20:35:08+00:00
US Bank partners with Stellar to test stablecoin - American Banker,https://news.google.com/rss/articles/CBMimgFBVV95cUxQU3Y2cTVSZU84V0didG9PTDNzZ2lqXzdRdWJadklNRGQzeUxUdjhBV1BWaEpISnhES0ZmT21KV2FRYnJpcGhhY3hOcFpDOGJxTWx2VS02TzVBQ2MzUEtMcGp1OUFXOF9TVUVnZTc5SThLdDk3eTQxdnE2M0VUYlJhOEtmMjB1dUowRTNNMTNCQWFxVkljN01RUXNn?oc=5,"Thu, 10 Sep 2026 20:35:00 GMT",2026-09-10 20:35:00+00:00
Spark: RLUSD Joins Stablecoin FX Layer on Uniswap V4 - 10 Sep 2026 - TradingView,https://news.google.com/rss/articles/CBMixgFBVV95cUxOMzlxcFJlbVVDNUlza0d3VnprSEtKNkdDY1JPU0xfWmFaUnR0eDhadE1pT1prcmRiUU9laExUY2pZNW9zTjhQcC1sVXZES0lBeU1jdzhmZTd1NnU3Wmc3SURGVzhJSzBXTUFZTlFrX0liVmw0YjM5XzBQNk90cmtzQW9nVUlhLU5WYmw0bmoxQVJvdlJRQ19WVl9XTjh1RGpWOXZvSUtHbENRRDhISHhad2VjRmZTbHpDVFhYdjN3d1puYWgwWGc?oc=5,"Thu, 10 Sep 2026 20:06:46 GMT",2026-09-10 20:06:46+00:00
PayPal launches PYUSDx platform for custom stablecoins - Yahoo Finance,https://news.google.com/rss/articles/CBMijgFBVV95cUxOYkY2V3R3M1pBSzBLMGI5OTFPWmw4dGI5MzNpZGVCdUdpMUp2TXQxR0Q3bTYzV2NGQU5hZVNjN2pJZnlCRjVNUGRpbUdiUmlMNFRKcS1LT092ZXZJdE5FaFFzQy1VRGhIRkw0LTRGZEhNdzRDcVI0Vnh6cDlaWkdVN0VDdXRLWGJSY0pCTTl3?oc=5,"Thu, 10 Sep 2026 20:00:00 GMT",2026-09-10 20:00:00+00:00
MoneyGram Launches Stellar-Powered USDC Visa Stablecoin Card in Colombia: how 13 outlets framed it - NewsCord,https://news.google.com/rss/articles/CBMi3wFBVV95cUxNUjBvZ0ZFTGY4NFhlcHBDTWh2dmNIUmFCYkNpQzEzWTBjWWlOdWU4MWlEYmR1aGR5OFQ0TndsRi1kSU5kX2R6REZDSHRmNjdPSHI2SElTalMyZ0hHNjA1a3BmeWQ4WXM0UkxxNVgxTEgwMlZDaGJCVWdyTE9xdllYVDNJdnN6am01cll3NnZLbk1CV1h3djZETmVUbU1BMUNDZWFpSzEzRTJxSVRHZE1mU2daVDh1cmswbWRkLVFMTlY1R0pQczQ1d1ZYNE9Za1lTNko4dlppVTB0SkVxeFR3?oc=5,"Thu, 10 Sep 2026 19:55:28 GMT",2026-09-10 19:55:28+00:00
US Bank tests its own Stablecoin for Cross-Border Payments - Payments Industry Intelligence,https://news.google.com/rss/articles/CBMiogFBVV95cUxQbDB3eERRaEdqNlFHaW5tcVdlQUwtMXN2UjVBczZnUXZXQWlFVnVYZEk2b3lFcWlCSFQtUUc0UlpJbVRKUEVneF9YamJadU9GWGZpSF9lS0prOFV0Tld0RFd1TjdMVjUwd2FsM0FsMjJMNFJoOUdkeFF5cXhjWmZDUE5yUENKSGE5NGZvWFVDLTY1di1ROFFXUGx2ZEZXVkprcnc?oc=5,"Thu, 10 Sep 2026 19:27:27 GMT",2026-09-10 19:27:27+00:00
"The Stablecoin Volume Illusion: Trillions On-Chain, Billions in Real Payments - Payments Industry Intelligence",https://news.google.com/rss/articles/CBMiuAFBVV95cUxPc1dCOFVIdTJWVkZFbk5oOXlSR285dWdkbzBQYWpaMDB2dkRKQ3ZVU3kteVFFdkhlRU9IQ190cHVfMkxfTHVDdURuVktZbUg0NHc2QnViN3ZCdmMzbUZ0bzJTSTlNTkFqbE5Zdy1HLTZmS3l3MmhBNXFvRVlRQVozYmpHWXAwaUxQZVB0ajZTd3lpZDNuRDlIdDl1OW4wY3VsMFpYZV9zSVU4dUlRYm1DM2dsaU9PYjRn?oc=5,"Thu, 10 Sep 2026 19:27:27 GMT",2026-09-10 19:27:27+00:00
Coinbase and Moov Team to Help Community Banks Embrace Stablecoins - PYMNTS.com,https://news.google.com/rss/articles/CBMirwFBVV95cUxNTElRQmY4THFyTHQ0M1VNWTlHMVVJMTR6NmpRZlJtcmpNUS1oaVMwbnZzMjFIV2xZZFlkZ0dIYzVPVm94YkJIcURwSTJRTmw4M2V1OFk2SUZYWUhTWjM3d3dGOU5PRUE1R3pEN3U4dWhEV3VXTFRaZ2xRNEZtQVRJM0hON3U2SmNaN3hKWG43bUs2dHYyck1ReXRYLXl3X054eHg4ZUZBanpqaDc0RjFz?oc=5,"Thu, 10 Sep 2026 18:58:25 GMT",2026-09-10 18:58:25+00:00
Why Is Mastercard (MA) Building Out Blockchain And Stablecoin Payment Rails? - webull.com,https://news.google.com/rss/articles/CBMiWEFVX3lxTE11Y1VPaGtWUlRBRUluekkwd2t4UHB1dHdzeXNuX0Z0R1dDY3I2NVg2emxhc1pxN2w1ZHZUbjdNY3FfWjBFNkNpMXhTVmVJSXN1MFhDZUVDNTE?oc=5,"Thu, 10 Sep 2026 18:58:19 GMT",2026-09-10 18:58:19+00:00
"Coinbase And Moov Partner To Bring Stablecoin Payments To More Than 1,000 Community Banks And Credit Unions - Pulse 2.0",https://news.google.com/rss/articles/CBMixAFBVV95cUxPTUdMeHdwclNfTkRBd2w5S3lJUkdOMkh3WHJ2eFdzVmJSSktiSnlrc3QxVHh4SHlwV2d4YWRMZmRkNmFuaHk1eDgycDhRdG0xX2FWdmpvWVVyU05jdzRmNFFtd1BJVFVoNTd6d1VRd2hiVFZOeUZneXpyMFFjQ3NXZFNNS3piWnl1WHVLbVpXZ0hXTlB5Q19OQk5PMllBQWh4Q1V3LVpXQ21Xd19wZkZiamhka2VYS2YwREQ0ZFJsM2s1dWlf0gHKAUFVX3lxTFA0clVVdU5mNkl2bWptLVNyTldJSUpScmRoeVRPV0NzdDh4b2lfRHRlbTRTWEVFRGcxeUJlWDdoUjJGUE9NelZRc0s2WmRUaXkwbjkyaTdaUFN1MDFNeUdZSUlFZGpDMHdwUG5wT19sSHdpTmVIdkhFbUFDS0V5ZEVhTlRtM1BnZkE4d0hJNEloNkkzYkIwSW52VlFoYzVTQmIwbFhGN0poYW5fbVlBSG8wdjROdUgyXzQ3Q05TVWE1cFJsRlNZUFRBS1E?oc=5,"Thu, 10 Sep 2026 18:29:40 GMT",2026-09-10 18:29:40+00:00
"Coinbase Wants to Bring Stablecoins to Credit Unions, Community Banks - PaymentsJournal",https://news.google.com/rss/articles/CBMiowFBVV95cUxPM29TTkFuMDVMVENWT3JicHFGMkpjdlFYZFdmdVhkWktkRlJLQTJxLWctaldQSUJvUC1PUWdiV1FFTUlSX0pFWGdFR3N6aWVHd3ppSXJjTzFTTGVUVzFkaGFyZVQtWjcyUTlFRF9Ja1dhRVZobUZLTFNjOWZ6bmQ1cHNrWkNxRjNoclljNl9mTi1yMXV3aXNWUHEzTUNNLWVJNnpr0gGoAUFVX3lxTE1JQks4cEhUM3lLcW45cVhROUVxY0tfQTJMMlpwakxRWXU3ZEJMakg1MXN6NnlCYS0xaE53VFR3MDYxSU1NUGlxRVJ0dm02RUZxTmNwVlpra1kxQk1wVV9udWdpOWxqQkw5Z1V3Um9EVmhqTHoxNU5EWnVJN1pXU1p2NGVGUkRoSTVhWGhRTG9VY0p1X0pxb2Jhb2stR0Z4WlV3NGpFdktMMA?oc=5,"Thu, 10 Sep 2026 18:09:04 GMT",2026-09-10 18:09:04+00:00
Stablecoin card lending is too small for banks. How Visa’s data makes it work onchain - ledgerinsights.com,https://news.google.com/rss/articles/CBMitgFBVV95cUxQZ2F5d1VTMEpHYTdQNVptZFZRVzlBZTFLRE9BcnRwbzMxRzVHQkVXWXFvbjhSd1FYZF9uWFVpQ3R3YU93RkV0UG5SSDBtRXFkLVlhdE00UWVLaUx2VDFnR3JaMzNoOFZMdllLTHRyTjJObW9tX0dIcVdqRi1fblpFMF81cEY0aThHRzA1TVdCVGFJTjFFYVo3bno4bGQ5dV9yR1hUZEp0Z05CajIza1REc1diWGV6Zw?oc=5,"Thu, 10 Sep 2026 17:32:11 GMT",2026-09-10 17:32:11+00:00
Stellar (XLM) to Power New MoneyGram Stablecoin Visa Card in This Latin American Country - TradingView,https://news.google.com/rss/articles/CBMi3AFBVV95cUxOaklmbXZXbTM2X1BuV3I0SHhpMzBITTZDaXhlSG5UNmJiWW5KTGhISWx2TnhGOTdrbDU0N2xYd3J3M0dhc1FsTThicW90MFRlc2ZoRml3MklwbE16azFJX241ZjJ0VVV1T0JHVXlsUDdkVGN3cElHalp0ZTcwa0tld29UQk9FYzN3dEMtdldCTFR4Tm1CWmk0S29xVDRLNUFQamttWmtkRnF6RE5wS1IxbWw2NUhsbDlkVzg2UWJwV1Q4bkhXVkVsM0VFWWZmVUdHeXc4eUxXNkxsZlhW?oc=5,"Thu, 10 Sep 2026 17:23:30 GMT",2026-09-10 17:23:30+00:00
PYUSDx reaches $100M as M0 CEO explains business stablecoin model - Crypto News,https://news.google.com/rss/articles/CBMif0FVX3lxTE5qN2NjRkQ3Ty1IRzRrNnRzdkRqVE4yMGJuVUJKSXBOb3JfTy1fY2Z4Y3pHcWRuRXhlWWFGVmJnQmtlaUhZQjkxMU5nUk1DTWp4b00tOXAtNks0VHhCZXBWWlZQMTBCUnViSkN4VlBUUE9zWHhaaXVjQ0V2SUlBQ1U?oc=5,"Thu, 10 Sep 2026 16:41:27 GMT",2026-09-10 16:41:27+00:00
iGaming crypto report: Stablecoin shift is reshaping crypto gambling - iGaming Business,https://news.google.com/rss/articles/CBMikAFBVV95cUxQWU9ueW96d0pfNWtvTVp5VVpTYmdxYS1IOTlzRmV4ZjZPMmk5cWlvU2NtLVVOclNvaUtwcEdMaEVka0tScTdndWN0NzdfMF9BVVZYc3F0eUlJd3UyRmRkV2lLVS13bzYyM3piSlJxQTBjLWYybUtGdWtYWnlZdU54Z08zendFMFl3Q19wbmFYTXU?oc=5,"Thu, 10 Sep 2026 16:20:11 GMT",2026-09-10 16:20:11+00:00
"Coinbase, Moov Bring Stablecoin Payments to Over 1,000 US Community Banks - Yahoo Finance",https://news.google.com/rss/articles/CBMipwFBVV95cUxPNUNHSFIyQnVCdEo0VExpSU9rVXdZd214cG5NcTdKb1Y5Vzc3WllLY0RSYnF3eFR5V19UNzROS1U0VjZfMHRJSFBydklyZ05uRjRzWTg2S214OXRaSlNXLXNDc085MllaZHNsNXZjMmhzd25kU2ZvR2R1ZjM5a1pJOWVkcklmQ3U1MDlMU0VtaWNBUFF1bE16cmtVRmZUSHJ6YkNFQUUtSQ?oc=5,"Thu, 10 Sep 2026 15:51:00 GMT",2026-09-10 15:51:00+00:00
U.S. Bank Tests Proprietary Stablecoin In Cross-Border Payment - CU Today,https://news.google.com/rss/articles/CBMioAFBVV95cUxPRE1Ta3BDbHk3Q3lEeW83ckhzdXJNOElBVXRGS1hROEpLZ1d6ZlZvMk1FcWVfNjlUSXZUd0VVdEV6TVc5NnYtUGVJZ1BmclBhdVNuXzl0VjlGN0xoNEdybmdtd1diWDV3Vk82aHh2a3hveWZRN3lXQjhNbkhPSzlOYTdOYUp1a2RXTDFrRTV0bXZGYkZ6Z2dwNU44RWJXRXFk?oc=5,"Thu, 10 Sep 2026 15:24:08 GMT",2026-09-10 15:24:08+00:00
"Coinbase and Moov Expand Stablecoin Payments to More Than 1,000 US Community Banks: 14 outlets compared - NewsCord",https://news.google.com/rss/articles/CBMi6gFBVV95cUxObWwwM2owWVc4QVBGaUVyOXFfSk10c2Qzc1BpWk1mSXFQWUd0NnVEdjNrQnhsQkI4MnNBU2JuYVp5NnNoaTFCVUh0Q0FMZUhVcWtUZU8tNHdTOEhyd3U2YXE5RXFMVXpWMHhrbExFdG51UVRvTG0wOUNLelRSc2dadHRsN3BncGJXOGlKdXZFWWdKWmtZTXVSaDVuR1RZR3NUOUxqV0llcE54MlZzRl8yU0JtOHNFWXg1Wl9TU0FwRC1Lb3ZJUzl4VHd2N3BkcjJkUzdjZG84cWZjcXZPR1hnNWVRYVFlY0MtU3c?oc=5,"Thu, 10 Sep 2026 15:21:03 GMT",2026-09-10 15:21:03+00:00
Stablecoins Are Becoming Modern Financial Infrastructure | Opinion - Newsweek,https://news.google.com/rss/articles/CBMikwFBVV95cUxOalMxRWw2bXJJcE1BblM5RzVINDNIZllzWDhjSkd4Vy1tQ3ZDaUZIY3FvUE90MWR2UURVRGRBLXExRm55alVjMmg0ZTFXY2p0LUZTdlN2NFNLbVFEM2VZREo1MVpEbmxkRzBkNFNJU1cxOEl6cE5vWGtEQV9HU3FzTXRxNkJPQUFSdE4zVWdZa0V6M0U?oc=5,"Thu, 10 Sep 2026 15:03:00 GMT",2026-09-10 15:03:00+00:00
Uniswap launches 'StablePair Hook' to help LPs capture more stablecoin trading value - The Block,https://news.google.com/rss/articles/CBMigAFBVV95cUxNSmpzSUdKU1puZjFJQ294WWFBOWprUlRtalRFeEp2YkxtVGV6a3FyQ1lib2ZWQ2k5SFdyM1hJWVIxZ0h5Y0pfV3MyVFNrT1lCQ3V0QUxtcWRoeXd3Nm1VcUJMd0ViM09vUFNkdVFUR2tsdkVVeXgxVFZ0NEtwVE95OA?oc=5,"Thu, 10 Sep 2026 15:00:00 GMT",2026-09-10 15:00:00+00:00
MoneyGram launches first stablecoin-backed Visa card in Colombia - The Block,https://news.google.com/rss/articles/CBMimwFBVV95cUxPTzA0R25JWEd2T2V4V3BhNFdKMkhMamp1RzIwMXJ2dllGODI5WklidUNuTnZvTzR2UlFzMllJTng0ODBrTDVZSUYzRzhWcG9xUklZX01WdTJab041ZFJvdnF0elVDZWRWOUVucUN6V3ZYbVMxRmh1a3ZkTUw3ZkE3SGhuNFNFUm1sbVNfalhoX3BKVW03NzZaZXdsZw?oc=5,"Thu, 10 Sep 2026 14:30:00 GMT",2026-09-10 14:30:00+00:00
Stablecoins Without Borders: Stablecoin Multi-Country Issuance and Dollar-Run Risks in Europe - PYMNTS.com,https://news.google.com/rss/articles/CBMixAFBVV95cUxNQ0RBT1dpM1diQ29aSHRkRW1VLW1SQkVNRFhScHBwanYxWWlzNlpwLU1nUlhSZDMxc3lHZmhEUjZPOTlzNDV4Q3Nzanl6SzlVRElVZzAyNUNoWFhqbWR6d3p0bm4tMzQ1Q1FCUjd6YXZmUFpfZW56S3F1ZldpQnVXbElhZFQzQ09iNW00eHAxM0JRa0J1ZER4M1J3R3FnZFlZTE9jV2JGSHY3ZmpHSEZnRHl1QVhKbUFBSGFCejVsRGotN2pF?oc=5,"Thu, 10 Sep 2026 14:28:13 GMT",2026-09-10 14:28:13+00:00
Coinbase CEO Says Bitcoin Has Bottomed; Stablecoin Payments Are a Big Trend - Moomoo,https://news.google.com/rss/articles/CBMiugFBVV95cUxPRjhUMFB1TUpYM2gyOHFTanhmR3Y2b19VNlM5a016c3BWR2s3TXdrRndyRmp3MHlFWXBQQ2NrdFZIZHVfMzRLN0xfQWZRakY4Q0RWbzRjblVkSWhwUXUxTlNHQ2pNUzVBdjRwc0FJTXNQTkxBLXRkaVZuSW15OGxIUFNOdUNlTGJHY08yYkhrWlpRTHB3aWMzb2ZDZzJQU0tPSElnR214M0VyTjBEOWh1LU1pWi1tenQ3TEE?oc=5,"Thu, 10 Sep 2026 14:06:02 GMT",2026-09-10 14:06:02+00:00
Coinbase partners with Moov to bring stablecoin payments and custody to community banks and credit unions - FX News Group,https://news.google.com/rss/articles/CBMi7AFBVV95cUxQUFpjWEVEc1ZPRGtnOHRXNlkxM0FjZkNTS3BJNDZlXzZmQXVXWTlXQllELVg4LWtZMnZDZ1BnWEtjd0VNeTlNRVowaVNmdjQ0NnQwV2Jqelo5N1RIUnpDS2c3TzdoU0lhekw0ZFplN0loNjRWOUNEQ2VMQzYxRlFvcXRRQmN4dEZieTFyNURDYTdtMFQzSDFHV0NIRDRXQ0c2T1hvMmFiLVJtNlY1TV9weVJXWEU5cjFiSFpsZnEzQTRFMEs3WEZURTRwdk5mazRfTnAwUVk3X0tUX3V1eWxHY19NZ3Jid1UtOTJOOA?oc=5,"Thu, 10 Sep 2026 13:15:05 GMT",2026-09-10 13:15:05+00:00
Coinbase and Moov partner to bring stablecoins to community banks - qz.com,https://news.google.com/rss/articles/CBMif0FVX3lxTFBpSW5OQ3RoVEFrTTRLTEpoUGl0bUtCbFFVcy14ellPNUZ1SFE0WXFnaTNYRVhWNGNSZlBGM3p6YU5IVXhvRl84TzR3YWJnRW13N1M0ekNmWlJpNDBQTWRWcklLXzMwVlNxZHNLNGw1OHhObzB1WUFXdUVqMVRzb3c?oc=5,"Thu, 10 Sep 2026 12:59:33 GMT",2026-09-10 12:59:33+00:00
Coinbax Deposits Empowers Banks to Accept and Convert Stablecoin Deposits - ffnews.com,https://news.google.com/rss/articles/CBMiswFBVV95cUxOb2dvUnl1UXd1OFpiLTFLUHI3YUUzclg5WTdZX3UwRDZTVVJkd0dJWWI4Sk81MjB5QWZ0amxTS1o3ZGxTbmJLNW1Sdkt4MlB5b3ZPQmVPUkRJUk1VSlkzbU5EMGdHa2NhbHhsd2JqcS1fNHhIMTBKQlExRlVlSFhSMHFReWNJNHRieG15Zkp0UUtvT1hKZEx6RjVQRWdBb3k0TjlRQmpkRzg0UkdMcmZVY3p0dw?oc=5,"Thu, 10 Sep 2026 12:14:57 GMT",2026-09-10 12:14:57+00:00
Coinbase partners with Moov to boost community bank stablecoin capabilities before Clarity vote - CNBC,https://news.google.com/rss/articles/CBMigAFBVV95cUxORDNzakVRZ1hUT0plclN1ckVmWmZ3TUtvMkZDTVZ6NDloNGxrcjRtR192MG9MUm1OcXF1Z2Y4c3FqeUg5RlNZUDFuUDR2X0c1T0tyZVZyb3pHU0Z2QnpJWkhscWNpVHpITEtudkt2QkctaVBiRmw1dzdXQkdBZFpYM9IBhgFBVV95cUxPdW52RndPOFB2U3liejVmTzdmVWNhLWhnandNVnNKNVVORzFUcElJRW1pX3hTRnZRUkdKTml5NmI5U3JwblpmY0pGUm0wSmNFWmNFUFF6dTBjUm1QLWhyMHpwNDhjS3Z2Um1Md0lreUctTTBaSWtJektUWjNmMmZlRzI1Ym5GZw?oc=5,"Thu, 10 Sep 2026 12:00:01 GMT",2026-09-10 12:00:01+00:00
Uzbekistan Tests HUMO Stablecoin for Everyday Payments - The Times Of Central Asia,https://news.google.com/rss/articles/CBMiZ0FVX3lxTE1KVG5MSEZETXRLR3REOGlxejJ5bHJsNEJ1MmJaTlA1WXk5U241OTRGSHJHbnMzd2pWcXc0UnEwYnc3SmoxZnFORlpUX1h4cmFCVU1xc0IxS0FCal8zZVVkaUR1ZlFURHM?oc=5,"Thu, 10 Sep 2026 11:33:07 GMT",2026-09-10 11:33:07+00:00
Coinbase CEO Confident Stablecoin Payments Will Fuel Growth - PYMNTS.com,https://news.google.com/rss/articles/CBMipgFBVV95cUxOcDdBemZLdFg1VkxmcjROSXRXWUJNRlVBX2lpN0YyUUhZN0RIRS1FNlhKSzYzaGtaTlp4ZkNXSDJwQlZFZFlWUmFxeU9ZV3JQS0hQS19hRmF2RGU0UkdvYXlCcUI1bno0Y2ZOaVJkbHpIQ2pQMnJzSFpGY2NFcDEydzBmUmxhU2Y4aEktWjVVcVFxVG5CMFBKQURtZE1pemJIYjVOWDdR?oc=5,"Thu, 10 Sep 2026 11:05:56 GMT",2026-09-10 11:05:56+00:00
US Bank completes USBDC stablecoin live pilot - FinTech Futures,https://news.google.com/rss/articles/CBMirgFBVV95cUxPdlY1T1dBV1l0OEZjMTNMR0VOT2tHbWk2ck9FMldEOWQzdWN6c01qWDctdW01NXVNZ0dndEZId0dzbTUtZG8ya2g2MThZQTdrSGM5ZF8zcjJnbzk5bE5yZGdHWGlRelhlNklJOVkwX1R2NVVqRnBtR2pNdExaYkRxTGlGOGVKdUdXYVpCNmVfMkNhclRTZnIyWW9hc1QwT0F3NThlVzVQNFFnM1JfRkE?oc=5,"Thu, 10 Sep 2026 10:19:19 GMT",2026-09-10 10:19:19+00:00
Market Chatter: Coinbase Sees Stablecoin Payments as Key Driver of Future Growth - Moomoo,https://news.google.com/rss/articles/CBMiqwFBVV95cUxNMmVWMkhmNWppNUV5M196Q3R2RkFBV3pHZEg2ZzYwVzc3cVdYN0dGaENTMFFER1hsdWlWeGs3aXNyanJ4WWtNUW9tM1g4SWhMeGR2d2ZEN2ZDbFBGNGdGczlQUE9LQWpia2FVYTNReFJZR1VWNk5ueHdyMmp3ZlpQSEdlTVgwaWh5TGZLTWI1ZUFPc00zeUxPMThzM3BpNjhaTEljMVpnUl9oMXc?oc=5,"Thu, 10 Sep 2026 10:04:39 GMT",2026-09-10 10:04:39+00:00
Modern Treasury Unveils Non-Custodial Stablecoin Wallets to Bridge Fiat and Crypto Rails - FF News,https://news.google.com/rss/articles/CBMiswFBVV95cUxNOXB5Z1hEX1Y3R3Q5WUVhanM1SjZWS1JDTmhsNTJmSnpmYUpoTEdzWnF6bWxJWnVqY3preHpaVUQtU2w5Z2JJbS1VYjVaSE9rN0ttZjNoOXpEWXZhLWQ0OUs2TkU4X0dqUUlJSXJBc3hoYVBXc2xWWHh1QzlwYlVwTUpPcjhXb2p4dDZEVGZxNmhPQ2ZZeFpub0RYeE1wUU9xQUdVRnJCOUlSbGl5bGtUWTByOA?oc=5,"Thu, 10 Sep 2026 09:24:43 GMT",2026-09-10 09:24:43+00:00
US Bank stablecoin debut; Circle buys Tazapay to boost Asia rails - CoinGeek,https://news.google.com/rss/articles/CBMijwFBVV95cUxPY1VWNDdtc2ZkanF6U3Q2aTdwTE4yOEI0ZDk2NFJGbkI4aGJleWJnSnBldDhGVHVNZW4zRFB2R05kYVJ6TWNvYS1vQnBoTjhwel9jU0FkYlFoMXE1dkdtWWlUNVpjcUt0T1BaNnNjSmpuRzBSc1Fqd3p6LVZoRGZaZ1dfMkw2N19GMmU4d05zMA?oc=5,"Thu, 10 Sep 2026 07:00:00 GMT",2026-09-10 07:00:00+00:00
Only a Token Difference—Treating Cryptocurrencies Differently Makes No Sense - The Heritage Foundation,https://news.google.com/rss/articles/CBMiwAFBVV95cUxQVUQyc2dGSEJ3V2Q1XzlTSjBOYU5kUGp3TGtYRk1DenlUa2RZWXZPTVkyVndTZzJzQ3Y2N0dIWksxUDNfT1Z5TnFnaUxvTm9Ka094enhRV3ZFZFprNW9ET2RPSDJsR0F4MlotUW5BVkVuejBfRWpUZklob1NrX3lUXy1DdUozY1cyRFZEVnNHajJvcXdXYTl3XzNYRUt2RmxTXzRTN1ZTaVhhZTU2MG1GOFNsVUlVWWpzV2RQam44Ynk?oc=5,"Thu, 10 Sep 2026 07:00:00 GMT",2026-09-10 07:00:00+00:00
"Modern Treasury Launches Non-Custodial Stablecoin Wallets, Bringi - The National Law Review",https://news.google.com/rss/articles/CBMiswFBVV95cUxOWlVCeDBiQjZzNUQ3RGlGWEthM3VwOHNNWGptVVlzcm5iOS1ENUhoaDliV1hvS3d6ZnlWQTJVRHkxNVRTUGE1RWlzZHlCc3FaYzlQN19rUm1PcTFOVTh4eTduNExaUVpnT0JpZTFERzRVUEhqU1BYM0dIOEY5X29hTTdtZVZ5YnhIYnd3QTBQd09kdGlsR2hWZHBrZVZSUjl0THQtYXlCUkNCdHpoazNFOWNkZw?oc=5,"Thu, 10 Sep 2026 07:00:00 GMT",2026-09-10 07:00:00+00:00
Stablecoin Summit 2026 by XREX Group Returns to Singapore as Stablecoins Mature Into a Financial Infrastructure - webull.com,https://news.google.com/rss/articles/CBMiWEFVX3lxTE1yZjVhTXpVd1V4TC1BRjhZNnAydFJJanhaUTFLZTZlNVlOOEpHM3o2a1J3Qkk0c2VzdXItaHllZE40ZGplZjFBVU5wTksyQXJXMGRzY1o2LTQ?oc=5,"Thu, 10 Sep 2026 07:00:00 GMT",2026-09-10 07:00:00+00:00
"Velocity extends Series A to $48M at $200M valuation with backing from Visa, Circle, and Ripple - CoinDesk",https://news.google.com/rss/articles/CBMi2gFBVV95cUxQdms2TnBPdzlaUUhkcXY3RURlT0pmZ3ktYUVFcGt0czhFVVZlY2NuejdRM3FYWEhMUEhLTG9vU0pHUDdnRVBsUFBocG5hU2ZmV2NKd2VwT2RGeHczNmkxaEIzMkEyeHF3bFBiRVpXc29WamJCQWhjT3hGMVpUa0ZOUGVmWHFNdlc2WEJ1Y0h3Y1ZWNG5UaTJNdUsySm4ySVItdGdPVWlOYVFYS1RQQ3ZtZmZNdmotQ0NncG9ndHkwOFdjeFV5MWZMaEIwV1BaMlB0THFBX1lVd1hFdw?oc=5,"Thu, 10 Sep 2026 07:00:00 GMT",2026-09-10 07:00:00+00:00
MoneyGram Launches USDC Stablecoin Visa Card - tokenpost.com,https://news.google.com/rss/articles/CBMiWEFVX3lxTFBPcUg5eVF3UTVNOGkweWkxUk9ydG14ZTd4anF4NGx1aHhya09BZm1Jc0x5NnBETFU2WW1BR1NxTjkwRW1oSVIzUkNpN3lDUHZrY0ZWTEdsOFA?oc=5,"Thu, 10 Sep 2026 06:50:32 GMT",2026-09-10 06:50:32+00:00
Coinbase CEO Eyes Stablecoin Payments as Key Growth Engine - Bloomberg.com,https://news.google.com/rss/articles/CBMirgFBVV95cUxQU3o5SUViem53Nl9WZElyZ0tfNDdSbzN0QVhzUG81Zm1YeXlna1ZNOUpCVVJycE1qZGI3ZUE3cW40OC0tOUF2Q2ZPWFFhdVhGTTdZbmV4NGhQZ0RCdUY0WnppMXJUR0k4elVhRVJhTm4ybU5lYXdMckFSbXBnQ1dua1VqRDJ5R2J6THJjWTIzS096WjlfcDZaUFBnLUFQODNidzBPUGRhdlkxSDVETEE?oc=5,"Thu, 10 Sep 2026 06:16:00 GMT",2026-09-10 06:16:00+00:00
Nacha Launches Initiative to Explore Stablecoins in Money Movement - PYMNTS.com,https://news.google.com/rss/articles/CBMipwFBVV95cUxOOEdvdFJWS3JJZGdpclh1VHp0dThnNE04WDNLd0JDMVpBazhuZW54UEl1US15Ykw5N2VBV3FIdVhyLVZOLWlFU2xoaG5IRmZlUlFHTENXZm5ueVB1YWFxOUxab1NMa2FOSTdmdmQ3SVN3cTBwMG50VGlOUDAzdllsQjY4ZFVJX2ExakI0UXpjYnFfXzlnaVFFSEhpLWdac1ZQNmwtUlBOOA?oc=5,"Thu, 10 Sep 2026 01:07:30 GMT",2026-09-10 01:07:30+00:00
Crypto Group Seeks Changes To Stablecoin Customer-ID Proposal - CU Today,https://news.google.com/rss/articles/CBMinwFBVV95cUxOXy1FUzQxSkxreXVxN3VLU3VMS3lQQjhYM3FYMmItSjYwc1JRdFRiUTB4bjlCRGFxTFMyU182VlRtM2k4cVd1SThnMV9aZjhEVjNGNS1DWHpGdU12cVZpRW5lV1F4bFJRaUJHYjlTa25yTlp5eVBKaVl0RkMwUmRYWm9pZFpWdEFHTGNnZkowMUlkQlFqQ0U0ZlJBXzZLVUE?oc=5,"Thu, 10 Sep 2026 00:05:04 GMT",2026-09-10 00:05:04+00:00
US Bank pilots custom-built stablecoin - Finextra Research,https://news.google.com/rss/articles/CBMiiAFBVV95cUxQdFFzOGc2dVFtSENwQ0tnNWVGQVpNZ0ZDNURIdjk0TF84bVFfNHZJTkZvVm8xWEhKZkFXdFAwZk1SWndOWnJKV3ZzQ2pDVUtMYlJlZUowRHdrTjN1VTc1ZzZZUTR2VE5QWUtyTGVJWkg3dTY0WExSUldBXzlJSzMzVk8yWmpRN0hL?oc=5,"Thu, 10 Sep 2026 00:02:00 GMT",2026-09-10 00:02:00+00:00
MVB Partners With Velocity for Visa Direct Stablecoin Settlement Pilot - PYMNTS.com,https://news.google.com/rss/articles/CBMitAFBVV95cUxPR1dDWjV1YVJseXZLaGVZSVZuVzViMHpzc24wSDd4UUZ6LXFvaUpTM202M0VCSHpkZnNfNndHT3lRZ0xVV1Rrb29oQjdhaS1RcFQ2ZmhjTnZZVnJoVmZ5c0U1VTlwdDBWZWlMZVZmZWo0V2c4QmFkLWI2TndxMzFyaVZyZE9zYkRDRE5RZjRUYjg2WEdUUkJkU2tYWUVOQkx4ajhHd2J1X1kzQ3JLRVJ1X2pTV1Q?oc=5,"Wed, 09 Sep 2026 22:49:38 GMT",2026-09-09 22:49:38+00:00
Latitude Raises $35 Million Series A to Scale Stablecoin Payments Infrastructure - citybiz.co,https://news.google.com/rss/articles/CBMiugFBVV95cUxNT0xvU2o1SDhscnF3QUpfRmxqamR0dnlPdzZaekdIUGltU2d6SjRYbXQweEJvTUlmNVg3Ym8xdmZwSG0wT1BiRXo3NmRwaXZjLU9nSlZqVWlEc0s3REltRHR3QTdPQ0dCRmdrdU9maUFlSWdQVkhaRHluMjRZUF9Pd3ZHQlU5Q19GcW5QMzdqT09EX0FzXzdweXN5SXp6U21fUGNRT18yRDRSc0ZvSXJXdXlSai1EUGlkZmc?oc=5,"Wed, 09 Sep 2026 21:18:23 GMT",2026-09-09 21:18:23+00:00
WasabiCard Scales Stablecoin Payment Infrastructure for Global Creator Economy - FF News,https://news.google.com/rss/articles/CBMiswFBVV95cUxQX2JxYUZPVklCOWpieUFjdzZmUkFsb1c3eGZxaVc2TDlFU0Rla1hTWE1CcXUxclAxeG9SWnJvdHFuWmZjaUlZdjNZdk5rOXlkWE9IT0dudlN5MXYzcWNpZDVZVnlaSTVacDdHc1ZJb212N1BiMVFFSWduQ3Z1ZUU4NkJaa1pHWVdCRDFtX1ZQOXAza0xCenlJbzF6U3E3Z0VoemlOVHZpUlg4Zk44ZVlWeGp4WQ?oc=5,"Wed, 09 Sep 2026 20:48:13 GMT",2026-09-09 20:48:13+00:00
U.S. Bank Completes Cross-Border Payment Using USBDC Stablecoin on Stellar Network: how 14 outlets framed it - newscord.org,https://news.google.com/rss/articles/CBMi6gFBVV95cUxNVnEyXzN0dUROcE9Ndl8wZHNFN2dadnJPN0ZvMUxpSVBFQnlLVGNoeXJUbVdyZG9lbHpYRFhna3QzWGkwVlpEM2FSRDVJclR4TlNjV1B5VFNzZGFTbzl6STlhVXZCOExrMHI4ZHF3bTdMeFBKLVlFOWZsd2l0Y3FJa0tuQV9nUmFUcGF0SkVfWG1ZeDlUYm1rVmNGLVM4OUYtdDJVc283SXhqMHJpSTJycGlrZkdvSndLY3JQblA1dGRhd1V2cW5XeERnaWRmZlNOOGhpSk95SU14bHJ3NU8zeTc1cEpJcmc2eEE?oc=5,"Wed, 09 Sep 2026 20:17:35 GMT",2026-09-09 20:17:35+00:00
Stellar: U.S. Bank's USBDC Stablecoin Runs Live Pilot on the Network - 09 Sep 2026 - TradingView,https://news.google.com/rss/articles/CBMi2gFBVV95cUxPUFlsSWlCeVNKQURYZmNnMDctUHJPWEUxN2Y0cTFEUEJuLTBMMmJzXzltamExVl96U29HeWhhQnBhbWkxSms1RXYzTGl6MlpzdXZJeFdQUXNtcFM4d0lWTTV5WmJ0dFNvMTJLVVZCRWZaQ2dFaVhMTkVnUTlwSFBaazBJMFFCeGFmQnlmcW85NEZRVzJwM3pGV2VFdXJjMERaa2lHVEF0SDA5ZTQ2MFNwekYwMDk1alBOYUUzNHc0U3FWYmNwLXcyOVU5WWRJS0VFQ2ljOWVyOXdVUQ?oc=5,"Wed, 09 Sep 2026 20:00:10 GMT",2026-09-09 20:00:10+00:00
Circle to buy Tazapay for $400M - bankingdive.com,https://news.google.com/rss/articles/CBMie0FVX3lxTFBXNmtJd0g5NExVX0JJdU83OE1sX0xhbnl0TGZmU3kzN1M4bE1JWExmRFFFYW5wV3BWeFBDVTRkd2tvNFNEN2xDUnVmdzdZSllPc1VPNzl5NmVQdEN4Z3d0NTJuTkItdWVvdXlwN21kNjh0RGk2b3VJZ19Jbw?oc=5,"Wed, 09 Sep 2026 18:50:11 GMT",2026-09-09 18:50:11+00:00
Marqeta Turns to BVNK for Stablecoin-Backed Card Capabilities - PYMNTS.com,https://news.google.com/rss/articles/CBMiqAFBVV95cUxPUjVTZEhjQXRiaXEwTWFmWE5MNlBaRkcza25LalBYRTdGaTNScWpBbUowRDNmYnNjZmNnQW9xX1I1RWN0eEhtWS1JMmR5dHdkNXZqT1VHX3RVUXlWSDJ1U3pyMU55OHJhYUJTWGVFdWNoS0VYRnBvYkhYS1hacnpwYUFwc1d5WUhhTkdnZ3ZHRUdUZWdPanRJT3hFb2ZKUVZXTUUwRzZfTW8?oc=5,"Wed, 09 Sep 2026 18:39:35 GMT",2026-09-09 18:39:35+00:00
U.S. Bank launches USBDC stablecoin - U.S. Bank,https://news.google.com/rss/articles/CBMirAFBVV95cUxPcXIwdWFJNWlvbHBYRzVfWUFqd0JWeUVnRzMzWmI4dUFrQnJfNDNTYlYzdFRNRFZQTEl6X3N3bmVERTdXZ1JaZk9hMThNTllyNk0xM0RwdWVDRDlWa2piLVVyTXhhMDdOWE55Z2RPQnlxUS1uNGlvMEFtcGM1WUZIcXlLa25BQlM2bGxSUHBQYkFiSWRmNTdUZEE1V3VuRnViSTV3bkIxeHNzMkN2?oc=5,"Wed, 09 Sep 2026 18:39:15 GMT",2026-09-09 18:39:15+00:00
Why Is Mastercard (MA) Building Out Blockchain And Stablecoin Payment Rails? - simplywall.st,https://news.google.com/rss/articles/CBMi1AFBVV95cUxQQndheXlOLXIxanVTNlY0R0ROdERrYkhMMFFHWl9yMEgtQTZ2eG9kYS1KMTREUGVfNFpuVS1WTjR4NnlSTDFKRXNtRXplNHdxbjhqekdianVQTVY1RjRmd0NqWk9NNmhUV25ROFBKN3R1VE9OWnVUWWZlV1o4TDAyaFRKYWZYRUJoR1lTRGlWNlUtdDZGVXU2ZE9qUnpZWC0yY09tbWYyM2swUXBKVXZvUS1paHIyV2kxZHY4b2Zrck1xTXdvQXFsd3JyT09Za2VuWXJWd9IB2gFBVV95cUxQc21FVzgtSlpHbndIMGMwcllZNTZmMHR2VHRKRDVQOXB6VHdEdzZxWXZOemNaanNCVDlZbGlPTmpydThFOEdkM3dVd0dLLU9hOWYzb3lVM1NSSVJfaFpsRzVaUmZlSG5Ua1F4NHhTMWtmSVJWM1Y4bzNyMG55NHBWR2tJZXNJZW5ZVUo3WjB6REtFcGNfMjRkT3E1bmlrTWJXOTdRdzRhNVJLTzE1ZHZaTzkxZ1FNM2kzUnpWOWUtMXpkTWZwNWxxVDFqMEZkMXhZSld1ZDYxX3RiZw?oc=5,"Wed, 09 Sep 2026 18:32:21 GMT",2026-09-09 18:32:21+00:00
PayPal helps developers build application-specific PYUSD-backed stablecoins - Finextra Research,https://news.google.com/rss/articles/CBMiugFBVV95cUxOTjl0dTctcFZPZWtkdHdiNGV6TGhacGEtZDNXUFlMUHpOeHlxUUlXeEkycU1pQ1ZHM1hsQWkydndyUWNvRlhIOEdLQlYybE4xWV9wUzhIREthU3VOeURNcXd2NDExTmxwdzdwaXp6MzFWcXppRWROZHctaW15WkQ2bXdNM0xhcV8tM2h2Ylo2Tlc4LVpBTlR3ck5iNFNhWWVHMDRvY3hZWEFmMm56Rm9OdVdLbWNxbVBFSmc?oc=5,"Wed, 09 Sep 2026 18:07:00 GMT",2026-09-09 18:07:00+00:00
US Bank Intros Stablecoin and Touts Successful X-Border Transaction - PYMNTS.com,https://news.google.com/rss/articles/CBMirgFBVV95cUxNOUhJeURLWEZvbHljUWtmb2Nub3FEZ1JjT0FMRFJSYjNnS2hPbUVnWkZqck0ydzk5aGQ0YkVRT0FKejA5bDBDdDk0VmJCWENmdUdYSGc3dTMtclVFaWR6SndoYUMwVGltUXdBNTQycTBQa0RpY0VlQXBTSHBtdVI1Y3prTlEyUkYwSGw4dGVxNUJUaU9UZHYtcjNpNzE5Tzh1enZyeVd1NC1VZTExS2c?oc=5,"Wed, 09 Sep 2026 17:44:34 GMT",2026-09-09 17:44:34+00:00
"Bitcoin miners are missing the crypto rally as exchanges, stablecoins surge - The Block",https://news.google.com/rss/articles/CBMiyAFBVV95cUxNak56VHVxWUNNMFZoaFhla1dVMTFEa0lTMDNkQXdGVUNkVnpMWFRPSmVtSWVkamlMak83dVlMRzhoWG9qdVpsNzVEWVZRZnFMTFR4cFdvV1MxWTJiS2J6UmpZUVdtR2pIc3RNWUZ0SnBXUWJWVVVYci1ITklfOFZ2ZTBXS1loY1E4ZFRWTDlFWm5XOHJsLUdOYXh4WjNVaXRxRENTWG1rTW4zSDZwdUVJUzJkUFgxSkJxZG5qNjA5ZTRhbndFNFUxNQ?oc=5,"Wed, 09 Sep 2026 17:36:02 GMT",2026-09-09 17:36:02+00:00
How Circle's latest acquisition brings the company one step closer to stablecoin supremacy - Yahoo Finance,https://news.google.com/rss/articles/CBMikgFBVV95cUxNVV9ZZElHdEhKUWx6WmtWWnZWU0NxMk9EcUlVbmswalBRVDJEV0lQMzZ3bnRGalQ5YVRRNW9aSk1DMjNDTWl0ZlhyTk9xSlprOXBCLWRsZXZGWmdpUmU3UUpkb2k3dnBqYk9yVDIzZUNjUXVpMW81eUxvR2hsZG8tb2lQYkZTZHhwY2JMTTBlNEVjZw?oc=5,"Wed, 09 Sep 2026 17:00:21 GMT",2026-09-09 17:00:21+00:00
Fifth-Largest US Bank Tests Cross-Border Payment with Own Stablecoin - TradingView,https://news.google.com/rss/articles/CBMizwFBVV95cUxQVEZzQ3lkdDRNWmJKQkxjM2M2NEtmZzNMS3VNOWFuV2ZPOHZOalJ3cVNoVmNQdXl2SGtUYUVmeDJycXhUR1EzVHkxcmJPSTZmUC1pOG51U1M2MFdjNDVzQ2NZaExsWm5DODF6ODVKLTVvUUFQLXdmX3pOeUpZRHBINTFvck9SLTRITmNwa2RBbnFBZHkyTVJNTzhRVGMyRVRVVFdaSjQtQkg4dlNRemRCTjJjLU9DdUd0NU5wdmc2TE5KM19ZbFVoeThSYld2SHM?oc=5,"Wed, 09 Sep 2026 16:34:00 GMT",2026-09-09 16:34:00+00:00
US Bank completes live cross border pilot of USBDC stablecoin - ledgerinsights.com,https://news.google.com/rss/articles/CBMimAFBVV95cUxNakhZLVk1RG1WamF2M05fNXRMczFSLU5FN0JYVEpPeExsc3ZKbHp5UzJ2XzV6SXVDTlBKU3F5bGNfbGxDdjZXS0JIVkdpS25DdU1vTHlmVTVxVFNfNUFwQ1R1SW1jQTJYUEhZekFORzJvWEV5NzY0Zl9mc09QTXRoeWRjdnJtZTZCVlpQYWxwZnp2eVlkRVFOSg?oc=5,"Wed, 09 Sep 2026 16:24:45 GMT",2026-09-09 16:24:45+00:00
Tether launches private credit fund in effort to boost stablecoin use - Financial Times,https://news.google.com/rss/articles/CBMihAFBVV95cUxNNHEzQjhram9OSm5SUUYteGVaUnBRbGUwbXdMRXJCNlRmSkpTd0FJVndzd0M1bmpLZnlISk9zX1pILVJIOUVVb0xGLUQ1WFk1N2hhMnVZbEo0dmw4SlNZcnUzTnBJSlM4bndsd1psT2ZIQUpPWTd2RElJOEw4bzd6ZUlZZkY?oc=5,"Wed, 09 Sep 2026 16:09:09 GMT",2026-09-09 16:09:09+00:00
Tether pushes into private credit with $400 million fund with Fasanara - CoinDesk,https://news.google.com/rss/articles/CBMiuAFBVV95cUxNUE9oZmFhZlZWRjRaWENXamd5V3VjWEozYnBlR0plSVUycDYxak91M0FCeWFhNE5xSTM5c2NiT2lJekpudkxzeHVkZEx6QVl3TU8xVTB6Z1FVY3h2SDlTaFE0Y015Z3h2Q2hzckQ3a3hFM1d5aWFrTElYaGhmZG02MzlvX1FndVBTNG5kaERVMlRVRWxKOUphY3VjMmF0Skh2Q01ESW9uV1BUdWVjU19LSl9zVDhNNEJa?oc=5,"Wed, 09 Sep 2026 15:51:25 GMT",2026-09-09 15:51:25+00:00
MVB Partners With Velocity to Join Visa Direct Stablecoin Settlement Network - Moomoo,https://news.google.com/rss/articles/CBMirwFBVV95cUxQSlhGaUpXUFlRa2k4d1BlZ2FwRV96U0VCLWhMVXZkcm9XQ25MZy1VREh1QXRlTGtsd09TaHFFOFdzdm9YakNOV1FCMVctbmZINU1VREhoTFI4U3B6blhhM3J3bGZrME1pMHU0VnduRXpXVlJXSlN5cUc3NXJVM0k1em5DX1otRG5pcldQN18wc2xXS2g0YUtwdjltbl92V0hMdkJlalpTcm1HVll2RlpN?oc=5,"Wed, 09 Sep 2026 15:20:00 GMT",2026-09-09 15:20:00+00:00
Visa Tests Stablecoin Loans to Fund Card Program Growth - PYMNTS.com,https://news.google.com/rss/articles/CBMiuAFBVV95cUxPWEdocW9DalV1LUZEZGRfYXZQcnpWb1JvOXdBOXVJRHJxY1RnbW5xLUhRT0l4ZlkwelNVU2JaVmoxQUJOd01fYXZ2TV9QajI3YlE0T1J0c3doZ0xoQ0Jka2Z3bWp4YmFLVFQtUjdra0tfSUhUamloNTlFOGtHY0h6OXlPT0ZDY0E5R1oxT3huSzVMbnVCRWliUWVneGFOdW9LNEd3dGFpdzNEbW5sYjRqb1BjclpZRXdz?oc=5,"Wed, 09 Sep 2026 15:19:07 GMT",2026-09-09 15:19:07+00:00
PYUSDx stablecoin platform crosses $100 million in scale By Chainwire - Investing.com,https://news.google.com/rss/articles/CBMitAFBVV95cUxNdE1WaW1pcG1oemRkay16NGNCLVRIcXBhYlZ1b2U0ZEtTNnFwX2ZFRHlaR1VTdDMyRHJDRnVvdkNZX2lwZ0NlNEdTQ1ppajl1MEw3el8wT3ZpUUpXRU4ySC1hU0FwR0FYVGdNRW93VHExWC05Q2ZiTDlaakw0dTBtZTVxYTJoV2RzUThaX05hSVVZQmpvbEE5ZUcySzJhUkRmYnVCcUR5NmF4ckZMX0kwdTlxT2s?oc=5,"Wed, 09 Sep 2026 15:12:51 GMT",2026-09-09 15:12:51+00:00
"Stablecoins Are Coming For Payments: US Bank Tests Cross-Border Transfers As Marqeta, BVNK Target Card Spending - Stocktwits",https://news.google.com/rss/articles/CBMi7wFBVV95cUxOU0ZhX29ObXVrV2NHb0d6dGVpQUZqMDZHNHc1WnMzR3hLQ2lRZUlkNWtvTEktckwyLW1vTDFmM3dWTV8zN1hlYTVaWGN3NFEtQ2pfa194YU5JbXUwbW9NODRlYWppOFRFTTljdGlDX0l1UlpPblE2YkFUdm5ubHozS05ONDJfcmJXLW1XSnN1MnJ6RV9mRnA0ZGp6NGx3MkJyak1mTnIyQm5yM1FFamN0Vmtrak5xM19hZVlSU0gydFZnWGozY1BfYktoeG80cGY2YXVKOU5HWm9ON1dYUkV1ODM2SFZRU1pCYlJTLTB5aw?oc=5,"Wed, 09 Sep 2026 15:11:29 GMT",2026-09-09 15:11:29+00:00
BVNK Links With Marqeta for Card-Based Stablecoin Spending - Digital Transactions,https://news.google.com/rss/articles/CBMimwFBVV95cUxNQ2tRWG1XSG1jS1dXX0VNSnBjazVLM0RKSHNCRFFJNmtpRGl1VVVTMHFacGRnYXh6ZEo3R1o5S1RNc1FUYjZPckhmSF9CZ0w3ZW96RjZHdm5BNVJtcjFXb3dEMWliMURDWXBpNG95VGJscHc3VlVfcU1WaTNBYjB2SEtoRkJuS2x6dUtsR2x1LUJJZnJFb1BmQUVDVQ?oc=5,"Wed, 09 Sep 2026 15:08:43 GMT",2026-09-09 15:08:43+00:00
"Stablecoins Are Coming For Payments: US Bank Tests Cross-Border Transfers As Marqeta, BVNK Target Card Spending - Yahoo Finance",https://news.google.com/rss/articles/CBMiogFBVV95cUxPQm5XRElXVmFfQlJSQmVYbUhqZFNVSEUxQlAwQ25QUi1XUEFoYzBzM2otSUxxX29QVHMybFFJamIyN242Nkp3THpWNFBXZXYxUzRBUXoxaFdPZ1Z0M1hLZ1lGX202SkRPWWlEQ0VzdFNtemVyZU5OR0FNQTJ1cUdYNG9NU2RlUExkY05NdlFkS196c2NGeldsaG5hR0lRQ0I5REE?oc=5,"Wed, 09 Sep 2026 14:52:15 GMT",2026-09-09 14:52:15+00:00
"Stablecoins Are Coming For Payments: US Bank Tests Cross-Border Transfers As Marqeta, BVNK Target Card Spending - TradingView",https://news.google.com/rss/articles/CBMi_gFBVV95cUxOLWY2LS1HQzE3NmJCTk9ybm9aQkdkc2dURTV4V0RlalpMQ0V5eDVfbHZha2E0UG85RGxiZHR2ZmdEUjRmNngzWnBpTGR2dzJkOUFNVUp1WnZiT0kyMDZ1MEZ6a2pRQlJnRmo1d19fN3NXNXVUYk1Wb2FfV0JKeTF0SU55bHJTd3p0bzNPTk5RdmRsejdRTXFoczhTVUZIcF9ISWxlM2RUYVU0dUp3ZnJQRUtyWmItblVqWlpZNFJ4RUotOURDVkZZQzZEQ3JTSHdnQnJhLWxwb1dUNUdrQWNHTEZCZkZzdjVyMDI3MjRpZGFpZFZnYmFGZ3M2RXdZZw?oc=5,"Wed, 09 Sep 2026 14:52:15 GMT",2026-09-09 14:52:15+00:00
Visa Is Turning Stablecoin Growth Into a Financing Opportunity - Yahoo Finance,https://news.google.com/rss/articles/CBMiqAFBVV95cUxOY3hSUHBKQkljaHllcTBuUnlXS0p6VUFReXE4ZWFUQmxGeDA0MkxlQ19QbkRfTndRZVowU2E0VHVabTJseW5EdHNwMWRjdGdWUTlRUTU4T1BjSDFTUTJnMnpfWHFLYnUwWVVXY2ZGOF9QT2hmcUtnS2Ywd3FOSGMwTFFfckZCLTJQQzE5ZThhaHc2ZkptaDNLeEpYakhOV0t1enNtS2swd00?oc=5,"Wed, 09 Sep 2026 14:25:00 GMT",2026-09-09 14:25:00+00:00
Stablecoin multi-issuance: EU researchers propose copying US redemption limits - ledgerinsights.com,https://news.google.com/rss/articles/CBMirgFBVV95cUxOYzRXTjBNaUF4WEs1cXdPNFZVcUpPcE9vR2JYb2hDdXJaQ1NXOU5PblFjNWU5RGdEdDRFS3FxWmxqM2FPS3N6Y2VRMXRhaXNXd01xYk8xbGlaMHVrRUstRDBmQ2VvdTdVRWlkeF9TTER5YnR2UG5jR1UzT2pyd0MyQlZxRnZuSVcxWTZ0c2lIZU56Ni1PYUhFdUFKVk5YblpBcXZFVUhWYk8wbExzeHc?oc=5,"Wed, 09 Sep 2026 14:18:11 GMT",2026-09-09 14:18:11+00:00
U.S. Bank’s Stablecoin Pilot on Stellar Sends a Clear Signal: Banks Want Their Own Rails - forkast.news,https://news.google.com/rss/articles/CBMiqwFBVV95cUxNc1E0ODNYTGZjR3hIa2ZDbEU3RG51c19mdmllWUFCWDJfVks5bEVXbXRjTTRUQkptaVpmaUdKUkR5eGcyMTl6X1BBejA5MkcxZmdJenZlWlBVR3NNODNjc0kxRFpxeGdWMXh3Sm94SUgxY21SWFFsaVNoRnJhQkhSRzBvVVVaaF9zY1RSTFBHaUk2YVpVUWs1NmJHUXNjdW81VUVVNE5SUDZ5cjg?oc=5,"Wed, 09 Sep 2026 14:08:32 GMT",2026-09-09 14:08:32+00:00
PayPal expands stablecoin rails with custom token issuance platform - CoinDesk,https://news.google.com/rss/articles/CBMivwFBVV95cUxNTkw2VWRaeXFvenRKRno4SXZ4QW9Pb19XN2VQSUNHZWN6bzJ4OVJaOHZGSTJZVGJON0FMZmMzcS1mWE5tMnB1Z2hXUW9teFZIVGZKT0ZIcHRyWlZUYXVhWHdibnZiOFB3UTdTUXJDY0RyT2tVUjRhZ2QtTlFxaERXZGFUSmQ0bnpvZzRHQnUtTVRqWWlNTFBMbDFaSXF4b2hMa3lDZUVJRzNWS0J2bG5NSno2OFlqV2lFUnItWXJQQQ?oc=5,"Wed, 09 Sep 2026 14:00:00 GMT",2026-09-09 14:00:00+00:00
"Tether, Fasanara launch $400 million fund for stablecoin-enabled private credit - The Block",https://news.google.com/rss/articles/CBMiygFBVV95cUxQV0pJQnlWSWdESU80OVdGSFA0M3JYVWhYS09TcE1sWHhMSlVwQl9ua1BuYkNBaTB0QnlqMHgwQUpPQXYtaHNyVU45Y1VDWWFqQjBrZnROSlY4TTczeGtqZ2hHUXpyQzRlTXk3X2w1bHRzaGdSSmJJMVJhVGFyTTlVUV9Hc1Y1N0lEUjFINWUwc3BsLUZ5ZXZmTGtIb1QtVGhsdklIRURjaF9YZTZ5OVQxZ1UzZ3gzLU5sSGgyS0cySWdQVTRPX0Z4aXB3?oc=5,"Wed, 09 Sep 2026 13:53:28 GMT",2026-09-09 13:53:28+00:00
U.S. Bancorp To Launch Its Own Stablecoin - Yahoo Finance,https://news.google.com/rss/articles/CBMinAFBVV95cUxOMVFlV3o5UU1rRmRPbFhSdnZLSS1PdHFqT25FcjV1T283alZDTDUyS3U0Y2Z1SXVCZDVrTXQ4aFRfVGRndFJmdXBaQXltdEhyOTF4dmdlRHNvZEJHcmpCQVlyM3lUZ2VPRVAyVWFTQzljbk1mWTdONUN3OWcxUXVHbDBpMEh6Sk5FbzlOd2RFMEJfbUJOdTRUUE5XVC0?oc=5,"Wed, 09 Sep 2026 13:38:00 GMT",2026-09-09 13:38:00+00:00
U.S. Bank completes stablecoin pilot transaction - Asset Servicing Times,https://news.google.com/rss/articles/CBMimwFBVV95cUxNRkljOFNxTEFNUkdqQVBRa0tObXdTSldtaW5RU1JobDljaTMtUmNaYmRwVXJfdjd3WnNuTFBvam5QTGJEamtUVFdOaFJZLVRwUlNxZDN2Rm40Q0Z2ek4xRXVnREhqYmxmWDlQSEhPZW5JbjI1U3hfemJPcXlua3Z1anViVEFWNUI1S2hzd1o3eUhVcnE3ODJ3d0REdw?oc=5,"Wed, 09 Sep 2026 13:37:52 GMT",2026-09-09 13:37:52+00:00
Visa Is Turning Stablecoin Growth Into a Financing Opportunity - Zacks Investment Research,https://news.google.com/rss/articles/CBMipgFBVV95cUxONmthS3R1dTh1WFRoVTJTS0Z6aUhQN1lHSjZWUUYtWEdiOHBZV294Sk5FUi1ENzFHYl9ITWxVNjM1SURJVkZHYWs5dV9XeTgzVk5BekxJa1NCNDJnLVFyY1JYbnVJT3RYMlFZWWs0MmU1M0J1X0RocXN1dkZReUJfNVhrcGQ0UEtYN1JoRmRUQnlGMXdZUTQ3ZVlkanJYdW5xZ0JWd0tn?oc=5,"Wed, 09 Sep 2026 13:32:18 GMT",2026-09-09 13:32:18+00:00
"Exclusive: Latitude, founded by Stripe and Uber alums, raises $35 million to turn stablecoins into local payments - Fortune",https://news.google.com/rss/articles/CBMiqgFBVV95cUxNNzZUaGRlODgtVm0zMnJpWkhybjZza2QyaGdIdWhtcVNxRDBMU0Q4MTI5aXpsUjd5TnJyVlNTeDVUby1FdjluVlVjaDZkQm9Cb3FKZXNhRFJNM1VwS3hJd3U5VjU0NjR5VXVaT2U3Z0h4bER3N1paVml3Z0VvU0s3OUVpWjREWTVCT21zQlI5THozVGlIY0hkcXdGbjljOE01MFpaVl8ySEtKUQ?oc=5,"Wed, 09 Sep 2026 13:30:00 GMT",2026-09-09 13:30:00+00:00
Coinbase Expands USDC Stablecoin Rewards via Morpho Onchain Lending to Brazil - Yahoo Finance,https://news.google.com/rss/articles/CBMiqAFBVV95cUxQd1VhUkVaanZGcXl1dExjX3hHam9BeFNmQjlvOGp3RndyQWJMR0pLbGQwTjZOVnEzZWdTNDJNeWsyN0l1dXZWbEx1SWFpS2RIMl95ZXFSdF9jZkdobU1kaG5YbmttTHdEMHJzSzYzU3otdjludjliVGFfdUFlcWRXMEdtbE4wcEV5QkZvMGlaYnNtbU1ETVhRdmNNdlJ0U0FnUE5mcjJqb2M?oc=5,"Wed, 09 Sep 2026 13:29:11 GMT",2026-09-09 13:29:11+00:00
US Bancorp executes first live transaction using dollar-backed USBDC stablecoin - 1470 & 100.3 WMBD,https://news.google.com/rss/articles/CBMiswFBVV95cUxNRWRwdEliazV0YWxTSm10ZUJKaURnNm11Z3dWNktfbG81YTVSWTJPd3BkcDQybzl3VTF5ckE5Wk15alFYdnotTzRnQ2l2LU5vZjhNZ0RpUXEyVlpPVXRfcXN4WTBpb2Zvak9saTFNYmN1cmQtSnlPb0Y1YTdZZm44Z2oxNldZZEsyMW84ckdjcGVnYkNVR0hmYXFzRnREZ0hTSGZMbjQtYktNbHBIYldiaGtRcw?oc=5,"Wed, 09 Sep 2026 13:01:15 GMT",2026-09-09 13:01:15+00:00
News & Views Podcast: The next stablecoin explosion will come from enterprises not fintechs - The Fintech Times,https://news.google.com/rss/articles/CBMiuAFBVV95cUxOLW5ibVRIV2tFRHpaeU9JcHlBQzIxTXE5OHBtRTBwR0dLX19KUklTVTliQ0xYTUFkWkNVQk5EU0lqUDRSUnNXLWtkU1YzTXZtcFJKUWR5R0NMV0k2VUFuSXJMZ1lyaF9vSDZrWEVVYXJ2d192eHlqT2tHOFlZTHdCd0xnbUdRZEc0VnhibGhkdXNSY2FOWG1hNU10RVdrV1VTelZ6TzBkdURTVTcxQng4MG1rSWRSNXpS?oc=5,"Wed, 09 Sep 2026 13:00:53 GMT",2026-09-09 13:00:53+00:00
Crossmint and Tala Partner to Bring Embedded AI-Native Credit and Stablecoin Wallets to Global Fintechs and Enterprises - PR Newswire,https://news.google.com/rss/articles/CBMihgJBVV95cUxNZnlNMk8tXzR0eW1zMDdpbUZaMUpoY00xUG45MmR4UWRuemFIdjcwU2g1UlZSQkl2Vk1CZG5JeVEza2dNd1AyQm5jS25tcWdxTlRDQjRDSmNJMWVZUmowVEh6c3FzZ3RaR09MMnBvTVJ1LU1ORWZ1S3RQazBtY1g2LU1XQm94YjhtRzR2cTZ1R0k3MlBtZ0ZIUkFjYjJCYVBiYVhYQmNPZzB0Vk9idF94SS1GZE0xc1JhcmJRTDJRbWFMaUY2ZDdFZFRqQUc2UlBEOTdPcVpSbmdJVmlxaG9lNGJwaVh1bDYzR1Axd1k2RnpqRUd2R3UwZUtVZzI3ZE5QTzA4U29R?oc=5,"Wed, 09 Sep 2026 13:00:00 GMT",2026-09-09 13:00:00+00:00
Flex Partners with Mesh to Power Crypto and Stablecoin Deposits for Business Owners - PR Newswire,https://news.google.com/rss/articles/CBMi1gFBVV95cUxNR1VzbXBpNkhNc05PajZ3Nm5XSmJBdDZSZHlWOXpYMUxJOEJrUlJyR2JTUnR1Ymg2emo0NlJUM0FwUEd1MmVzR3lWcG1LamZyVk1pd2VoVENVU3BhZi0zc2xKMmNadEt1NHJqUER1UW53cC0tZ3o4NnJKcEMwWU5iVC1JanRHVXB5NmNkRG9fX1liQkhIcnFLQklTQ0dMempYOGQwaDdtYVFWTWU0LWppNVlLVWI0VHV3OGt6V1c0cWYtNVFkNU8ybWRWS295VGJLVlk4M01B?oc=5,"Wed, 09 Sep 2026 13:00:00 GMT",2026-09-09 13:00:00+00:00
Tether and Fasanara Capital Launch $400 Million Private Credit Fund to Expand Stablecoin-Enabled Real-Economy Lending - tether.io,https://news.google.com/rss/articles/CBMi1wFBVV95cUxNQjBrWUo1MW1kblJwUUVBeldpYWI0MHhxYy14b0U2MWlXVW82SmF3QVh6Qm1DWGY4MVJSSG90dWJHem5EdVN0QVR0N01OdTFsdS1nQlVWaTE2eGpSU1I0VXRYZ2VNTEItZ3ZyYThfald4OVFBZUNfZmk0OVpJMUo1aHdONFRPT1dSLVA4UmFVczJvRWhXX1FobzdnZHh5TWNfZThqMmpBdzl2LXlETGpUR1lPQjRDYmpSRlV2SWRsLUlJYzdkaE9zYy1RWU8zTldPVVNUeV9xcw?oc=5,"Wed, 09 Sep 2026 12:02:08 GMT",2026-09-09 12:02:08+00:00
U.S. Bank takes next step towards launching its stablecoin with cross-border payment test - CoinDesk,https://news.google.com/rss/articles/CBMizgFBVV95cUxOZzBJTlpvdjh2Q1hXVlVMSXg2d0JMcndpMEp0OUFZV3IwUk9ieUtTUUZHVDlod1BqTjBvd0VGX3BqYXdXMVA2LXdsaWt4dk5iYmZxRnhLWXZIM1VFcEFUQmtPQlZUTDNPc3k3QzFqVHRITk16N0w3QTN1LUFhakR4Y0FtUDlfTVY2UmpCc3FmZWI3MDhVSUdFS3hDTDBwZ1Fiak93X2RaanNUVjdZVjRBQmY3cEV5dmtrVFFRWWpCQnQxaGJkeVRLZEdyVjlXQQ?oc=5,"Wed, 09 Sep 2026 11:40:44 GMT",2026-09-09 11:40:44+00:00
U.S. Bank completes stablecoin pilot for cross-border payment - Investing.com,https://news.google.com/rss/articles/CBMitgFBVV95cUxNbE1BaDVub0pfaF9lZVhKQVZTcU41VTUxZ3BhWkdXSVBmSHk5Sm5fZVVuOXBYZnhqQ1J6XzVDWmpyOEdUUFlVQ0lDeS1IREozTVNqOE9faEpxNWxJVmgzREppNDNBWXlERFZoeFYtekRxWEdhbl9DM2NVbElQX0F5TFNGVXF4MlpBYkEzbHRWTWtjX1RncVh2YXQ5OURNSG41YUpaVUpKU2x3b2ZSUU82T1lSZ0pmUQ?oc=5,"Wed, 09 Sep 2026 11:37:09 GMT",2026-09-09 11:37:09+00:00
Don't let last-minute changes scuttle the CLARITY Act - American Banker,https://news.google.com/rss/articles/CBMilgFBVV95cUxPajE5aFF6UHoyZGtIbG9VMnZ5ODR1bmM5RFI0eU1pYW42WFk5UDNPQVk5SmMzMFFMQ3hFczR0THIxYl9lV0o3WWFhTmpCZ0xZNDl6UVJfQnI0aTA0OG90RzZMdkRvN05sWHdPLXRET2N1bGZLUG8wOW0xN2RrYjNxb0xtTFJEcy13Uks5Wjd6bDYyU3RfdUE?oc=5,"Wed, 09 Sep 2026 11:30:00 GMT",2026-09-09 11:30:00+00:00
U.S. Bank moves dollar-backed digital money between North America and Europe - Stock Titan,https://news.google.com/rss/articles/CBMigwFBVV95cUxNZzR6bFA0dlgyaWtObThXTkdEekVjUWl5UEtfZmNHakZuZVB0M2xmbU5tM2tQbmxqamRXT2NhdlpkQm1BNC1xcDZHOVhwaU5kV0dnN2ZjeHJqeGdLdldRR0dQZzItMmpkRHB6bGdDc1FXbXZicnRkbXpsQ3V6c2RPZnNTdw?oc=5,"Wed, 09 Sep 2026 11:02:56 GMT",2026-09-09 11:02:56+00:00
U.S. Bank Launches USBDC Stablecoin - Business Wire,https://news.google.com/rss/articles/CBMilwFBVV95cUxNVFBHMTlQQmdOWjdxZE01WFgwbS0zQnpJNVZSWmhPaXN5XzRxNWNhTTA4dVYyQlJqSHh0eW03SVJHM1pCb1FBUFhMUjI1b2hDeGFVWWhudXNVWFFMRm0tRFNUM2lWMTFQRjdPQlg0cFJucVVBbi02QV9iWUt4dXRnMVFFSWtBMGN3NndTYW56cHhtb1FWUWpZ?oc=5,"Wed, 09 Sep 2026 11:00:00 GMT",2026-09-09 11:00:00+00:00
"Crypto Weekly: Reform UK's donation, Swiss stablecoin enters key phase - Reuters",https://news.google.com/rss/articles/CBMiZ0FVX3lxTE56Z2FBTzBOem05Z2JVQVZLMThqb1VoSW9KTkNmRnVZNDFseFdVNXAzWW5EbngzTzltaDBGdEVzakhzRnNRc2RqTW5wNkRES0tOeS1TUnBkYnhXRHo3U0g3cTIxOVRHQzQ?oc=5,"Wed, 09 Sep 2026 10:17:02 GMT",2026-09-09 10:17:02+00:00
"Crypto Weekly: Reform UK's donation, Swiss stablecoin enters key phase - Reuters",https://news.google.com/rss/articles/CBMiekFVX3lxTFAtelRKeDJiRXZFX3FBdVF5V1NycHFHczIwOEpObktQZDdBRGZQTXpmSTlNS2ZwY1dTaTg5VTJ4djBZc05OZkU5aWVGZ1dYXzZmSFgtMTRHSzgyYl81NjdsNmlUMEJVUVlyMzk5UVo5bnlJY0lBTzdvODVn?oc=5,"Wed, 09 Sep 2026 10:16:59 GMT",2026-09-09 10:16:59+00:00
Bitcoin ETF News: Stablecoin Growth Sets the Backdrop for TRXS ETF Launch - Yahoo Finance,https://news.google.com/rss/articles/CBMioAFBVV95cUxNZDAzQm1mbUk4dTh1Z0xUWnh5cjlpWmw3Z2NVMk5JQ3oxU2xZUHc2d2I3X2xneUJEdnNHVzNNUGwzSWU5cGxFcjZ1cmdDZkVGbnhSQ2p0NzFlNFZWOWZJcl9lX0ZldElfWHJOWXdTWnVNNmdNQksxTGdtZGtnbmZrckVXSW4tYVhsR2NkaDF1STRoYk50UElGTERfbjluNlZ1?oc=5,"Wed, 09 Sep 2026 09:59:00 GMT",2026-09-09 09:59:00+00:00
Jack Dorsey’s Block Seeks US Bank Charter for Bitcoin and Stablecoin Custody - Bitcoin Foundation,https://news.google.com/rss/articles/CBMiuwFBVV95cUxQejJvWEhvRWg2TW1nNHZxSFJacThjb1JndDNHMHZKMmNmdmxJOEU0VmxObWhQRTNSVnBxYWVMT0N1ODJrOFBkYUZURFlvUmZiSndKMlRNOHlqS3JSRW9IRjJuakVBLVdfdm9qZ1lDX1B5cTFxSGVvQkg2c1ZfaHFnM0t3QkJyQzRtVFZpX2MxVHVxbmFjVGFhT1JVMWctcnJFbVpqdURpOGhCTERPY1h4VzQ3SndpNHQxajV3?oc=5,"Wed, 09 Sep 2026 09:19:32 GMT",2026-09-09 09:19:32+00:00
U.S. Bank Tests USBDC Stablecoin on Stellar - tokenpost.com,https://news.google.com/rss/articles/CBMiWEFVX3lxTE1kODBLMEY2SFpWcFdkNzltRm5MaDFORE92UUpUd1lBZ29uTElQSDZzVHNNVzlIZW9BNGoteFlmVmpRNEhGay1rRXk0T0RFS1NURElFbFhHQ3M?oc=5,"Wed, 09 Sep 2026 08:21:26 GMT",2026-09-09 08:21:26+00:00
"Jack Dorsey’s Block seeks US trust bank charter for Bitcoin, stablecoin - LCX Exchange",https://news.google.com/rss/articles/CBMioAFBVV95cUxNbW1IS0x1LUpQMkNya2pwOHZJZlhEZmZjbFI3OEg2SDdScU8wVExVX1BwM1FBdFpzcFJDOW1iN1IxczAteEhQRll0MFpyS2c3Q0FmaTNRR2NMUTJEeU1KUVVycC1VZXVCUTlSNWV5UXdkZDdNODRXb2ZRSFc4SFAyLUh0UXlnUGgzQ19VeFJ6VzRJN0hMQVhXdC1CeUVVRDVv?oc=5,"Wed, 09 Sep 2026 08:16:03 GMT",2026-09-09 08:16:03+00:00
"Jack Dorsey’s Block seeks US trust bank charter for Bitcoin, stablecoin - TradingView",https://news.google.com/rss/articles/CBMizwFBVV95cUxQYXRxT292RUc5dHBRZVp1TUZpR1Fwd19KaXJoRzBCOGVNMzYxN1BXemxKc1EzNHZLQVozUl9EMXdCTFFQRlExMmJLRU8tQTJ0bmxUbW5ZOC1Va2VEMm96M1pISzlxT1dTaVRKckQ4dXkzdjVYX3pqdHk2S2M4dkdTTWRaamM4Tmd1dnhkNm5WVXVNVG9NR3ZwTURHemRXWkFuakhmS2t6dGpfRXhBY0JCWU5fZE1lU1NRQmU4Sk1pS0FXcFRpU21KQklnM3FqRnc?oc=5,"Wed, 09 Sep 2026 07:36:21 GMT",2026-09-09 07:36:21+00:00
"Tether, Fasanara Launch $400M Stablecoin Private Credit Fund - tokenpost.com",https://news.google.com/rss/articles/CBMiWEFVX3lxTFBNbmdMQ1EtdzB6a05JV3p5VUIzdzlQYy1FNVVpSUlMdHFNVVlFekdxa3BZZFphSmNPbkdxUmFhT1BxazV4bmd3a2h5eG8zbGNEUXU0YVVRdkQ?oc=5,"Wed, 09 Sep 2026 07:34:20 GMT",2026-09-09 07:34:20+00:00
"Visa Data, Onchain Lending Are Now Bankrolling Stablecoin Card Settlement at a $20 Billion Run Rate - blockhead.co",https://news.google.com/rss/articles/CBMizwFBVV95cUxPNEFPeC1Lbjd4b3pfNVZ3eDktR3BzZ2lXRmY2NmRiT2hlc3N5OUpxXzBoRTM5MXE0T3I3ajVIOUI1bkk3WE5CX1JiMGtzang4V3dIZVJXWE43VkJHVEtuQzNOVTFoSFZPRVNTOGs1bkVTRFExWjE3MWQtZXJnSFF2ZnQwU01rdnpOZm5LU0tod2UxV191bWFod3dBWDdGRml6TTZMZDlZVURWNEM4WjNDTUJhSUFwTldBam5CbzFhLVV5WnZ1SHFnV19mZzg3MG8?oc=5,"Wed, 09 Sep 2026 07:03:12 GMT",2026-09-09 07:03:12+00:00
OSL Group Partners with Waka to Power Stablecoin Settlement for Emerging Market Trade - The Daily Tribune News,https://news.google.com/rss/articles/CBMiogJBVV95cUxOaHdUX01OZFpmdG9DZVg0NTFhQnVWM3ZtT1I0a1I2TlNtNmtwdW5od2h5OE8ybEF4Y1U0X0p4ZmowX0RkY2FzdE5Rak5RWVVVb3NwNFNPUE1JTEdzYm1UV1hBSFFPaVlKTGtWaXBhX0ZGZWxBaDQyOG9oSDQzYWttNHRudlFDeFFsVGtOOFl2WV9xRjdYN1c3RU5PcU5zYlpSLWpDWURHbndCODFvMDNMempuNV95Q1ZBODhtdmhOSTBmckRIZ2laM25hQjRVRXlaLXRTX3lXejFrc2ZiYUdpUkd4OTNhdHJrUkwySEtNZC11Y1hxNzdmYzJweFQ5MExUb0Fmc2NwUy0wREhGSDJQVTJtQjhvMDNzT1VlVUFkd1J1QQ?oc=5,"Wed, 09 Sep 2026 04:27:10 GMT",2026-09-09 04:27:10+00:00
